snapshot,fieldStudyArea,district,lawDong,lawDongCode,category,shops,denominatorShops,sharePct,busanSameSnapshotSharePct,differenceFromBusanPercentagePoints
20240331,부전시장,부산진구,부전동,2623010300,과학·기술,526,6543,8.039125783279841,8.212229138235196,-0.17310335495535512
20240331,부전시장,부산진구,부전동,2623010300,교육,190,6543,2.903866727800703,4.250574177012948,-1.3467074492122446
20240331,부전시장,부산진구,부전동,2623010300,보건의료,273,6543,4.1723979825768,1.3533934693605831,2.8190045132162167
20240331,부전시장,부산진구,부전동,2623010300,부동산,220,6543,3.3623720006113405,3.8937522883866458,-0.5313802877753053
20240331,부전시장,부산진구,부전동,2623010300,소매,2040,6543,31.17835855112334,25.371633991279168,5.80672455984417
20240331,부전시장,부산진구,부전동,2623010300,수리·개인,613,6543,9.368791074430689,12.642545684518856,-3.273754610088167
20240331,부전시장,부산진구,부전동,2623010300,숙박,159,6543,2.430077945896378,1.5258130013647107,0.9042649445316673
20240331,부전시장,부산진구,부전동,2623010300,시설관리·임대,205,6543,3.1331193642060216,3.5176247378757113,-0.38450537366968973
20240331,부전시장,부산진구,부전동,2623010300,예술·스포츠,160,6543,2.4453614549900657,3.8271810405086044,-1.3818195855185387
20240331,부전시장,부산진구,부전동,2623010300,음식,2157,6543,32.966529115084825,35.40525247145758,-2.438723356372755
20240331,못골시장,남구,대연동,2629010600,과학·기술,402,4524,8.885941644562335,8.212229138235196,0.6737125063271385
20240331,못골시장,남구,대연동,2629010600,교육,259,4524,5.725022104332449,4.250574177012948,1.4744479273195017
20240331,못골시장,남구,대연동,2629010600,보건의료,82,4524,1.8125552608311228,1.3533934693605831,0.4591617914705397
20240331,못골시장,남구,대연동,2629010600,부동산,208,4524,4.597701149425287,3.8937522883866458,0.7039488610386413
20240331,못골시장,남구,대연동,2629010600,소매,859,4524,18.98762157382847,25.371633991279168,-6.384012417450698
20240331,못골시장,남구,대연동,2629010600,수리·개인,579,4524,12.79840848806366,12.642545684518856,0.15586280354480486
20240331,못골시장,남구,대연동,2629010600,숙박,46,4524,1.0167992926613616,1.5258130013647107,-0.509013708703349
20240331,못골시장,남구,대연동,2629010600,시설관리·임대,170,4524,3.757736516357206,3.5176247378757113,0.24011177848149456
20240331,못골시장,남구,대연동,2629010600,예술·스포츠,202,4524,4.465075154730327,3.8271810405086044,0.6378941142217225
20240331,못골시장,남구,대연동,2629010600,음식,1717,4524,37.95313881520778,35.40525247145758,2.5478863437502
20240331,광안역 주변,수영구,광안동,2650010400,과학·기술,272,3347,8.126680609501046,8.212229138235196,-0.08554852873415086
20240331,광안역 주변,수영구,광안동,2650010400,교육,125,3347,3.7346877801015834,4.250574177012948,-0.5158863969113643
20240331,광안역 주변,수영구,광안동,2650010400,보건의료,62,3347,1.8524051389303855,1.3533934693605831,0.49901166956980236
20240331,광안역 주변,수영구,광안동,2650010400,부동산,178,3347,5.318195398864655,3.8937522883866458,1.4244431104780095
20240331,광안역 주변,수영구,광안동,2650010400,소매,639,3347,19.091723931879294,25.371633991279168,-6.2799100593998745
20240331,광안역 주변,수영구,광안동,2650010400,수리·개인,455,3347,13.594263519569765,12.642545684518856,0.9517178350509088
20240331,광안역 주변,수영구,광안동,2650010400,숙박,107,3347,3.1968927397669553,1.5258130013647107,1.6710797384022447
20240331,광안역 주변,수영구,광안동,2650010400,시설관리·임대,116,3347,3.4657902599342694,3.5176247378757113,-0.051834477941441914
20240331,광안역 주변,수영구,광안동,2650010400,예술·스포츠,90,3347,2.68897520167314,3.8271810405086044,-1.1382058388354643
20240331,광안역 주변,수영구,광안동,2650010400,음식,1303,3347,38.93038541977891,35.40525247145758,3.5251329483213283
20240331,신평역 주변,사하구,신평동,2638010400,과학·기술,122,1117,10.922112802148613,8.212229138235196,2.7098836639134163
20240331,신평역 주변,사하구,신평동,2638010400,교육,36,1117,3.222918531781558,4.250574177012948,-1.0276556452313899
20240331,신평역 주변,사하구,신평동,2638010400,보건의료,4,1117,0.35810205908683973,1.3533934693605831,-0.9952914102737433
20240331,신평역 주변,사하구,신평동,2638010400,부동산,28,1117,2.5067144136078783,3.8937522883866458,-1.3870378747787675
20240331,신평역 주변,사하구,신평동,2638010400,소매,250,1117,22.381378692927484,25.371633991279168,-2.990255298351684
20240331,신평역 주변,사하구,신평동,2638010400,수리·개인,183,1117,16.38316920322292,12.642545684518856,3.740623518704064
20240331,신평역 주변,사하구,신평동,2638010400,숙박,3,1117,0.26857654431512984,1.5258130013647107,-1.2572364570495809
20240331,신평역 주변,사하구,신평동,2638010400,시설관리·임대,28,1117,2.5067144136078783,3.5176247378757113,-1.010910324267833
20240331,신평역 주변,사하구,신평동,2638010400,예술·스포츠,63,1117,5.640107430617726,3.8271810405086044,1.8129263901091215
20240331,신평역 주변,사하구,신평동,2638010400,음식,400,1117,35.810205908683976,35.40525247145758,0.4049534372263963
20240630,부전시장,부산진구,부전동,2623010300,과학·기술,522,6403,8.152428549117602,8.309298452289068,-0.15686990317146687
20240630,부전시장,부산진구,부전동,2623010300,교육,184,6403,2.87365297516789,4.255189503188853,-1.381536528020963
20240630,부전시장,부산진구,부전동,2623010300,보건의료,271,6403,4.23239106668749,1.3662645055584894,2.8661265611290005
20240630,부전시장,부산진구,부전동,2623010300,부동산,211,6403,3.2953303139153522,3.8821410678257573,-0.586810753910405
20240630,부전시장,부산진구,부전동,2623010300,소매,1987,6403,31.03232859597064,25.29552748100906,5.73680111496158
20240630,부전시장,부산진구,부전동,2623010300,수리·개인,590,6403,9.21443073559269,12.79468118238074,-3.5802504467880496
20240630,부전시장,부산진구,부전동,2623010300,숙박,158,6403,2.4675933156332968,1.549065009275433,0.9185283063578638
20240630,부전시장,부산진구,부전동,2623010300,시설관리·임대,202,6403,3.1547712009995315,3.551069044427293,-0.39629784342776153
20240630,부전시장,부산진구,부전동,2623010300,예술·스포츠,156,6403,2.436357957207559,3.817145333170844,-1.3807873759632847
20240630,부전시장,부산진구,부전동,2623010300,음식,2122,6403,33.14071528970795,35.17961842087446,-2.0389031311665136
20240630,못골시장,남구,대연동,2629010600,과학·기술,402,4447,9.039802113784575,8.309298452289068,0.730503661495506
20240630,못골시장,남구,대연동,2629010600,교육,255,4447,5.734202833370812,4.255189503188853,1.4790133301819592
20240630,못골시장,남구,대연동,2629010600,보건의료,80,4447,1.7989655947829997,1.3662645055584894,0.4327010892245102
20240630,못골시장,남구,대연동,2629010600,부동산,201,4447,4.519901056892287,3.8821410678257573,0.63775998906653
20240630,못골시장,남구,대연동,2629010600,소매,851,4447,19.13649651450416,25.29552748100906,-6.159030966504901
20240630,못골시장,남구,대연동,2629010600,수리·개인,573,4447,12.885091072633235,12.79468118238074,0.09040989025249502
20240630,못골시장,남구,대연동,2629010600,숙박,46,4447,1.034405217000225,1.549065009275433,-0.5146597922752081
20240630,못골시장,남구,대연동,2629010600,시설관리·임대,175,4447,3.935237238587812,3.551069044427293,0.38416819416051906
20240630,못골시장,남구,대연동,2629010600,예술·스포츠,198,4447,4.452439847087924,3.817145333170844,0.6352945139170805
20240630,못골시장,남구,대연동,2629010600,음식,1666,4447,37.463458511355974,35.17961842087446,2.2838400904815117
20240630,광안역 주변,수영구,광안동,2650010400,과학·기술,265,3314,7.996378998189499,8.309298452289068,-0.31291945409956945
20240630,광안역 주변,수영구,광안동,2650010400,교육,126,3314,3.8020519010259504,4.255189503188853,-0.45313760216290255
20240630,광안역 주변,수영구,광안동,2650010400,보건의료,61,3314,1.8406759203379601,1.3662645055584894,0.4744114147794707
20240630,광안역 주변,수영구,광안동,2650010400,부동산,173,3314,5.220277610138805,3.8821410678257573,1.3381365423130474
20240630,광안역 주변,수영구,광안동,2650010400,소매,626,3314,18.88955944477972,25.29552748100906,-6.405968036229339
20240630,광안역 주변,수영구,광안동,2650010400,수리·개인,464,3314,14.0012070006035,12.79468118238074,1.2065258182227598
20240630,광안역 주변,수영구,광안동,2650010400,숙박,111,3314,3.3494266747133374,1.549065009275433,1.8003616654379044
20240630,광안역 주변,수영구,광안동,2650010400,시설관리·임대,118,3314,3.56065178032589,3.551069044427293,0.00958273589859715
20240630,광안역 주변,수영구,광안동,2650010400,예술·스포츠,94,3314,2.836451418225709,3.817145333170844,-0.9806939149451348
20240630,광안역 주변,수영구,광안동,2650010400,음식,1276,3314,38.503319251659626,35.17961842087446,3.323700830785164
20240630,신평역 주변,사하구,신평동,2638010400,과학·기술,133,1114,11.938958707360861,8.309298452289068,3.6296602550717925
20240630,신평역 주변,사하구,신평동,2638010400,교육,36,1114,3.2315978456014363,4.255189503188853,-1.0235916575874167
20240630,신평역 주변,사하구,신평동,2638010400,보건의료,4,1114,0.3590664272890485,1.3662645055584894,-1.007198078269441
20240630,신평역 주변,사하구,신평동,2638010400,부동산,28,1114,2.5134649910233393,3.8821410678257573,-1.368676076802418
20240630,신평역 주변,사하구,신평동,2638010400,소매,246,1114,22.082585278276483,25.29552748100906,-3.2129422027325774
20240630,신평역 주변,사하구,신평동,2638010400,수리·개인,184,1114,16.51705565529623,12.79468118238074,3.7223744729154884
20240630,신평역 주변,사하구,신평동,2638010400,숙박,3,1114,0.26929982046678635,1.549065009275433,-1.2797651888086468
20240630,신평역 주변,사하구,신평동,2638010400,시설관리·임대,29,1114,2.6032315978456015,3.551069044427293,-0.9478374465816914
20240630,신평역 주변,사하구,신평동,2638010400,예술·스포츠,62,1114,5.565529622980251,3.817145333170844,1.7483842898094073
20240630,신평역 주변,사하구,신평동,2638010400,음식,389,1114,34.91921005385996,35.17961842087446,-0.26040836701449877
20240930,부전시장,부산진구,부전동,2623010300,과학·기술,512,6216,8.236808236808237,8.41251979661582,-0.17571155980758313
20240930,부전시장,부산진구,부전동,2623010300,교육,180,6216,2.8957528957528957,4.278152871551221,-1.3823999757983252
20240930,부전시장,부산진구,부전동,2623010300,보건의료,266,6216,4.2792792792792795,1.3906254341363118,2.8886538451429677
20240930,부전시장,부산진구,부전동,2623010300,부동산,199,6216,3.2014157014157014,3.888472118029507,-0.6870564166138058
20240930,부전시장,부산진구,부전동,2623010300,소매,1949,6216,31.354568854568853,25.352171376177377,6.002397478391476
20240930,부전시장,부산진구,부전동,2623010300,수리·개인,577,6216,9.282496782496782,12.929621294212442,-3.64712451171566
20240930,부전시장,부산진구,부전동,2623010300,숙박,152,6216,2.4453024453024454,1.562196104581701,0.8831063407207445
20240930,부전시장,부산진구,부전동,2623010300,시설관리·임대,201,6216,3.2335907335907335,3.600900225056264,-0.3673094914655306
20240930,부전시장,부산진구,부전동,2623010300,예술·스포츠,150,6216,2.413127413127413,3.794004056569698,-1.380876643442285
20240930,부전시장,부산진구,부전동,2623010300,음식,2030,6216,32.65765765765766,34.791336723069655,-2.1336790654119966
20240930,못골시장,남구,대연동,2629010600,과학·기술,398,4314,9.225776541492815,8.41251979661582,0.8132567448769947
20240930,못골시장,남구,대연동,2629010600,교육,250,4314,5.795085767269356,4.278152871551221,1.516932895718135
20240930,못골시장,남구,대연동,2629010600,보건의료,79,4314,1.8312471024571164,1.3906254341363118,0.4406216683208046
20240930,못골시장,남구,대연동,2629010600,부동산,198,4314,4.589707927677329,3.888472118029507,0.7012358096478222
20240930,못골시장,남구,대연동,2629010600,소매,828,4314,19.193324061196105,25.352171376177377,-6.158847314981273
20240930,못골시장,남구,대연동,2629010600,수리·개인,556,4314,12.888270746407047,12.929621294212442,-0.041350547805395266
20240930,못골시장,남구,대연동,2629010600,숙박,46,4314,1.0662957811775615,1.562196104581701,-0.4959003234041395
20240930,못골시장,남구,대연동,2629010600,시설관리·임대,173,4314,4.010199350950394,3.600900225056264,0.4092991258941301
20240930,못골시장,남구,대연동,2629010600,예술·스포츠,192,4314,4.450625869262865,3.794004056569698,0.6566218126931669
20240930,못골시장,남구,대연동,2629010600,음식,1594,4314,36.94946685210941,34.791336723069655,2.1581301290397548
20240930,광안역 주변,수영구,광안동,2650010400,과학·기술,260,3203,8.117389946924758,8.41251979661582,-0.2951298496910617
20240930,광안역 주변,수영구,광안동,2650010400,교육,121,3203,3.777708398376522,4.278152871551221,-0.5004444731746989
20240930,광안역 주변,수영구,광안동,2650010400,보건의료,60,3203,1.8732438339057134,1.3906254341363118,0.4826183997694016
20240930,광안역 주변,수영구,광안동,2650010400,부동산,165,3203,5.151420543240712,3.888472118029507,1.2629484252112047
20240930,광안역 주변,수영구,광안동,2650010400,소매,613,3203,19.13830783640337,25.352171376177377,-6.213863539774007
20240930,광안역 주변,수영구,광안동,2650010400,수리·개인,458,3203,14.299094598813612,12.929621294212442,1.3694733046011702
20240930,광안역 주변,수영구,광안동,2650010400,숙박,108,3203,3.371838901030284,1.562196104581701,1.809642796448583
20240930,광안역 주변,수영구,광안동,2650010400,시설관리·임대,116,3203,3.621604745551046,3.600900225056264,0.020704520494781775
20240930,광안역 주변,수영구,광안동,2650010400,예술·스포츠,87,3203,2.7162035591632843,3.794004056569698,-1.0778004974064137
20240930,광안역 주변,수영구,광안동,2650010400,음식,1215,3203,37.933187636590695,34.791336723069655,3.14185091352104
20240930,신평역 주변,사하구,신평동,2638010400,과학·기술,130,1081,12.025901942645698,8.41251979661582,3.6133821460298776
20240930,신평역 주변,사하구,신평동,2638010400,교육,35,1081,3.2377428307123033,4.278152871551221,-1.0404100408389176
20240930,신평역 주변,사하구,신평동,2638010400,보건의료,4,1081,0.3700277520814061,1.3906254341363118,-1.0205976820549056
20240930,신평역 주변,사하구,신평동,2638010400,부동산,26,1081,2.4051803885291396,3.888472118029507,-1.4832917295003676
20240930,신평역 주변,사하구,신평동,2638010400,소매,239,1081,22.109158186864015,25.352171376177377,-3.2430131893133627
20240930,신평역 주변,사하구,신평동,2638010400,수리·개인,180,1081,16.651248843663275,12.929621294212442,3.721627549450833
20240930,신평역 주변,사하구,신평동,2638010400,숙박,3,1081,0.27752081406105455,1.562196104581701,-1.2846752905206464
20240930,신평역 주변,사하구,신평동,2638010400,시설관리·임대,29,1081,2.682701202590194,3.600900225056264,-0.9181990224660699
20240930,신평역 주변,사하구,신평동,2638010400,예술·스포츠,61,1081,5.642923219241443,3.794004056569698,1.8489191626717454
20240930,신평역 주변,사하구,신평동,2638010400,음식,374,1081,34.59759481961147,34.791336723069655,-0.1937419034581822
20241231,부전시장,부산진구,부전동,2623010300,과학·기술,574,7064,8.125707814269536,8.207383548067394,-0.08167573379785864
20241231,부전시장,부산진구,부전동,2623010300,교육,224,7064,3.1710079275198186,4.79187314172448,-1.6208652142046613
20241231,부전시장,부산진구,부전동,2623010300,보건의료,305,7064,4.31766704416761,1.4271555996035679,2.8905114445640425
20241231,부전시장,부산진구,부전동,2623010300,부동산,215,7064,3.0436013590033975,3.7450445986124876,-0.7014432396090902
20241231,부전시장,부산진구,부전동,2623010300,소매,2162,7064,30.605889014722536,25.074950445986126,5.53093856873641
20241231,부전시장,부산진구,부전동,2623010300,수리·개인,686,7064,9.711211778029446,12.926164519326065,-3.214952741296619
20241231,부전시장,부산진구,부전동,2623010300,숙박,179,7064,2.5339750849377123,1.6389990089197224,0.8949760760179899
20241231,부전시장,부산진구,부전동,2623010300,시설관리·임대,229,7064,3.241789354473386,3.5790386521308224,-0.3372492976574364
20241231,부전시장,부산진구,부전동,2623010300,예술·스포츠,173,7064,2.4490373725934313,3.8150396432111,-1.3660022706176687
20241231,부전시장,부산진구,부전동,2623010300,음식,2317,7064,32.800113250283125,34.79435084241823,-1.9942375921351072
20241231,못골시장,남구,대연동,2629010600,과학·기술,446,4826,9.241607956900124,8.207383548067394,1.0342244088327295
20241231,못골시장,남구,대연동,2629010600,교육,303,4826,6.27849150435143,4.79187314172448,1.4866183626269498
20241231,못골시장,남구,대연동,2629010600,보건의료,101,4826,2.0928305014504764,1.4271555996035679,0.6656749018469086
20241231,못골시장,남구,대연동,2629010600,부동산,206,4826,4.268545379196022,3.7450445986124876,0.5235007805835341
20241231,못골시장,남구,대연동,2629010600,소매,886,4826,18.358889349357646,25.074950445986126,-6.716061096628479
20241231,못골시장,남구,대연동,2629010600,수리·개인,630,4826,13.054289266473269,12.926164519326065,0.12812474714720423
20241231,못골시장,남구,대연동,2629010600,숙박,47,4826,0.9738914214670534,1.6389990089197224,-0.665107587452669
20241231,못골시장,남구,대연동,2629010600,시설관리·임대,189,4826,3.916286779941981,3.5790386521308224,0.33724812781115876
20241231,못골시장,남구,대연동,2629010600,예술·스포츠,221,4826,4.579361790302528,3.8150396432111,0.7643221470914279
20241231,못골시장,남구,대연동,2629010600,음식,1797,4826,37.23580605055947,34.79435084241823,2.4414552081412353
20241231,광안역 주변,수영구,광안동,2650010400,과학·기술,287,3714,7.727517501346258,8.207383548067394,-0.47986604672113664
20241231,광안역 주변,수영구,광안동,2650010400,교육,148,3714,3.984921917070544,4.79187314172448,-0.8069512246539361
20241231,광안역 주변,수영구,광안동,2650010400,보건의료,71,3714,1.9116855142703284,1.4271555996035679,0.48452991466676054
20241231,광안역 주변,수영구,광안동,2650010400,부동산,179,3714,4.819601507808293,3.7450445986124876,1.0745569091958052
20241231,광안역 주변,수영구,광안동,2650010400,소매,706,3714,19.009154550350026,25.074950445986126,-6.0657958956361
20241231,광안역 주변,수영구,광안동,2650010400,수리·개인,525,3714,14.135702746365105,12.926164519326065,1.2095382270390402
20241231,광안역 주변,수영구,광안동,2650010400,숙박,179,3714,4.819601507808293,1.6389990089197224,3.1806024988885704
20241231,광안역 주변,수영구,광안동,2650010400,시설관리·임대,120,3714,3.231017770597738,3.5790386521308224,-0.3480208815330843
20241231,광안역 주변,수영구,광안동,2650010400,예술·스포츠,105,3714,2.827140549273021,3.8150396432111,-0.9878990939380792
20241231,광안역 주변,수영구,광안동,2650010400,음식,1394,3714,37.533656435110395,34.79435084241823,2.739305592692162
20241231,신평역 주변,사하구,신평동,2638010400,과학·기술,140,1188,11.784511784511784,8.207383548067394,3.5771282364443895
20241231,신평역 주변,사하구,신평동,2638010400,교육,45,1188,3.787878787878788,4.79187314172448,-1.003994353845692
20241231,신평역 주변,사하구,신평동,2638010400,보건의료,5,1188,0.4208754208754209,1.4271555996035679,-1.006280178728147
20241231,신평역 주변,사하구,신평동,2638010400,부동산,28,1188,2.356902356902357,3.7450445986124876,-1.3881422417101308
20241231,신평역 주변,사하구,신평동,2638010400,소매,267,1188,22.474747474747474,25.074950445986126,-2.6002029712386516
20241231,신평역 주변,사하구,신평동,2638010400,수리·개인,190,1188,15.993265993265993,12.926164519326065,3.0671014739399283
20241231,신평역 주변,사하구,신평동,2638010400,숙박,2,1188,0.16835016835016836,1.6389990089197224,-1.4706488405695541
20241231,신평역 주변,사하구,신평동,2638010400,시설관리·임대,32,1188,2.6936026936026938,3.5790386521308224,-0.8854359585281286
20241231,신평역 주변,사하구,신평동,2638010400,예술·스포츠,63,1188,5.303030303030303,3.8150396432111,1.4879906598192028
20241231,신평역 주변,사하구,신평동,2638010400,음식,416,1188,35.01683501683502,34.79435084241823,0.2224841744167847
