filename,bytes,sha256,original_path
부산소방재난본부_119신고접수 현황_2024_부산.csv,195412779,6cf768f0b730f590ab6beaaeac966fb93b6c3637b39282af87fc22674087c1a2,data/raw/119접수/부산소방재난본부_119신고접수 현황_2024_부산/부산소방재난본부_119신고접수 현황_2024_부산.csv
신고접수_2020.csv,180453836,12eab2be3006c6e52411ee7a88e3833a91cd5808b810e8f477781dd2620bdd81,data/raw/119접수/신고접수_2020/신고접수_2020.csv
신고접수_2021.csv,206423680,ea0cc4e15a3ddcb70aae03779f485b6d4a544fbadc3815d04887e78745dc2e53,data/raw/119접수/신고접수_2021/신고접수_2021.csv
신고접수_2022.csv,224348039,15b0407ba23c3a6209ae7d25c14bd484ff888202d66196e06930091b90717102,data/raw/119접수/신고접수_2022/신고접수_2022.csv
신고접수_2023.csv,202355328,804de419a9aa4cb93cf9c529e40f754574b002f06452c105d468bfefa8943a59,data/raw/119접수/신고접수_2023/신고접수_2023.csv
부산소방재난본부_119신고접수_현황_컬럼_정보_데이터.xlsx,6434,1a6a73a58959087e402b0c6ae2799701291a968f926fc9d9e7d286e578033876,data/부산소방재난본부_119신고접수_현황_컬럼_정보_데이터.xlsx
chs2023-부산진구.xlsx,1161672,a5f3dec1dbb14da5c4f7ddb43f050379311dffa367e85b828e1b62e8d2e1bcb8,data/processed/신고보건심화-20260917/sources/chs2023-부산진구.xlsx
chs2023-북구.xlsx,517940,d2148b1d75ab3209c18337d4c3ad469a99ff755cbacb1a2bd6af89bb846e8d66,data/processed/신고보건심화-20260917/sources/chs2023-북구.xlsx
chs2023-사하구.xlsx,519683,f364021ffc094252b93cfea8243e7a9ab72133c3d10c32e631a89e5c3e092cb0,data/processed/신고보건심화-20260917/sources/chs2023-사하구.xlsx
chs2024-북구.xlsx,1354172,19090e34ea3a7ff2397807719f112a0ecb5ca6b5444cacffc1f02c2c991f05c7,data/processed/신고보건심화-20260917/sources/chs2024-북구.xlsx
chs2024-사하구.xlsx,1352584,d61bbf43dce4e12869319bb497b80e55517555179687c9011f9e16625ffc869c,data/processed/신고보건심화-20260917/sources/chs2024-사하구.xlsx
chs-부산진구-tables.xlsx,1433095,9688929c67b06c4a2bba190a4744f86af0a44eabfd6b04335646f973f58463a2,data/processed/효과근거확장-20260916/context/chs-부산진구-tables.xlsx
chs-수영구-tables.xlsx,1434074,e340f5ccc5b4282c5ee6e69b3d9296a05c5468c400a5dd0b0922dabccc17b759,data/processed/효과근거확장-20260916/context/chs-수영구-tables.xlsx
chs-연제구-tables.xlsx,1433012,703eff50e445c278931df36694e3962afa7455b9aaf09363a4b1e0201ebab9f5,data/processed/효과근거확장-20260916/context/chs-연제구-tables.xlsx
manufacturing_factory_20260630.csv,2824634,60e86698a2ea5616b13a3fb1224bfbcd80f2a87527d1d5bc007f268984cfef3b,data/processed/신고주민연결심화-20260917/factory/manufacturing_factory_20260630.csv
20200331_소상공인시장진흥공단_상가(상권)정보_부산_202003.csv,78456588,6a187b864361875a0e876640f18521237f264af2281efc4fc648bb1832bb7cfa,data/raw/상권과거/20200331_소상공인시장진흥공단_상가(상권)정보_부산_202003.csv
20200630_소상공인시장진흥공단_상가(상권)정보_부산_202006.csv,79378957,c592931a18d23be5dfdb2232fc7cf475660ecca3931b676514d74f1f54ad750d,data/raw/상권과거/20200630_소상공인시장진흥공단_상가(상권)정보_부산_202006.csv
20200930_소상공인시장진흥공단_상가(상권)정보_부산_202009.csv,80526850,0d25f4009a4c7223102df0001f870c0cfbb8f4b55c5c20e800e2ab57a08b38a5,data/raw/상권과거/20200930_소상공인시장진흥공단_상가(상권)정보_부산_202009.csv
20201231_소상공인시장진흥공단_상가(상권)정보_부산_202012.csv,81051701,5efcde9cf7d6014b12df583685d3f22b5495422a920b1868a66c4ba260b87549,data/raw/상권과거/20201231_소상공인시장진흥공단_상가(상권)정보_부산_202012.csv
20210331_소상공인시장진흥공단_상가(상권)정보_부산_202103.csv,82556043,1b69bdc1bf756c66266b7343ad22bfa586aed6c2ed4c7a738969077db8711983,data/raw/상권과거/20210331_소상공인시장진흥공단_상가(상권)정보_부산_202103.csv
20210630_소상공인시장진흥공단_상가(상권)정보_부산_202106.csv,83407797,d5619772c43bce28a435fd87d1c509a3d6d3a3c2e63abfd4281699f9a4311873,data/raw/상권과거/20210630_소상공인시장진흥공단_상가(상권)정보_부산_202106.csv
20210930_소상공인시장진흥공단_상가(상권)정보_부산_202109.csv,84616566,1d7f5cfaf7958d5cf7bc019ba4e3bfa211afe93f1d1e0565da012d53748f28a2,data/raw/상권과거/20210930_소상공인시장진흥공단_상가(상권)정보_부산_202109.csv
20211231_소상공인시장진흥공단_상가(상권)정보_부산_202112.csv,84955524,ac21472a9032b562b5184d8c29f8e91c8a4841f9aaad3cff5ce27fb8bc9b5c26,data/raw/상권과거/20211231_소상공인시장진흥공단_상가(상권)정보_부산_202112.csv
20220331_소상공인시장진흥공단_상가(상권)정보_부산_202203.csv,86254010,1cc81b8dc645630418bcf02eee17df91e7276b4f9fb6698f741cb99e42c1c298,data/raw/상권과거/20220331_소상공인시장진흥공단_상가(상권)정보_부산_202203.csv
20220630_소상공인시장진흥공단_상가(상권)정보_부산_202206.csv,87036010,ce4734601eb43d4f0bdfcc520c6016e43cc54b518f06013d35f8d50c5491364a,data/raw/상권과거/20220630_소상공인시장진흥공단_상가(상권)정보_부산_202206.csv
20220930_소상공인시장진흥공단_상가(상권)정보_부산_202209.csv,87678811,bf69d4fe0ede9be756ba61807061cebd8fb56d8000f3817331d6e3c51c612fd1,data/raw/상권과거/20220930_소상공인시장진흥공단_상가(상권)정보_부산_202209.csv
20221231_소상공인시장진흥공단_상가(상권)정보_부산_202212.csv,87307655,4c587facdcb20531129cb02a6a8130133d23637df4c466070fd90452b9349973,data/raw/상권과거/20221231_소상공인시장진흥공단_상가(상권)정보_부산_202212.csv
20230331_소상공인시장진흥공단_상가(상권)정보_부산_202303.csv,81281074,47c6ab0267555f1d4057b26e41047a84bae04f45122e548f86a63a067a06b8c8,data/raw/상권과거/20230331_소상공인시장진흥공단_상가(상권)정보_부산_202303.csv
20230630_소상공인시장진흥공단_상가(상권)정보_부산_202306.csv,83402958,c6f1b21e92f9ebfa2b62f76d03dfec73adec9597a35e669d54b2af5dcabeab05,data/raw/상권과거/20230630_소상공인시장진흥공단_상가(상권)정보_부산_202306.csv
20230930_소상공인시장진흥공단_상가(상권)정보_부산_202309.csv,82107187,ff88e274cbc2dea4bea34198612820041b75edf0a549f7ac5302678a3b00449f,data/raw/상권과거/20230930_소상공인시장진흥공단_상가(상권)정보_부산_202309.csv
20231231_소상공인시장진흥공단_상가(상권)정보_부산_202312.csv,82773740,c1d0c0142d780d2ed4ddd5c2f5542780c3cb7b1c6db56fb0aa7f06ce17331750,data/raw/상권과거/20231231_소상공인시장진흥공단_상가(상권)정보_부산_202312.csv
20240331_소상공인시장진흥공단_상가(상권)정보_부산_202403.csv,81631643,1b37495e8c6365339dcb708a23cf17ac1a27ef2fdc2e301fcdb29370298fe22e,data/raw/상권과거/20240331_소상공인시장진흥공단_상가(상권)정보_부산_202403.csv
20240630_소상공인시장진흥공단_상가(상권)정보_부산_202406.csv,80273363,5b873b4e349499c8883f43c3294fb9ccdfa45fba7c2ab018180ac469e877c237,data/raw/상권과거/20240630_소상공인시장진흥공단_상가(상권)정보_부산_202406.csv
20240930_소상공인시장진흥공단_상가(상권)정보_부산_202409.csv,78253942,4afb58ad7132237133946ce148eb5c901a8bddfe530d95c923f36b9303acd7f8,data/raw/상권과거/20240930_소상공인시장진흥공단_상가(상권)정보_부산_202409.csv
20241231_소상공인시장진흥공단_상가(상권)정보_부산_202412.csv,87708223,efe262611f1e1aa114026923d337bfd8e6c8c5e4230704b15393f7f36dc1ea66,data/raw/상권과거/20241231_소상공인시장진흥공단_상가(상권)정보_부산_202412.csv
부산_PD_LP00002_연령생활인구_공식전체.xlsx,1543852,9975536274f015c68356c7463e7942f89edd8982746066d3332bbb9dfcbab3fd,data/raw/공간인구보완/부산_PD_LP00002_연령생활인구_공식전체.xlsx
부산_PD_LP00003_시간생활인구_공식전체.xlsx,6243714,c6c26134f53fe5171e4b2e872c52c8953573d23993caf3a8f272f5dac3403689,data/raw/공간인구보완/부산_PD_LP00003_시간생활인구_공식전체.xlsx
소방서 및 119안전센터 위치 현황.csv,9967,3ff4f7797d35ca5d9be964b0b9e2fed068a51749199c0943ddc763211b6840fc,data/소방서 및 119안전센터 위치 현황.csv
소방서 및 119안전센터 출동가능 인원 현황 (1).csv,6432,6b7d69faeff25bdb74782457580080cccadecfc300d69193afa65617c8b8edc5,data/소방서 및 119안전센터 출동가능 인원 현황 (1).csv
소방서 및 119안전센터 출동가능 차량수.csv,10427,517fffc7caba1a2a3400a7bbf0cac80cf83f2a45e4d9447f06a76cf0553bad36,data/소방서 및 119안전센터 출동가능 차량수.csv
MOIS_202012_연령별인구_부산전체읍면동.csv,390563,a40ec7b1c90fccf1341e59a4d10eaf020445149a83e97f55951fd7ec9f601056,data/raw/인구배경/MOIS_202012_연령별인구_부산전체읍면동.csv
MOIS_202112_연령별인구_부산전체읍면동.csv,390069,318c8be5bfb9a35c1c9155cb893ea2aa00afef57bda2651170fad0e8c620fb2a,data/raw/인구배경/MOIS_202112_연령별인구_부산전체읍면동.csv
MOIS_202212_연령별인구_부산전체읍면동.csv,389817,fb56524e72ef4db9b9f4d0a28180ec89cd7a25a657f8a2d7d73424190f4168f7,data/raw/인구배경/MOIS_202212_연령별인구_부산전체읍면동.csv
MOIS_202312_연령별인구_부산전체읍면동.csv,389686,11454111fa9b9ee443afe808b78e37fc5351421ddfe06a1cf08a9c3c6f9ce171,data/raw/인구배경/MOIS_202312_연령별인구_부산전체읍면동.csv
MOIS_202412_연령별인구_부산전체읍면동.csv,389470,2ae65f67dd536b787c1c13c3f1a4370a480ac7a1b0713588f3d0faa6f393ab37,data/raw/인구배경/MOIS_202412_연령별인구_부산전체읍면동.csv
