연번,소방관서 구분,관서명,도로명 주소,X좌표,Y좌표,출동가능 인원수,소방차량 유형,차량 대수(대),지역
1,,부산소방재난본부,부산 연제구 고분로 216(연산동),129.10612465927548,35.18354484463707,0,"장비운반차, 지휘차, 이동정비차",15,연제구
2,,119안전체험관,부산 동래구 우장춘로  117(온천동  330) ,129.0742373705551,35.217899793669666,0,해당없음,0,동래구
3,,119특수대응단,부산 해운대구 해운대로 913,129.18613079501733,35.17736323415672,0,"화생방 분석차, 화생방 장비운반차, 지휘차, 구조공작차, 구조버스, 구조견차, 회복지원차, 트레일러, 유조차, 장비운반차",34,해운대구
4,,부산소방학교,부산광역시 북구 효열로 256 (금곡동),129.02278259208143,35.26760516078413,0,"펌프차, 구급차, 트레일러, 장비운반차",8,북구
5,소방서,중부소방서,부산 중구 중앙대로 110,129.0367199100186,35.10710525683853,0,"장비운반차, 지휘차, 화재조사차",6,중구
6,119안전센터,중앙119안전센터,부산 중구 중앙대로 110,129.0367199100186,35.10710525683853,54,"펌프차, 물탱크차, 화학차, 사다리차, 굴절차, 구급차, 배연차, 배수지원차",10,중구
7,119안전센터,부민119안전센터,부산 서구 임시수도기념로 21-4,129.01858847013494,35.103222394801634,42,"펌프차, 물탱크차, 구급차",4,서구
8,119안전센터,충무119안전센터,부산 서구 충무대로 186,129.0247722926633,35.087104928147085,32,"펌프차, 물탱크차, 구급차",3,서구
9,119안전센터,창선119안전센터,부산 중구 대청로 68-1,129.02733637348084,35.102841995670126,24,"펌프차, 구급차",2,중구
10,119안전센터,초량119안전센터,부산 동구 중앙대로260번길 7,129.04320198302315,35.11978977729997,27,"펌프차, 구급차",3,동구
11,구조대,구조대,부산 중구 중앙대로 110,129.0367199100186,35.10710525683853,25,"구조공작차, 구조버스, 생활안전차, 트레일러",5,중구
12,소방서,부산진소방서,부산 부산진구 서전로 43,129.06463013547474,35.15806781518463,0,"장비운반차, 지휘차, 화재조사차",6,부산진구
13,119안전센터,부전119안전센터,부산 부산진구 서전로 43,129.06463013547474,35.15806781518463,55,"펌프차, 물탱크차, 굴절차, 구급차, 트레일러",7,부산진구
14,119안전센터,범일119안전센터,부산 동구 범일로 115,129.05903496911722,35.14043237050729,42,"펌프차, 물탱크차, 사다리차, 구급차, 배연차",6,동구
15,119안전센터,수정119안전센터,부산 동구 중앙대로 383-1,129.0492148737673,35.129612772216646,30,"펌프차, 물탱크차, 구급차",3,동구
16,119안전센터,가야119안전센터,부산 부산진구 가야대로 627,129.04038975651457,35.155745807055624,30,"펌프차, 물탱크차, 구급차",3,부산진구
17,119안전센터,부암119안전센터,부산 부산진구 신천대로 282,129.0507234295942,35.166902088179,40,"펌프차, 물탱크차, 구급차",4,부산진구
18,119안전센터,당감119안전센터,부산 부산진구 백양산로53번길 65,129.02852412309664,35.171683322685,30,"펌프차, 물탱크차, 화학차, 구급차, 배수지원차",5,부산진구
19,119안전센터,안창119안전센터,부산 동구 안창로 62,129.04175430855312,35.146027115501525,25,"펌프차, 구급차",4,동구
20,구조대,구조대,부산 동구 범일로 115,129.05903496911722,35.14043237050729,24,"구조공작차, 구조버스, 생활안전차, 트레일러",4,동구
21,소방서,동래소방서,부산 연제구 고분로 216,129.10612465927548,35.18354484463707,0,"장비운반차, 지휘차, 화재조사차",6,연제구
22,119안전센터,연산119안전센터,부산 연제구 고분로 216,129.10612465927548,35.18354484463707,58,"펌프차, 물탱크차, 화학차, 사다리차, 소형사다리차, 구급차, 배수지원차, 트레일러",12,연제구
23,119안전센터,수안119안전센터,부산 동래구 명륜로45번길 7,129.08380743824864,35.198147184336904,47,"펌프차, 물탱크차, 굴절차, 구급차, 배연차",6,동래구
24,119안전센터,온천119안전센터,부산 동래구 우장춘로 196,129.0775932358038,35.2232656753762,30,"펌프차, 물탱크차, 구급차",3,동래구
25,119안전센터,양정119안전센터,부산 부산진구 연수로 50,129.07668873040873,35.17478045221965,38,"펌프차, 구급차",4,부산진구
26,119안전센터,사직119안전센터,부산 동래구 체육공원로 74,129.05923583192362,35.19466137950707,32,"펌프차, 물탱크차, 구급차",3,동래구
27,구조대,구조대,부산 동래구 명륜로45번길 7,129.08380743824864,35.198147184336904,24,"구조공작차, 구조버스, 생활안전차, 트레일러",4,동래구
28,소방서,북부소방서,부산 북구 금곡대로 680,129.01762204896536,35.267354455216555,0,"장비운반차, 지휘차, 화재조사차",6,북구
29,119안전센터,금곡119안전센터,부산 북구 금곡대로 680,129.01762204896536,35.267354455216555,47,"펌프차, 산불진화차, 물탱크차, 화학차, 사다리차, 굴절차, 구급차, 배수지원차",8,북구
30,119안전센터,구포119안전센터,부산 북구 만덕대로 31,129.00835763848977,35.21113816289279,39,"펌프차, 물탱크차, 구급차",4,북구
31,119안전센터,화명119안전센터,부산 북구 금곡대로 184,129.01030025305653,35.22526915297447,33,"펌프차, 물탱크차, 구급차, 배연차",4,북구
32,119안전센터,만덕119안전센터,부산 북구 함박봉로 142,129.0331870410847,35.20480351077376,31,"펌프차, 물탱크차, 구급차",6,북구
33,구조대,구조대,부산 북구 금곡대로 680,129.01762204896536,35.267354455216555,24,"구조공작차, 구조버스, 생활안전차",3,북구
34,소방서,사상소방서,부산 사상구 사상로 363 에이로빌딩 2-3층,128.9844299262325,35.177289876524824,0,"장비운반차, 지휘차, 화재조사차",6,사상구
35,119안전센터,삼락119안전센터,부산 사상구 낙동대로 1422,128.97806910434747,35.18684365607801,61,"펌프차, 물탱크차, 화학차, 사다리차, 굴절차, 구급차, 배연차, 배수지원차",10,사상구
36,119안전센터,감전119안전센터,부산 사상구 가야대로 41,128.97738115900296,35.15186028758929,30,"펌프차, 물탱크차, 구급차",3,사상구
37,119안전센터,주례119안전센터,부산 사상구 양지로 22,129.00413829455934,35.1538842275362,30,"펌프차, 물탱크차, 구급차",3,사상구
38,119안전센터,모라119안전센터,부산 사상구 백양대로 950,128.992256890179,35.19096131470302,29,"펌프차, 물탱크차, 구급차",3,사상구
39,119안전센터,학장119안전센터,부산 사상구 학감대로 89,128.99045297999672,35.13967256892969,30,"펌프차, 물탱크차, 구급차",3,사상구
40,구조대,구조대,부산 북구 구포동 1067-15,128.9945733896349,35.203501199630644,25,"구조공작차, 구조버스, 생활안전차",5,북구
41,소방서,사하소방서,부산 사하구 장평로 270,128.97390278423708,35.09042990713857,0,"장비운반차, 지휘차, 화재조사차",6,사하구
42,119안전센터,신평119안전센터,부산 사하구 장평로 270,128.97390278423708,35.09042990713857,60,"펌프차, 물탱크차, 화학차, 사다리차, 굴절차, 구급차, 배연차, 배수지원차",11,사하구
43,119안전센터,괴정119안전센터,부산 사하구 낙동대로 262,128.9883813032473,35.09941353797505,32,"펌프차, 물탱크차, 구급차",3,사하구
44,119안전센터,하단119안전센터,부산 사하구 낙동남로 1407,128.96559057083712,35.10651655612142,41,"펌프차, 물탱크차, 구급차",4,사하구
45,119안전센터,다대119안전센터,부산 사하구 다대로 622,128.9703681782398,35.05117069382289,29,"펌프차, 물탱크차, 구급차",4,사하구
46,119안전센터,감천119안전센터,부산 사하구 원양로 405,129.00479386065334,35.086299648330964,32,"펌프차, 물탱크차, 구급차",4,사하구
47,구조대,구조대,부산 사하구 장평로 270,128.97390278423708,35.09042990713857,25,"구조공작차, 구조버스, 생활안전차, 트레일러",4,사하구
48,소방서,해운대소방서,부산 해운대구 해운대해변로 106,129.14369354372798,35.159554202554105,0,"장비운반차, 지휘차, 화재조사차",6,해운대구
49,119안전센터,우동119안전센터,부산 해운대구 해운대해변로 106,129.14369354372798,35.159554202554105,62,"펌프차, 물탱크차, 화학차, 사다리차, 구급차, 배연차, 배수지원차",10,해운대구
50,119안전센터,중동119안전센터,부산 해운대구 달맞이길117번길 72,129.17583977292674,35.16068245740564,31,"펌프차, 물탱크차, 구급차",3,해운대구
51,119안전센터,반여119안전센터,부산 해운대구 선수촌로21번길 64,129.11780079818203,35.19751738611471,33,"펌프차, 물탱크차, 구급차",3,해운대구
52,119안전센터,센텀119안전센터,부산 해운대구 센텀동로 50,129.13079191657087,35.17375742182129,30,"펌프차, 굴절차, 구급차",4,해운대구
53,119안전센터,좌동119안전센터,부산 해운대구 대천로67번길 35,129.16646496290613,35.17364143065298,31,"펌프차, 물탱크차, 구급차",3,해운대구
54,119안전센터,반송119안전센터,부산 해운대구 아랫반송로 10,129.14698696277938,35.2253795833938,31,"펌프차, 물탱크차, 구급차",3,해운대구
55,구조대,구조대,부산 해운대구 센텀동로 50,129.13079191657087,35.17375742182129,25,"구조공작차, 구조버스, 생활안전차, 트레일러",5,해운대구
56,소방서,금정소방서,부산 금정구 중앙대로 1789,129.09278828870893,35.244046699344786,0,"장비운반차, 지휘차, 화재조사차",5,금정구
57,119안전센터,부곡119안전센터,부산 금정구 중앙대로 1789,129.09278828870893,35.244046699344786,63,"펌프차, 산불진화차, 물탱크차, 화학차, 사다리차, 소형사다리차, 구급차, 배연차, 배수지원차",12,금정구
58,119안전센터,서동119안전센터,부산 동래구 반송로 331,129.10329787400286,35.20902532990257,43,"펌프차, 물탱크차, 구급차",5,동래구
59,119안전센터,남산119안전센터,부산 금정구 두실로 46,129.08687371019073,35.26142592682088,27,"펌프차, 물탱크차, 구급차",3,금정구
60,119안전센터,산성119안전센터,부산 금정구 산성로 396,129.05090683080547,35.25105521096383,25,"펌프차, 구조공작차, 구급차, 장비운반차",5,금정구
61,119안전센터,회동119안전센터,부산 금정구 개좌로 286,129.12778525907552,35.23329384811597,32,"펌프차, 물탱크차, 굴절차, 구급차",4,금정구
62,구조대,구조대,부산 금정구 중앙대로 1789,129.09278828870893,35.244046699344786,24,"구조공작차, 구조버스, 생활안전차, 트레일러",5,금정구
63,소방서,남부소방서,부산 수영구 광일로 64,129.10704112830743,35.163156569354044,0,"장비운반차, 지휘차, 화재조사차",6,수영구
64,119안전센터,광안119안전센터,부산 수영구 광일로 64,129.10704112830743,35.163156569354044,67,"펌프차, 물탱크차, 화학차, 사다리차, 굴절차, 구급차, 배연차, 배수지원차",12,수영구
65,119안전센터,감만119안전센터,부산 남구 우암로 81,129.08052605888656,35.11771288614201,30,"펌프차, 물탱크차, 구급차",3,남구
66,119안전센터,대연119안전센터,부산 남구 수영로 279,129.09702856923218,35.13621387490257,41,"펌프차, 소형사다리차, 구급차",4,남구
67,119안전센터,망미119안전센터,부산 수영구 연수로 330,129.1064862014399,35.17178321680844,32,"펌프차, 물탱크차, 구급차",3,수영구
68,119안전센터,용당119안전센터,부산 남구 신선로 398,129.0986230534411,35.1206491687344,31,"펌프차, 물탱크차, 구급차",3,남구
69,구조대,구조대,부산 남구 수영로 279,129.09702856923218,35.13621387490257,24,"구조공작차, 구조버스, 생활안전차, 트레일러",5,남구
70,소방서,강서소방서,부산 강서구 녹산산단361로 9,128.85678789594158,35.08958814316905,0,"지휘차, 장비운반차, 화재조사차",6,강서구
71,119안전센터,녹산119안전센터,부산 강서구 녹산산단361로 9,128.85678789594158,35.08958814316905,59,"펌프차, 물탱크차, 무인파괴방수차, 고성능화학차, 사다리차, 굴절차, 구급차, 배연차, 장비운반차",10,강서구
72,119안전센터,신호119안전센터,부산 강서구 신호사로 62,128.8795463276507,35.0854722872522,29,"펌프차, 물탱크차, 구급차, 배수지원차",5,강서구
73,119안전센터,대저119안전센터,부산 강서구 대저로221번길 25,128.9768669390183,35.215682886980126,30,"펌프차, 물탱크차, 구급차, 장비운반차",4,강서구
74,119안전센터,강동119안전센터,부산 강서구 제도로 696,128.9160279734305,35.174772998151006,28,"펌프차, 물탱크차, 구급차, 장비운반차",5,강서구
75,119안전센터,지사119안전센터,부산 강서구 과학산단로333번길 3,128.83319893167615,35.14859188738538,30,"펌프차, 물탱크차, 화학차, 구급차",4,강서구
76,119안전센터,공항119안전센터,부산 강서구 유통단지1로57번길 19,128.95574915749646,35.165709610719134,29,"펌프차, 물탱크차, 구급차",3,강서구
77,구조대,구조대,부산 강서구 녹산산단361로 9,128.85678789594158,35.08958814316905,23,"구조공작차, 구조버스차, 생활안전차, 트레일러",6,강서구
78,소방서,기장소방서,부산 기장군 정관읍 용수로 7,129.1798918628635,35.3248125877824,0,"장비운반차, 지휘차",6,기장군
79,119안전센터,정관119안전센터,부산 기장군 정관읍 용수로 7,129.1798918628635,35.3248125877824,59,"펌프차, 산불진화차, 물탱크차, 사다리차, 굴절차, 구급차, 배연차, 배수지원차",13,기장군
80,119안전센터,일광119안전센터,부산 기장군 일광읍 해빛5로 15,129.22101096951704,35.26085416586066,33,"펌프차, 물탱크차, 구급차, 소형사다리차",4,기장군
81,119안전센터,송정119안전센터,부산 해운대구 송정중앙로15번길 16,129.20302199204568,35.18380758342733,30,"펌프차, 물탱크차, 구급차",3,해운대구
82,119안전센터,장안119안전센터,부산 기장군 장안읍 길천3길 11,129.28735836585537,35.327851125463404,32,"펌프차, 물탱크차, 구급차, 무인파괴방수차, 화생방 제독차",5,기장군
83,구조대,구조대,부산 기장군 정관읍 정관로 923-9,129.21233240724368,35.32478111612573,22,"구조공작차, 구조버스, 생활안전차, 트레일러",5,기장군
84,소방서,항만소방서,부산 영도구 해양로 297,129.07686026317035,35.08178629548291,0,"장비운반차, 지휘차, 화재조사차",6,영도구
85,119안전센터,동삼119안전센터,부산 영도구 해양로 297,129.07686026317035,35.08178629548291,41,"펌프차, 물탱크차, 화학차, 사다리차, 구급차, 배연차, 배수지원차",9,영도구
86,119안전센터,영선119안전센터,부산 영도구 태종로 115,129.04331866182153,35.09106278099548,34,"펌프차, 물탱크차, 굴절차, 구급차",4,영도구
87,119안전센터,부두119안전센터,부산 동구 충장대로 286,129.05223387588364,35.12561605685306,28,"펌프차, 물탱크차, 구급차",3,동구
88,119안전센터,청학119안전센터,부산 영도구 태종로 274,129.05657275193343,35.09814231880812,31,"펌프차, 물탱크차, 소형사다리차, 구급차",4,영도구
89,,소방1정대,부산 동구 충장대로 286,129.05223387588364,35.12561605685306,20,트레일러,1,동구
90,,소방2정대,부산 사하구 감천항로 35,129.0005470752929,35.084404773439495,20,트레일러,1,사하구
91,구조대,구조대,부산 영도구 태종로 115,129.04331866182153,35.09106278099548,22,"구조공작차, 구조버스, 생활안전차, 트레일러, 펌프차",5,영도구
