year,EMRG_RSCU_ASSRT_NM,EMRG_RSCU_CLSF_NM,count,scope
2020,구급,U안심폰대상자,55,A
2020,구급,가스중독,6,A
2020,구급,교통사고,7154,A
2020,구급,구급기타,308,A
2020,구급,무선페이징,1,A
2020,구급,부상,8164,A
2020,구급,사고부상,906,A
2020,구급,심정지,2251,A
2020,구급,약물중독,366,A
2020,구급,임산부,189,A
2020,구급,질병,41998,A
2020,구급,질병외,27649,A
2020,구급,행려병자,23,A
2020,구급,화상,98,A
2020,구조,E/V사고,1302,A
2020,구조,교통사고,1742,A
2020,구조,기계사고,72,A
2020,구조,기타안전사고,1390,A
2020,구조,동물구조,2122,A
2020,구조,벌집제거,2426,A
2020,구조,붕괴사고,7,A
2020,구조,산악사고,304,A
2020,구조,수난사고,292,A
2020,구조,시건개방,2161,A
2020,구조,실종자,41,A
2020,구조,약물사고,3,A
2020,구조,자살,377,A
2020,구조,자연재해,1285,A
2020,구조,추락사고,148,A
2020,구조,폭발사고,5,A
2020,구조,항공구조(수색구조),1,A
2020,기타,기타,2,A
2020,기타,기타출동,2929,A
2020,기타,대민지원,62,A
2020,기타,민원출동,261,A
2020,기타,상황출동,441,A
2020,기타,순찰출동,36,A
2020,기타,업무운행,341,A
2020,기타,예방경계,5,A
2020,기타,응원출동,13,A
2020,기타,지원출동(가스),3,A
2020,기타,지원출동(근접배치),10,A
2020,기타,지원출동(기타),2,A
2020,기타,지원출동(도로세척),2,A
2020,기타,지원출동(배수),52,A
2020,기타,지원출동(전기),2,A
2020,기타,지원출동(풍수해),3,A
2020,기타,지원출동(행사지원),1,A
2020,기타,지원출동(환경),1,A
2020,기타,화재확인출동,1917,A
2020,기타,훈련출동,84,A
2020,화재,"고층건물(3층이상,아파트)",930,A
2020,화재,기타화재,1739,A
2020,화재,"대형화재(시장,공장)",668,A
2020,화재,산불,230,A
2020,화재,일반화재(주택),1216,A
2020,화재,일반화재(차량),364,A
2020,화재,지하화재,27,A
2020,화재,"특수화재(선박,위험물)",49,A
2021,구급,U안심폰대상자,148,A
2021,구급,가스중독,12,A
2021,구급,교통사고,7674,A
2021,구급,구급기타,2727,A
2021,구급,구급예약,1,A
2021,구급,무선페이징,6,A
2021,구급,부상,9831,A
2021,구급,사고부상,734,A
2021,구급,심정지,2860,A
2021,구급,아나필락시스,2,A
2021,구급,약물중독,412,A
2021,구급,응급신경증상(뇌졸중),9,A
2021,구급,임산부,227,A
2021,구급,질병,45788,A
2021,구급,질병외,38218,A
2021,구급,행려병자,27,A
2021,구급,화상,98,A
2021,구급,흉통,26,A
2021,구조,E/V사고,1575,A
2021,구조,교통사고,1786,A
2021,구조,기계사고,55,A
2021,구조,기타안전사고,1810,A
2021,구조,동물구조,2229,A
2021,구조,벌집제거,3845,A
2021,구조,붕괴사고,1,A
2021,구조,산악사고,404,A
2021,구조,수난사고,354,A
2021,구조,시건개방,2639,A
2021,구조,실종자,54,A
2021,구조,약물사고,8,A
2021,구조,자살,457,A
2021,구조,자연재해,756,A
2021,구조,추락사고,199,A
2021,기타,기타출동,2820,A
2021,기타,대민지원,32,A
2021,기타,민원출동,205,A
2021,기타,상황출동,120,A
2021,기타,순찰출동,19,A
2021,기타,업무운행,832,A
2021,기타,예방경계,4,A
2021,기타,응원출동,83,A
2021,기타,지원출동(가스),10,A
2021,기타,지원출동(근접배치),40,A
2021,기타,지원출동(급수),1,A
2021,기타,지원출동(기타),2,A
2021,기타,지원출동(배수),74,A
2021,기타,지원출동(재해),4,A
2021,기타,지원출동(풍수해),1,A
2021,기타,화재확인출동,3577,A
2021,기타,훈련출동,122,A
2021,화재,"고층건물(3층이상,아파트)",1304,A
2021,화재,기타화재,1866,A
2021,화재,"대형화재(시장,공장)",956,A
2021,화재,산불,166,A
2021,화재,일반화재(주택),1389,A
2021,화재,일반화재(차량),475,A
2021,화재,지하화재,42,A
2021,화재,"특수화재(선박,위험물)",73,A
2022,구급,U안심폰대상자,346,A
2022,구급,가스중독,8,A
2022,구급,교통사고,7185,A
2022,구급,구급기타,3262,A
2022,구급,구급예약,2,A
2022,구급,무선페이징,14,A
2022,구급,부상,10967,A
2022,구급,사고부상,424,A
2022,구급,심정지,3335,A
2022,구급,아나필락시스,8,A
2022,구급,약물중독,466,A
2022,구급,응급신경증상(뇌졸중),15,A
2022,구급,임산부,261,A
2022,구급,질병,48997,A
2022,구급,질병외,50106,A
2022,구급,행려병자,23,A
2022,구급,화상,104,A
2022,구급,흉통,117,A
2022,구조,E/V사고,1793,A
2022,구조,교통사고,1606,A
2022,구조,기계사고,67,A
2022,구조,기타안전사고,1767,A
2022,구조,동물구조,1939,A
2022,구조,벌집제거,3734,A
2022,구조,산악사고,405,A
2022,구조,수난사고,337,A
2022,구조,시건개방,2965,A
2022,구조,실종자,120,A
2022,구조,약물사고,4,A
2022,구조,자살,529,A
2022,구조,자연재해,340,A
2022,구조,추락사고,160,A
2022,구조,폭발사고,1,A
2022,기타,기타출동,2321,A
2022,기타,대민지원,43,A
2022,기타,민원출동,210,A
2022,기타,산사태,2,A
2022,기타,상황출동,465,A
2022,기타,순찰출동,8,A
2022,기타,업무운행,900,A
2022,기타,예방경계,4,A
2022,기타,응원출동,9,A
2022,기타,지원출동(가스),8,A
2022,기타,지원출동(근접배치),14,A
2022,기타,지원출동(기타),2,A
2022,기타,지원출동(데모시위),1,A
2022,기타,지원출동(배수),58,A
2022,기타,지원출동(풍수해),5,A
2022,기타,지원출동(한해),3,A
2022,기타,지원출동(행사지원),1,A
2022,기타,화재확인출동,3919,A
2022,기타,훈련출동,131,A
2022,화재,"고층건물(3층이상,아파트)",1343,A
2022,화재,기타화재,2312,A
2022,화재,기타화재(속보설비),220,A
2022,화재,"대형화재(시장,공장)",836,A
2022,화재,산불,2018,A
2022,화재,일반화재(주택),1532,A
2022,화재,일반화재(차량),528,A
2022,화재,지하화재,24,A
2022,화재,"특수화재(선박,위험물)",154,A
2023,구급,U안심폰대상자,1169,A
2023,구급,가스중독,6,A
2023,구급,교통사고,6404,A
2023,구급,구급기타,638,A
2023,구급,구급예약,1,A
2023,구급,무선페이징,22,A
2023,구급,부상,10894,A
2023,구급,사고부상,358,A
2023,구급,심정지,3180,A
2023,구급,아나필락시스,12,A
2023,구급,약물중독,424,A
2023,구급,응급신경증상(뇌졸중),16,A
2023,구급,임산부,210,A
2023,구급,질병,44487,A
2023,구급,질병외,48402,A
2023,구급,행려병자,22,A
2023,구급,화상,102,A
2023,구급,흉통,140,A
2023,구조,E/V사고,2083,A
2023,구조,교통사고,1778,A
2023,구조,기계사고,73,A
2023,구조,기타안전사고,2049,A
2023,구조,동물구조,1854,A
2023,구조,벌집제거,3705,A
2023,구조,붕괴사고,4,A
2023,구조,산악사고,357,A
2023,구조,수난사고,407,A
2023,구조,시건개방,2973,A
2023,구조,실종자,70,A
2023,구조,약물사고,5,A
2023,구조,자살,516,A
2023,구조,자연재해,690,A
2023,구조,추락사고,168,A
2023,기타,구급차소독,13,A
2023,기타,기타출동,1566,A
2023,기타,대민지원,40,A
2023,기타,민원출동,275,A
2023,기타,산사태,1,A
2023,기타,상황출동,403,A
2023,기타,순찰출동,24,A
2023,기타,업무운행,978,A
2023,기타,응원출동,17,A
2023,기타,지원출동(가스),9,A
2023,기타,지원출동(경호),1,A
2023,기타,지원출동(근접배치),31,A
2023,기타,지원출동(기타),9,A
2023,기타,지원출동(배수),95,A
2023,기타,지원출동(재해),1,A
2023,기타,지원출동(전기),1,A
2023,기타,지원출동(풍수해),2,A
2023,기타,지원출동(한해),3,A
2023,기타,지원출동(행사지원),8,A
2023,기타,화재확인출동,5464,A
2023,기타,훈련출동,162,A
2023,화재,"고층건물(3층이상,아파트)",1654,A
2023,화재,기타화재,1676,A
2023,화재,기타화재(속보설비),893,A
2023,화재,"대형화재(시장,공장)",738,A
2023,화재,"사회적약자시설(요양원,장애인시설)",11,A
2023,화재,산불,316,A
2023,화재,일반화재(주택),1256,A
2023,화재,일반화재(차량),447,A
2023,화재,지하화재,16,A
2023,화재,"특수화재(선박,위험물)",61,A
2024,구급,U안심폰대상자,1497,A
2024,구급,가스중독,9,A
2024,구급,교통사고,5983,A
2024,구급,구급기타,82,A
2024,구급,무선페이징,11,A
2024,구급,부상,9823,A
2024,구급,사고부상,176,A
2024,구급,심정지,3415,A
2024,구급,아나필락시스,8,A
2024,구급,약물중독,414,A
2024,구급,응급신경증상(뇌졸중),40,A
2024,구급,임산부,223,A
2024,구급,질병,33466,A
2024,구급,질병외,54222,A
2024,구급,행려병자,100,A
2024,구급,화상,85,A
2024,구급,흉통,140,A
2024,구조,E/V사고,2124,A
2024,구조,교통사고,1635,A
2024,구조,기계사고,54,A
2024,구조,기타안전사고,1888,A
2024,구조,동물구조,1953,A
2024,구조,벌집제거,6012,A
2024,구조,붕괴사고,4,A
2024,구조,산악사고,336,A
2024,구조,수난사고,291,A
2024,구조,시건개방,2847,A
2024,구조,실종자,52,A
2024,구조,약물사고,3,A
2024,구조,자살,588,A
2024,구조,자연재해,282,A
2024,구조,추락사고,163,A
2024,구조,폭발사고,7,A
2024,구조,화학사고,3,A
2024,기타,구급차소독,367,A
2024,기타,기타,1,A
2024,기타,기타출동,1220,A
2024,기타,대민지원,14,A
2024,기타,민원출동,251,A
2024,기타,상황출동,325,A
2024,기타,순찰출동,21,A
2024,기타,업무운행,722,A
2024,기타,응원출동,21,A
2024,기타,지원출동(가스),8,A
2024,기타,지원출동(근접배치),25,A
2024,기타,지원출동(급수),1,A
2024,기타,지원출동(기타),3,A
2024,기타,지원출동(배수),119,A
2024,기타,지원출동(재해),2,A
2024,기타,지원출동(전기),8,A
2024,기타,지원출동(풍수해),6,A
2024,기타,지원출동(행사지원),6,A
2024,기타,화재확인출동,5582,A
2024,기타,훈련출동,250,A
2024,화재,"고층건물(3층이상,아파트)",1445,A
2024,화재,기타화재,1614,A
2024,화재,기타화재(속보설비),775,A
2024,화재,"대형화재(시장,공장)",564,A
2024,화재,"사회적약자시설(요양원,장애인시설)",1,A
2024,화재,산불,203,A
2024,화재,일반화재(주택),1356,A
2024,화재,일반화재(차량),458,A
2024,화재,전기차화재,5,A
2024,화재,지하화재,34,A
2024,화재,"특수화재(선박,위험물)",53,A
2020,구급,U안심폰대상자,49,B
2020,구급,가스중독,6,B
2020,구급,교통사고,5411,B
2020,구급,구급기타,272,B
2020,구급,무선페이징,1,B
2020,구급,부상,7435,B
2020,구급,사고부상,832,B
2020,구급,심정지,1982,B
2020,구급,약물중독,337,B
2020,구급,임산부,181,B
2020,구급,질병,39212,B
2020,구급,질병외,25499,B
2020,구급,행려병자,22,B
2020,구급,화상,90,B
2020,구조,E/V사고,1078,B
2020,구조,교통사고,976,B
2020,구조,기계사고,54,B
2020,구조,기타안전사고,1166,B
2020,구조,동물구조,1875,B
2020,구조,벌집제거,2370,B
2020,구조,붕괴사고,2,B
2020,구조,산악사고,214,B
2020,구조,수난사고,162,B
2020,구조,시건개방,1906,B
2020,구조,실종자,12,B
2020,구조,약물사고,2,B
2020,구조,자살,242,B
2020,구조,자연재해,1168,B
2020,구조,추락사고,100,B
2020,구조,폭발사고,3,B
2020,구조,항공구조(수색구조),1,B
2020,기타,기타,1,B
2020,기타,기타출동,2518,B
2020,기타,대민지원,52,B
2020,기타,민원출동,231,B
2020,기타,상황출동,363,B
2020,기타,순찰출동,34,B
2020,기타,업무운행,334,B
2020,기타,예방경계,5,B
2020,기타,응원출동,4,B
2020,기타,지원출동(가스),3,B
2020,기타,지원출동(근접배치),10,B
2020,기타,지원출동(기타),2,B
2020,기타,지원출동(도로세척),2,B
2020,기타,지원출동(배수),46,B
2020,기타,지원출동(전기),2,B
2020,기타,지원출동(풍수해),3,B
2020,기타,지원출동(행사지원),1,B
2020,기타,지원출동(환경),1,B
2020,기타,화재확인출동,1490,B
2020,기타,훈련출동,78,B
2020,화재,"고층건물(3층이상,아파트)",470,B
2020,화재,기타화재,811,B
2020,화재,"대형화재(시장,공장)",209,B
2020,화재,산불,34,B
2020,화재,일반화재(주택),520,B
2020,화재,일반화재(차량),155,B
2020,화재,지하화재,23,B
2020,화재,"특수화재(선박,위험물)",11,B
2021,구급,U안심폰대상자,94,B
2021,구급,가스중독,11,B
2021,구급,교통사고,5501,B
2021,구급,구급기타,2436,B
2021,구급,구급예약,1,B
2021,구급,무선페이징,4,B
2021,구급,부상,8325,B
2021,구급,사고부상,599,B
2021,구급,심정지,2377,B
2021,구급,아나필락시스,2,B
2021,구급,약물중독,351,B
2021,구급,응급신경증상(뇌졸중),8,B
2021,구급,임산부,201,B
2021,구급,질병,40378,B
2021,구급,질병외,32761,B
2021,구급,행려병자,23,B
2021,구급,화상,89,B
2021,구급,흉통,25,B
2021,구조,E/V사고,1147,B
2021,구조,교통사고,909,B
2021,구조,기계사고,35,B
2021,구조,기타안전사고,1349,B
2021,구조,동물구조,1799,B
2021,구조,벌집제거,3697,B
2021,구조,붕괴사고,1,B
2021,구조,산악사고,266,B
2021,구조,수난사고,171,B
2021,구조,시건개방,2088,B
2021,구조,실종자,9,B
2021,구조,약물사고,7,B
2021,구조,자살,243,B
2021,구조,자연재해,628,B
2021,구조,추락사고,122,B
2021,기타,기타출동,2281,B
2021,기타,대민지원,25,B
2021,기타,민원출동,180,B
2021,기타,상황출동,88,B
2021,기타,순찰출동,19,B
2021,기타,업무운행,814,B
2021,기타,예방경계,4,B
2021,기타,응원출동,3,B
2021,기타,지원출동(가스),9,B
2021,기타,지원출동(근접배치),40,B
2021,기타,지원출동(기타),2,B
2021,기타,지원출동(배수),59,B
2021,기타,지원출동(재해),4,B
2021,기타,지원출동(풍수해),1,B
2021,기타,화재확인출동,2574,B
2021,기타,훈련출동,114,B
2021,화재,"고층건물(3층이상,아파트)",486,B
2021,화재,기타화재,689,B
2021,화재,"대형화재(시장,공장)",198,B
2021,화재,산불,22,B
2021,화재,일반화재(주택),504,B
2021,화재,일반화재(차량),151,B
2021,화재,지하화재,19,B
2021,화재,"특수화재(선박,위험물)",22,B
2022,구급,U안심폰대상자,282,B
2022,구급,가스중독,6,B
2022,구급,교통사고,5116,B
2022,구급,구급기타,2790,B
2022,구급,구급예약,2,B
2022,구급,무선페이징,12,B
2022,구급,부상,9157,B
2022,구급,사고부상,359,B
2022,구급,심정지,2722,B
2022,구급,아나필락시스,8,B
2022,구급,약물중독,378,B
2022,구급,응급신경증상(뇌졸중),14,B
2022,구급,임산부,230,B
2022,구급,질병,42717,B
2022,구급,질병외,42626,B
2022,구급,행려병자,23,B
2022,구급,화상,97,B
2022,구급,흉통,102,B
2022,구조,E/V사고,1280,B
2022,구조,교통사고,786,B
2022,구조,기계사고,44,B
2022,구조,기타안전사고,1342,B
2022,구조,동물구조,1546,B
2022,구조,벌집제거,3582,B
2022,구조,산악사고,255,B
2022,구조,수난사고,149,B
2022,구조,시건개방,2301,B
2022,구조,실종자,17,B
2022,구조,약물사고,4,B
2022,구조,자살,254,B
2022,구조,자연재해,271,B
2022,구조,추락사고,90,B
2022,기타,기타출동,1886,B
2022,기타,대민지원,37,B
2022,기타,민원출동,168,B
2022,기타,산사태,2,B
2022,기타,상황출동,359,B
2022,기타,순찰출동,8,B
2022,기타,업무운행,875,B
2022,기타,예방경계,3,B
2022,기타,응원출동,4,B
2022,기타,지원출동(가스),5,B
2022,기타,지원출동(근접배치),9,B
2022,기타,지원출동(기타),1,B
2022,기타,지원출동(데모시위),1,B
2022,기타,지원출동(배수),51,B
2022,기타,지원출동(풍수해),4,B
2022,기타,지원출동(한해),2,B
2022,기타,지원출동(행사지원),1,B
2022,기타,화재확인출동,2874,B
2022,기타,훈련출동,114,B
2022,화재,"고층건물(3층이상,아파트)",445,B
2022,화재,기타화재,927,B
2022,화재,기타화재(속보설비),8,B
2022,화재,"대형화재(시장,공장)",177,B
2022,화재,산불,54,B
2022,화재,일반화재(주택),481,B
2022,화재,일반화재(차량),148,B
2022,화재,지하화재,10,B
2022,화재,"특수화재(선박,위험물)",25,B
2023,구급,U안심폰대상자,961,B
2023,구급,가스중독,6,B
2023,구급,교통사고,4637,B
2023,구급,구급기타,565,B
2023,구급,구급예약,1,B
2023,구급,무선페이징,19,B
2023,구급,부상,9233,B
2023,구급,사고부상,292,B
2023,구급,심정지,2569,B
2023,구급,아나필락시스,10,B
2023,구급,약물중독,345,B
2023,구급,응급신경증상(뇌졸중),15,B
2023,구급,임산부,186,B
2023,구급,질병,39013,B
2023,구급,질병외,41496,B
2023,구급,행려병자,21,B
2023,구급,화상,90,B
2023,구급,흉통,125,B
2023,구조,E/V사고,1440,B
2023,구조,교통사고,848,B
2023,구조,기계사고,51,B
2023,구조,기타안전사고,1515,B
2023,구조,동물구조,1447,B
2023,구조,벌집제거,3533,B
2023,구조,붕괴사고,2,B
2023,구조,산악사고,217,B
2023,구조,수난사고,161,B
2023,구조,시건개방,2241,B
2023,구조,실종자,14,B
2023,구조,약물사고,2,B
2023,구조,자살,251,B
2023,구조,자연재해,537,B
2023,구조,추락사고,90,B
2023,기타,구급차소독,13,B
2023,기타,기타출동,1306,B
2023,기타,대민지원,28,B
2023,기타,민원출동,227,B
2023,기타,산사태,1,B
2023,기타,상황출동,298,B
2023,기타,순찰출동,24,B
2023,기타,업무운행,962,B
2023,기타,응원출동,2,B
2023,기타,지원출동(가스),9,B
2023,기타,지원출동(경호),1,B
2023,기타,지원출동(근접배치),22,B
2023,기타,지원출동(기타),5,B
2023,기타,지원출동(배수),78,B
2023,기타,지원출동(재해),1,B
2023,기타,지원출동(전기),1,B
2023,기타,지원출동(풍수해),2,B
2023,기타,지원출동(한해),2,B
2023,기타,지원출동(행사지원),6,B
2023,기타,화재확인출동,3982,B
2023,기타,훈련출동,149,B
2023,화재,"고층건물(3층이상,아파트)",567,B
2023,화재,기타화재,809,B
2023,화재,기타화재(속보설비),31,B
2023,화재,"대형화재(시장,공장)",182,B
2023,화재,"사회적약자시설(요양원,장애인시설)",4,B
2023,화재,산불,38,B
2023,화재,일반화재(주택),447,B
2023,화재,일반화재(차량),156,B
2023,화재,지하화재,8,B
2023,화재,"특수화재(선박,위험물)",17,B
2024,구급,U안심폰대상자,1235,B
2024,구급,가스중독,6,B
2024,구급,교통사고,4336,B
2024,구급,구급기타,74,B
2024,구급,무선페이징,10,B
2024,구급,부상,8372,B
2024,구급,사고부상,146,B
2024,구급,심정지,2737,B
2024,구급,아나필락시스,7,B
2024,구급,약물중독,358,B
2024,구급,응급신경증상(뇌졸중),35,B
2024,구급,임산부,204,B
2024,구급,질병,29362,B
2024,구급,질병외,46481,B
2024,구급,행려병자,86,B
2024,구급,화상,73,B
2024,구급,흉통,130,B
2024,구조,E/V사고,1469,B
2024,구조,교통사고,812,B
2024,구조,기계사고,32,B
2024,구조,기타안전사고,1348,B
2024,구조,동물구조,1549,B
2024,구조,벌집제거,5694,B
2024,구조,붕괴사고,3,B
2024,구조,산악사고,205,B
2024,구조,수난사고,122,B
2024,구조,시건개방,2135,B
2024,구조,실종자,17,B
2024,구조,약물사고,2,B
2024,구조,자살,262,B
2024,구조,자연재해,202,B
2024,구조,추락사고,86,B
2024,구조,폭발사고,2,B
2024,구조,화학사고,2,B
2024,기타,구급차소독,364,B
2024,기타,기타출동,998,B
2024,기타,대민지원,14,B
2024,기타,민원출동,211,B
2024,기타,상황출동,246,B
2024,기타,순찰출동,21,B
2024,기타,업무운행,705,B
2024,기타,응원출동,5,B
2024,기타,지원출동(가스),6,B
2024,기타,지원출동(근접배치),22,B
2024,기타,지원출동(급수),1,B
2024,기타,지원출동(기타),3,B
2024,기타,지원출동(배수),101,B
2024,기타,지원출동(재해),1,B
2024,기타,지원출동(전기),7,B
2024,기타,지원출동(풍수해),4,B
2024,기타,지원출동(행사지원),5,B
2024,기타,화재확인출동,4154,B
2024,기타,훈련출동,228,B
2024,화재,"고층건물(3층이상,아파트)",555,B
2024,화재,기타화재,737,B
2024,화재,기타화재(속보설비),28,B
2024,화재,"대형화재(시장,공장)",125,B
2024,화재,"사회적약자시설(요양원,장애인시설)",1,B
2024,화재,산불,33,B
2024,화재,일반화재(주택),458,B
2024,화재,일반화재(차량),164,B
2024,화재,전기차화재,1,B
2024,화재,지하화재,19,B
2024,화재,"특수화재(선박,위험물)",11,B
2020,구급,U안심폰대상자,49,C
2020,구급,가스중독,6,C
2020,구급,교통사고,5411,C
2020,구급,구급기타,272,C
2020,구급,무선페이징,1,C
2020,구급,부상,7435,C
2020,구급,사고부상,832,C
2020,구급,심정지,1982,C
2020,구급,약물중독,337,C
2020,구급,임산부,181,C
2020,구급,질병,39212,C
2020,구급,질병외,25499,C
2020,구급,행려병자,22,C
2020,구급,화상,90,C
2020,구조,E/V사고,1078,C
2020,구조,교통사고,976,C
2020,구조,기계사고,54,C
2020,구조,기타안전사고,1166,C
2020,구조,동물구조,1875,C
2020,구조,벌집제거,2370,C
2020,구조,붕괴사고,2,C
2020,구조,산악사고,214,C
2020,구조,수난사고,162,C
2020,구조,시건개방,1906,C
2020,구조,실종자,12,C
2020,구조,약물사고,2,C
2020,구조,자살,242,C
2020,구조,자연재해,1168,C
2020,구조,추락사고,100,C
2020,구조,폭발사고,3,C
2020,구조,항공구조(수색구조),1,C
2020,기타,기타,1,C
2020,기타,기타출동,2518,C
2020,기타,대민지원,52,C
2020,기타,민원출동,231,C
2020,기타,상황출동,363,C
2020,기타,순찰출동,34,C
2020,기타,예방경계,5,C
2020,기타,응원출동,4,C
2020,기타,지원출동(가스),3,C
2020,기타,지원출동(근접배치),10,C
2020,기타,지원출동(기타),2,C
2020,기타,지원출동(도로세척),2,C
2020,기타,지원출동(배수),46,C
2020,기타,지원출동(전기),2,C
2020,기타,지원출동(풍수해),3,C
2020,기타,지원출동(행사지원),1,C
2020,기타,지원출동(환경),1,C
2020,기타,화재확인출동,1490,C
2020,화재,"고층건물(3층이상,아파트)",470,C
2020,화재,기타화재,811,C
2020,화재,"대형화재(시장,공장)",209,C
2020,화재,산불,34,C
2020,화재,일반화재(주택),520,C
2020,화재,일반화재(차량),155,C
2020,화재,지하화재,23,C
2020,화재,"특수화재(선박,위험물)",11,C
2021,구급,U안심폰대상자,94,C
2021,구급,가스중독,11,C
2021,구급,교통사고,5501,C
2021,구급,구급기타,2436,C
2021,구급,구급예약,1,C
2021,구급,무선페이징,4,C
2021,구급,부상,8325,C
2021,구급,사고부상,599,C
2021,구급,심정지,2377,C
2021,구급,아나필락시스,2,C
2021,구급,약물중독,351,C
2021,구급,응급신경증상(뇌졸중),8,C
2021,구급,임산부,201,C
2021,구급,질병,40378,C
2021,구급,질병외,32761,C
2021,구급,행려병자,23,C
2021,구급,화상,89,C
2021,구급,흉통,25,C
2021,구조,E/V사고,1147,C
2021,구조,교통사고,909,C
2021,구조,기계사고,35,C
2021,구조,기타안전사고,1349,C
2021,구조,동물구조,1799,C
2021,구조,벌집제거,3697,C
2021,구조,붕괴사고,1,C
2021,구조,산악사고,266,C
2021,구조,수난사고,171,C
2021,구조,시건개방,2088,C
2021,구조,실종자,9,C
2021,구조,약물사고,7,C
2021,구조,자살,243,C
2021,구조,자연재해,628,C
2021,구조,추락사고,122,C
2021,기타,기타출동,2281,C
2021,기타,대민지원,25,C
2021,기타,민원출동,180,C
2021,기타,상황출동,88,C
2021,기타,순찰출동,19,C
2021,기타,예방경계,4,C
2021,기타,응원출동,3,C
2021,기타,지원출동(가스),9,C
2021,기타,지원출동(근접배치),40,C
2021,기타,지원출동(기타),2,C
2021,기타,지원출동(배수),59,C
2021,기타,지원출동(재해),4,C
2021,기타,지원출동(풍수해),1,C
2021,기타,화재확인출동,2574,C
2021,화재,"고층건물(3층이상,아파트)",486,C
2021,화재,기타화재,689,C
2021,화재,"대형화재(시장,공장)",198,C
2021,화재,산불,22,C
2021,화재,일반화재(주택),504,C
2021,화재,일반화재(차량),151,C
2021,화재,지하화재,19,C
2021,화재,"특수화재(선박,위험물)",22,C
2022,구급,U안심폰대상자,282,C
2022,구급,가스중독,6,C
2022,구급,교통사고,5116,C
2022,구급,구급기타,2790,C
2022,구급,구급예약,2,C
2022,구급,무선페이징,12,C
2022,구급,부상,9157,C
2022,구급,사고부상,359,C
2022,구급,심정지,2722,C
2022,구급,아나필락시스,8,C
2022,구급,약물중독,378,C
2022,구급,응급신경증상(뇌졸중),14,C
2022,구급,임산부,230,C
2022,구급,질병,42717,C
2022,구급,질병외,42626,C
2022,구급,행려병자,23,C
2022,구급,화상,97,C
2022,구급,흉통,102,C
2022,구조,E/V사고,1280,C
2022,구조,교통사고,786,C
2022,구조,기계사고,44,C
2022,구조,기타안전사고,1342,C
2022,구조,동물구조,1546,C
2022,구조,벌집제거,3582,C
2022,구조,산악사고,255,C
2022,구조,수난사고,149,C
2022,구조,시건개방,2301,C
2022,구조,실종자,17,C
2022,구조,약물사고,4,C
2022,구조,자살,254,C
2022,구조,자연재해,271,C
2022,구조,추락사고,90,C
2022,기타,기타출동,1886,C
2022,기타,대민지원,37,C
2022,기타,민원출동,168,C
2022,기타,산사태,2,C
2022,기타,상황출동,359,C
2022,기타,순찰출동,8,C
2022,기타,예방경계,3,C
2022,기타,응원출동,4,C
2022,기타,지원출동(가스),5,C
2022,기타,지원출동(근접배치),9,C
2022,기타,지원출동(기타),1,C
2022,기타,지원출동(데모시위),1,C
2022,기타,지원출동(배수),51,C
2022,기타,지원출동(풍수해),4,C
2022,기타,지원출동(한해),2,C
2022,기타,지원출동(행사지원),1,C
2022,기타,화재확인출동,2874,C
2022,화재,"고층건물(3층이상,아파트)",445,C
2022,화재,기타화재,927,C
2022,화재,기타화재(속보설비),8,C
2022,화재,"대형화재(시장,공장)",177,C
2022,화재,산불,54,C
2022,화재,일반화재(주택),481,C
2022,화재,일반화재(차량),148,C
2022,화재,지하화재,10,C
2022,화재,"특수화재(선박,위험물)",25,C
2023,구급,U안심폰대상자,961,C
2023,구급,가스중독,6,C
2023,구급,교통사고,4637,C
2023,구급,구급기타,565,C
2023,구급,구급예약,1,C
2023,구급,무선페이징,19,C
2023,구급,부상,9233,C
2023,구급,사고부상,292,C
2023,구급,심정지,2569,C
2023,구급,아나필락시스,10,C
2023,구급,약물중독,345,C
2023,구급,응급신경증상(뇌졸중),15,C
2023,구급,임산부,186,C
2023,구급,질병,39013,C
2023,구급,질병외,41496,C
2023,구급,행려병자,21,C
2023,구급,화상,90,C
2023,구급,흉통,125,C
2023,구조,E/V사고,1440,C
2023,구조,교통사고,848,C
2023,구조,기계사고,51,C
2023,구조,기타안전사고,1515,C
2023,구조,동물구조,1447,C
2023,구조,벌집제거,3533,C
2023,구조,붕괴사고,2,C
2023,구조,산악사고,217,C
2023,구조,수난사고,161,C
2023,구조,시건개방,2241,C
2023,구조,실종자,14,C
2023,구조,약물사고,2,C
2023,구조,자살,251,C
2023,구조,자연재해,537,C
2023,구조,추락사고,90,C
2023,기타,기타출동,1306,C
2023,기타,대민지원,28,C
2023,기타,민원출동,227,C
2023,기타,산사태,1,C
2023,기타,상황출동,298,C
2023,기타,순찰출동,24,C
2023,기타,응원출동,2,C
2023,기타,지원출동(가스),9,C
2023,기타,지원출동(경호),1,C
2023,기타,지원출동(근접배치),22,C
2023,기타,지원출동(기타),5,C
2023,기타,지원출동(배수),78,C
2023,기타,지원출동(재해),1,C
2023,기타,지원출동(전기),1,C
2023,기타,지원출동(풍수해),2,C
2023,기타,지원출동(한해),2,C
2023,기타,지원출동(행사지원),6,C
2023,기타,화재확인출동,3982,C
2023,화재,"고층건물(3층이상,아파트)",567,C
2023,화재,기타화재,809,C
2023,화재,기타화재(속보설비),31,C
2023,화재,"대형화재(시장,공장)",182,C
2023,화재,"사회적약자시설(요양원,장애인시설)",4,C
2023,화재,산불,38,C
2023,화재,일반화재(주택),447,C
2023,화재,일반화재(차량),156,C
2023,화재,지하화재,8,C
2023,화재,"특수화재(선박,위험물)",17,C
2024,구급,U안심폰대상자,1235,C
2024,구급,가스중독,6,C
2024,구급,교통사고,4336,C
2024,구급,구급기타,74,C
2024,구급,무선페이징,10,C
2024,구급,부상,8372,C
2024,구급,사고부상,146,C
2024,구급,심정지,2737,C
2024,구급,아나필락시스,7,C
2024,구급,약물중독,358,C
2024,구급,응급신경증상(뇌졸중),35,C
2024,구급,임산부,204,C
2024,구급,질병,29362,C
2024,구급,질병외,46481,C
2024,구급,행려병자,86,C
2024,구급,화상,73,C
2024,구급,흉통,130,C
2024,구조,E/V사고,1469,C
2024,구조,교통사고,812,C
2024,구조,기계사고,32,C
2024,구조,기타안전사고,1348,C
2024,구조,동물구조,1549,C
2024,구조,벌집제거,5694,C
2024,구조,붕괴사고,3,C
2024,구조,산악사고,205,C
2024,구조,수난사고,122,C
2024,구조,시건개방,2135,C
2024,구조,실종자,17,C
2024,구조,약물사고,2,C
2024,구조,자살,262,C
2024,구조,자연재해,202,C
2024,구조,추락사고,86,C
2024,구조,폭발사고,2,C
2024,구조,화학사고,2,C
2024,기타,기타출동,998,C
2024,기타,대민지원,14,C
2024,기타,민원출동,211,C
2024,기타,상황출동,246,C
2024,기타,순찰출동,21,C
2024,기타,응원출동,5,C
2024,기타,지원출동(가스),6,C
2024,기타,지원출동(근접배치),22,C
2024,기타,지원출동(급수),1,C
2024,기타,지원출동(기타),3,C
2024,기타,지원출동(배수),101,C
2024,기타,지원출동(재해),1,C
2024,기타,지원출동(전기),7,C
2024,기타,지원출동(풍수해),4,C
2024,기타,지원출동(행사지원),5,C
2024,기타,화재확인출동,4154,C
2024,화재,"고층건물(3층이상,아파트)",555,C
2024,화재,기타화재,737,C
2024,화재,기타화재(속보설비),28,C
2024,화재,"대형화재(시장,공장)",125,C
2024,화재,"사회적약자시설(요양원,장애인시설)",1,C
2024,화재,산불,33,C
2024,화재,일반화재(주택),458,C
2024,화재,일반화재(차량),164,C
2024,화재,전기차화재,1,C
2024,화재,지하화재,19,C
2024,화재,"특수화재(선박,위험물)",11,C
