district,rawDong,type,subtype,count,yearCounts,minimumAnnual,validAnnual,topMonths,topSeasons,annualMonthExact,annualSeasonExact,leaveOneMonthExact,leaveOneSeasonExact,leaveOneSeasonOverlap
강서구,강동동,구급,심정지,30,"[8, 5, 3, 10, 4]",3,5,[10],['가을'],1,2,4,3,3
강서구,강동동,화재,일반화재(주택),29,"[5, 5, 5, 6, 8]",5,5,[12],['겨울'],1,2,4,3,3
강서구,강동동,구조,산악사고,0,"[0, 0, 0, 0, 0]",0,0,[],[],0,0,0,0,0
강서구,강동동,구조,수난사고,4,"[0, 0, 2, 2, 0]",0,2,[9],['가을'],1,2,4,5,5
강서구,강동동,구급,교통사고,117,"[21, 20, 21, 28, 27]",20,5,[9],['가을'],2,1,5,3,3
강서구,구랑동,구급,심정지,2,"[0, 1, 0, 1, 0]",0,2,"[1, 3]",['겨울'],0,1,3,4,4
강서구,구랑동,화재,일반화재(주택),1,"[1, 0, 0, 0, 0]",0,1,[3],['봄'],1,1,4,4,4
강서구,구랑동,구조,산악사고,2,"[0, 0, 2, 0, 0]",0,1,[9],['가을'],1,1,4,4,4
강서구,구랑동,구조,수난사고,0,"[0, 0, 0, 0, 0]",0,0,[],[],0,0,0,0,0
강서구,구랑동,구급,교통사고,32,"[3, 7, 10, 7, 5]",3,5,[11],['겨울'],0,1,2,4,4
강서구,녹산동,구급,심정지,9,"[1, 4, 3, 0, 1]",0,4,[6],['겨울'],1,2,4,3,3
강서구,녹산동,화재,일반화재(주택),6,"[2, 1, 2, 1, 0]",0,4,"[1, 10]",['겨울'],1,3,2,5,5
강서구,녹산동,구조,산악사고,2,"[0, 0, 1, 0, 1]",0,2,"[7, 12]",['겨울'],0,1,3,4,4
강서구,녹산동,구조,수난사고,0,"[0, 0, 0, 0, 0]",0,0,[],[],0,0,0,0,0
강서구,녹산동,구급,교통사고,48,"[13, 11, 6, 7, 11]",6,5,[11],['가을'],1,4,2,5,5
강서구,눌차동,구급,심정지,4,"[1, 0, 1, 2, 0]",0,3,[2],['겨울'],1,1,4,4,4
강서구,눌차동,화재,일반화재(주택),0,"[0, 0, 0, 0, 0]",0,0,[],[],0,0,0,0,0
강서구,눌차동,구조,산악사고,0,"[0, 0, 0, 0, 0]",0,0,[],[],0,0,0,0,0
강서구,눌차동,구조,수난사고,0,"[0, 0, 0, 0, 0]",0,0,[],[],0,0,0,0,0
강서구,눌차동,구급,교통사고,2,"[0, 0, 1, 0, 1]",0,2,[12],['겨울'],2,2,5,5,5
강서구,대저1동,구급,심정지,59,"[7, 13, 15, 12, 12]",7,5,[5],['봄'],1,1,3,4,4
강서구,대저1동,화재,일반화재(주택),38,"[6, 12, 8, 9, 3]",3,5,[6],['겨울'],2,1,3,2,2
강서구,대저1동,구조,산악사고,0,"[0, 0, 0, 0, 0]",0,0,[],[],0,0,0,0,0
강서구,대저1동,구조,수난사고,6,"[1, 1, 0, 2, 2]",0,4,"[4, 6]",['봄'],0,2,1,3,4
강서구,대저1동,구급,교통사고,257,"[60, 41, 61, 44, 51]",41,5,"[10, 12]",['가을'],0,2,0,5,5
강서구,대저2동,구급,심정지,43,"[9, 6, 7, 9, 12]",6,5,"[6, 11]",['봄'],0,1,0,4,4
강서구,대저2동,화재,일반화재(주택),41,"[7, 7, 12, 5, 10]",5,5,[1],['겨울'],1,3,2,5,5
강서구,대저2동,구조,산악사고,0,"[0, 0, 0, 0, 0]",0,0,[],[],0,0,0,0,0
강서구,대저2동,구조,수난사고,4,"[0, 2, 1, 1, 0]",0,3,"[4, 6]",['여름'],0,2,3,5,5
강서구,대저2동,구급,교통사고,240,"[39, 49, 51, 49, 52]",39,5,[10],['가을'],1,2,3,3,3
강서구,대항동,구급,심정지,5,"[1, 0, 3, 1, 0]",0,3,[5],['봄'],1,2,3,3,3
강서구,대항동,화재,일반화재(주택),3,"[0, 1, 1, 0, 1]",0,3,[11],['가을'],2,2,3,3,3
강서구,대항동,구조,산악사고,3,"[1, 0, 1, 1, 0]",0,3,[2],['겨울'],1,1,4,4,4
강서구,대항동,구조,수난사고,6,"[1, 0, 1, 2, 2]",0,4,[10],['가을'],0,2,3,5,5
강서구,대항동,구급,교통사고,1,"[0, 0, 1, 0, 0]",0,1,[12],['겨울'],1,1,4,4,4
강서구,동선동,구급,심정지,5,"[1, 0, 2, 1, 1]",0,4,[6],"['봄', '여름']",2,0,5,1,5
강서구,동선동,화재,일반화재(주택),0,"[0, 0, 0, 0, 0]",0,0,[],[],0,0,0,0,0
강서구,동선동,구조,산악사고,6,"[1, 1, 1, 2, 1]",1,5,[6],['가을'],1,2,3,3,3
강서구,동선동,구조,수난사고,1,"[0, 0, 0, 1, 0]",0,1,[7],['여름'],1,1,4,4,4
강서구,동선동,구급,교통사고,5,"[0, 2, 2, 1, 0]",0,3,[9],['가을'],2,1,3,4,4
강서구,명지동,구급,심정지,81,"[11, 18, 18, 18, 16]",11,5,[4],['가을'],1,1,2,4,4
강서구,명지동,화재,일반화재(주택),30,"[10, 6, 4, 6, 4]",4,5,[10],['가을'],1,1,4,3,3
강서구,명지동,구조,산악사고,0,"[0, 0, 0, 0, 0]",0,0,[],[],0,0,0,0,0
강서구,명지동,구조,수난사고,4,"[1, 0, 1, 1, 1]",0,4,[9],['봄'],1,2,4,3,3
강서구,명지동,구급,교통사고,429,"[84, 79, 89, 93, 84]",79,5,[11],['가을'],2,2,4,5,5
강서구,미음동,구급,심정지,0,"[0, 0, 0, 0, 0]",0,0,[],[],0,0,0,0,0
강서구,미음동,화재,일반화재(주택),3,"[2, 1, 0, 0, 0]",0,2,[4],['봄'],1,1,4,4,4
강서구,미음동,구조,산악사고,1,"[0, 1, 0, 0, 0]",0,1,[9],['가을'],1,1,4,4,4
강서구,미음동,구조,수난사고,0,"[0, 0, 0, 0, 0]",0,0,[],[],0,0,0,0,0
강서구,미음동,구급,교통사고,28,"[9, 8, 5, 2, 4]",2,5,[4],['봄'],1,2,3,5,5
강서구,범방동,구급,심정지,2,"[0, 0, 0, 0, 2]",0,1,"[1, 5]",['겨울'],1,1,4,4,4
강서구,범방동,화재,일반화재(주택),3,"[1, 1, 1, 0, 0]",0,3,[4],['봄'],2,2,5,3,3
강서구,범방동,구조,산악사고,0,"[0, 0, 0, 0, 0]",0,0,[],[],0,0,0,0,0
강서구,범방동,구조,수난사고,1,"[0, 0, 0, 0, 1]",0,1,[5],['봄'],1,1,4,4,4
강서구,범방동,구급,교통사고,46,"[13, 12, 10, 6, 5]",5,5,[12],['겨울'],1,3,3,5,5
강서구,봉림동,구급,심정지,8,"[0, 2, 1, 2, 3]",0,4,[3],['겨울'],1,2,4,4,4
강서구,봉림동,화재,일반화재(주택),9,"[2, 1, 1, 1, 4]",1,5,[6],['겨울'],1,2,4,3,3
강서구,봉림동,구조,산악사고,0,"[0, 0, 0, 0, 0]",0,0,[],[],0,0,0,0,0
강서구,봉림동,구조,수난사고,2,"[0, 0, 1, 0, 1]",0,2,[4],"['봄', '여름']",1,0,4,3,5
강서구,봉림동,구급,교통사고,32,"[7, 4, 7, 9, 5]",4,5,[6],['가을'],1,2,4,5,5
강서구,생곡동,구급,심정지,5,"[0, 1, 2, 2, 0]",0,3,[2],['겨울'],1,2,4,4,4
강서구,생곡동,화재,일반화재(주택),2,"[2, 0, 0, 0, 0]",0,1,[11],['가을'],1,1,4,4,4
강서구,생곡동,구조,산악사고,0,"[0, 0, 0, 0, 0]",0,0,[],[],0,0,0,0,0
강서구,생곡동,구조,수난사고,0,"[0, 0, 0, 0, 0]",0,0,[],[],0,0,0,0,0
강서구,생곡동,구급,교통사고,22,"[4, 7, 4, 2, 5]",2,5,[4],['봄'],2,1,3,5,5
강서구,성북동,구급,심정지,7,"[1, 1, 2, 1, 2]",1,5,"[1, 5]",['겨울'],1,4,2,5,5
강서구,성북동,화재,일반화재(주택),1,"[0, 0, 1, 0, 0]",0,1,[5],['봄'],1,1,4,4,4
강서구,성북동,구조,산악사고,0,"[0, 0, 0, 0, 0]",0,0,[],[],0,0,0,0,0
강서구,성북동,구조,수난사고,4,"[1, 1, 1, 1, 0]",0,4,[3],['겨울'],2,2,3,3,3
강서구,성북동,구급,교통사고,32,"[9, 5, 7, 7, 4]",4,5,[9],['가을'],1,3,5,4,4
강서구,송정동,구급,심정지,21,"[3, 3, 5, 4, 6]",3,5,"[9, 11]",['가을'],1,3,3,3,3
강서구,송정동,화재,일반화재(주택),12,"[5, 2, 3, 2, 0]",0,4,[3],['봄'],0,1,3,4,4
강서구,송정동,구조,산악사고,1,"[0, 0, 0, 1, 0]",0,1,[8],['여름'],1,1,4,4,4
강서구,송정동,구조,수난사고,3,"[2, 0, 0, 1, 0]",0,2,"[8, 10, 12]",['겨울'],0,1,3,4,4
강서구,송정동,구급,교통사고,161,"[32, 30, 36, 36, 27]",27,5,[12],['가을'],1,1,2,4,4
강서구,식만동,구급,심정지,5,"[1, 3, 0, 0, 1]",0,3,[2],['겨울'],1,2,4,5,5
강서구,식만동,화재,일반화재(주택),5,"[0, 0, 2, 3, 0]",0,2,"[6, 9]",['겨울'],0,1,3,4,4
강서구,식만동,구조,산악사고,0,"[0, 0, 0, 0, 0]",0,0,[],[],0,0,0,0,0
강서구,식만동,구조,수난사고,0,"[0, 0, 0, 0, 0]",0,0,[],[],0,0,0,0,0
강서구,식만동,구급,교통사고,7,"[0, 2, 2, 1, 2]",0,4,[6],['여름'],2,2,3,3,3
강서구,신호동,구급,심정지,41,"[8, 9, 4, 11, 9]",4,5,[2],['여름'],2,0,1,4,4
강서구,신호동,화재,일반화재(주택),5,"[0, 2, 1, 1, 1]",0,4,[2],['겨울'],1,2,4,5,5
강서구,신호동,구조,산악사고,0,"[0, 0, 0, 0, 0]",0,0,[],[],0,0,0,0,0
강서구,신호동,구조,수난사고,7,"[4, 2, 1, 0, 0]",0,3,[9],['가을'],2,3,5,5,5
강서구,신호동,구급,교통사고,122,"[22, 30, 33, 22, 15]",15,5,[10],['가을'],0,2,2,3,3
강서구,죽동동,구급,심정지,4,"[1, 0, 0, 1, 2]",0,3,[12],['겨울'],1,1,4,4,4
강서구,죽동동,화재,일반화재(주택),5,"[0, 0, 2, 2, 1]",0,3,[8],['가을'],1,2,3,4,4
강서구,죽동동,구조,산악사고,0,"[0, 0, 0, 0, 0]",0,0,[],[],0,0,0,0,0
강서구,죽동동,구조,수난사고,0,"[0, 0, 0, 0, 0]",0,0,[],[],0,0,0,0,0
강서구,죽동동,구급,교통사고,6,"[1, 1, 2, 0, 2]",0,4,[11],['봄'],2,1,3,4,4
강서구,죽림동,구급,심정지,2,"[1, 0, 1, 0, 0]",0,2,"[8, 10]",['가을'],0,1,3,4,4
강서구,죽림동,화재,일반화재(주택),0,"[0, 0, 0, 0, 0]",0,0,[],[],0,0,0,0,0
강서구,죽림동,구조,산악사고,0,"[0, 0, 0, 0, 0]",0,0,[],[],0,0,0,0,0
강서구,죽림동,구조,수난사고,0,"[0, 0, 0, 0, 0]",0,0,[],[],0,0,0,0,0
강서구,죽림동,구급,교통사고,9,"[1, 2, 0, 2, 4]",0,4,[9],['겨울'],1,3,4,5,5
강서구,지사동,구급,심정지,22,"[4, 4, 3, 3, 8]",3,5,[2],['겨울'],1,2,4,4,4
강서구,지사동,화재,일반화재(주택),6,"[1, 2, 2, 0, 1]",0,4,"[4, 9]",['겨울'],0,2,3,3,3
강서구,지사동,구조,산악사고,3,"[0, 0, 3, 0, 0]",0,1,"[1, 10, 12]",['겨울'],1,1,4,4,4
강서구,지사동,구조,수난사고,0,"[0, 0, 0, 0, 0]",0,0,[],[],0,0,0,0,0
강서구,지사동,구급,교통사고,47,"[7, 11, 13, 5, 11]",5,5,[7],['여름'],2,2,3,5,5
강서구,천성동,구급,심정지,2,"[1, 1, 0, 0, 0]",0,2,"[1, 8]",['겨울'],0,1,3,4,4
강서구,천성동,화재,일반화재(주택),5,"[0, 1, 2, 1, 1]",0,4,[10],['가을'],1,1,3,4,4
강서구,천성동,구조,산악사고,8,"[1, 2, 4, 1, 0]",0,4,[11],['가을'],1,1,4,4,4
강서구,천성동,구조,수난사고,2,"[0, 1, 0, 1, 0]",0,2,"[6, 11]",['가을'],0,1,3,4,4
강서구,천성동,구급,교통사고,7,"[4, 1, 1, 1, 0]",0,4,[8],['겨울'],1,2,4,3,3
강서구,화전동,구급,심정지,9,"[2, 4, 1, 1, 1]",1,5,[6],['여름'],1,2,4,3,3
강서구,화전동,화재,일반화재(주택),2,"[1, 1, 0, 0, 0]",0,2,[11],['가을'],1,2,4,5,5
강서구,화전동,구조,산악사고,1,"[0, 0, 0, 1, 0]",0,1,[5],['봄'],1,1,4,4,4
강서구,화전동,구조,수난사고,0,"[0, 0, 0, 0, 0]",0,0,[],[],0,0,0,0,0
강서구,화전동,구급,교통사고,26,"[9, 4, 8, 3, 2]",2,5,[2],['겨울'],1,1,4,3,3
금정구,구서동,구급,심정지,147,"[23, 33, 30, 30, 31]",23,5,[8],['여름'],2,1,2,5,5
금정구,구서동,화재,일반화재(주택),17,"[5, 5, 2, 2, 3]",2,5,[4],['여름'],2,2,2,3,3
금정구,구서동,구조,산악사고,19,"[4, 5, 1, 4, 5]",1,5,[9],['가을'],0,2,2,4,4
금정구,구서동,구조,수난사고,5,"[2, 1, 1, 1, 0]",0,4,[3],['봄'],1,1,3,3,3
금정구,구서동,구급,교통사고,258,"[48, 61, 52, 36, 61]",36,5,[10],['가을'],1,3,2,5,5
금정구,금사동,구급,심정지,30,"[8, 6, 4, 7, 5]",4,5,[12],['겨울'],1,3,3,2,2
금정구,금사동,화재,일반화재(주택),9,"[2, 5, 1, 1, 0]",0,4,[9],['가을'],1,2,4,5,5
금정구,금사동,구조,산악사고,4,"[0, 1, 1, 2, 0]",0,3,[4],['가을'],2,2,3,4,4
금정구,금사동,구조,수난사고,0,"[0, 0, 0, 0, 0]",0,0,[],[],0,0,0,0,0
금정구,금사동,구급,교통사고,80,"[14, 16, 17, 14, 19]",14,5,[2],['가을'],3,2,4,4,4
금정구,금성동,구급,심정지,9,"[1, 2, 2, 2, 2]",1,5,[11],['가을'],1,3,4,5,5
금정구,금성동,화재,일반화재(주택),9,"[1, 4, 2, 1, 1]",1,5,[1],['겨울'],1,1,4,4,4
금정구,금성동,구조,산악사고,61,"[7, 10, 14, 17, 13]",7,5,[1],['겨울'],1,3,2,4,4
금정구,금성동,구조,수난사고,0,"[0, 0, 0, 0, 0]",0,0,[],[],0,0,0,0,0
금정구,금성동,구급,교통사고,12,"[4, 1, 0, 4, 3]",0,4,[2],['겨울'],2,3,3,5,5
금정구,남산동,구급,심정지,136,"[23, 28, 20, 30, 35]",20,5,[2],['겨울'],1,2,3,4,4
금정구,남산동,화재,일반화재(주택),24,"[5, 4, 5, 5, 5]",4,5,[2],['겨울'],2,2,4,3,3
금정구,남산동,구조,산악사고,11,"[1, 2, 2, 3, 3]",1,5,[7],['가을'],1,2,3,2,2
금정구,남산동,구조,수난사고,1,"[1, 0, 0, 0, 0]",0,1,[2],['겨울'],1,1,4,4,4
금정구,남산동,구급,교통사고,163,"[28, 33, 30, 33, 39]",28,5,[7],['가을'],1,2,4,4,4
금정구,노포동,구급,심정지,12,"[0, 3, 3, 3, 3]",0,4,[9],['가을'],2,2,3,3,3
금정구,노포동,화재,일반화재(주택),4,"[0, 2, 0, 2, 0]",0,2,"[4, 6, 11]",['겨울'],0,1,3,4,4
금정구,노포동,구조,산악사고,2,"[1, 0, 0, 0, 1]",0,2,"[7, 10]",['가을'],0,1,3,4,4
금정구,노포동,구조,수난사고,0,"[0, 0, 0, 0, 0]",0,0,[],[],0,0,0,0,0
금정구,노포동,구급,교통사고,51,"[10, 8, 10, 10, 13]",8,5,[11],['가을'],2,4,4,5,5
금정구,두구동,구급,심정지,14,"[2, 1, 3, 4, 4]",1,5,[1],['겨울'],1,3,4,4,4
금정구,두구동,화재,일반화재(주택),7,"[3, 0, 3, 0, 1]",0,3,[1],['겨울'],1,2,3,5,5
금정구,두구동,구조,산악사고,1,"[0, 0, 0, 1, 0]",0,1,[4],['봄'],1,1,4,4,4
금정구,두구동,구조,수난사고,1,"[0, 0, 1, 0, 0]",0,1,[9],['가을'],1,1,4,4,4
금정구,두구동,구급,교통사고,39,"[6, 8, 6, 16, 3]",3,5,[11],['가을'],1,2,2,3,3
금정구,부곡동,구급,심정지,171,"[20, 46, 34, 33, 38]",20,5,[1],['가을'],0,1,4,4,4
금정구,부곡동,화재,일반화재(주택),29,"[6, 9, 3, 6, 5]",3,5,[6],['봄'],1,1,3,2,2
금정구,부곡동,구조,산악사고,17,"[4, 2, 3, 4, 4]",2,5,[12],['겨울'],0,3,2,4,4
금정구,부곡동,구조,수난사고,2,"[0, 0, 0, 0, 2]",0,1,"[7, 8]",['여름'],1,1,4,4,4
금정구,부곡동,구급,교통사고,329,"[65, 82, 67, 53, 62]",53,5,[10],['여름'],2,2,4,4,4
금정구,서동,구급,심정지,118,"[22, 17, 26, 26, 27]",17,5,[8],['겨울'],1,3,5,5,5
금정구,서동,화재,일반화재(주택),34,"[3, 7, 8, 9, 7]",3,5,[6],['여름'],3,2,4,5,5
금정구,서동,구조,산악사고,8,"[1, 4, 1, 1, 1]",1,5,"[9, 11]",['가을'],0,2,3,4,4
금정구,서동,구조,수난사고,0,"[0, 0, 0, 0, 0]",0,0,[],[],0,0,0,0,0
금정구,서동,구급,교통사고,174,"[34, 32, 37, 25, 46]",25,5,[8],['가을'],1,1,2,3,3
금정구,선동,구급,심정지,3,"[0, 0, 1, 1, 1]",0,3,[11],['가을'],1,1,4,4,4
금정구,선동,화재,일반화재(주택),9,"[1, 1, 3, 1, 3]",1,5,[9],['가을'],1,2,4,4,4
금정구,선동,구조,산악사고,5,"[1, 0, 2, 2, 0]",0,3,[9],['가을'],2,2,3,5,5
금정구,선동,구조,수난사고,0,"[0, 0, 0, 0, 0]",0,0,[],[],0,0,0,0,0
금정구,선동,구급,교통사고,23,"[3, 4, 4, 5, 7]",3,5,[1],['겨울'],2,2,3,3,3
금정구,오륜동,구급,심정지,1,"[0, 0, 1, 0, 0]",0,1,[3],['봄'],1,1,4,4,4
금정구,오륜동,화재,일반화재(주택),2,"[0, 0, 0, 1, 1]",0,2,"[3, 12]",['겨울'],0,1,3,4,4
금정구,오륜동,구조,산악사고,22,"[3, 6, 4, 6, 3]",3,5,"[5, 7, 10]",['여름'],0,1,0,3,4
금정구,오륜동,구조,수난사고,1,"[0, 0, 0, 1, 0]",0,1,[2],['겨울'],1,1,4,4,4
금정구,오륜동,구급,교통사고,19,"[4, 6, 5, 2, 2]",2,5,"[4, 11]",['여름'],0,0,2,2,2
금정구,장전동,구급,심정지,126,"[28, 17, 22, 23, 36]",17,5,[11],['가을'],2,2,3,3,3
금정구,장전동,화재,일반화재(주택),30,"[12, 4, 4, 6, 4]",4,5,[1],['겨울'],1,2,4,3,3
금정구,장전동,구조,산악사고,20,"[3, 4, 7, 3, 3]",3,5,[7],['여름'],0,1,2,4,4
금정구,장전동,구조,수난사고,1,"[0, 0, 0, 0, 1]",0,1,[9],['가을'],1,1,4,4,4
금정구,장전동,구급,교통사고,284,"[57, 59, 63, 48, 57]",48,5,[6],['여름'],2,3,5,5,5
금정구,청룡동,구급,심정지,50,"[9, 10, 10, 11, 10]",9,5,[6],['겨울'],2,3,2,5,5
금정구,청룡동,화재,일반화재(주택),9,"[2, 3, 1, 2, 1]",1,5,[1],['겨울'],1,3,3,4,4
금정구,청룡동,구조,산악사고,50,"[11, 9, 6, 13, 11]",6,5,[5],['가을'],0,4,3,5,5
금정구,청룡동,구조,수난사고,0,"[0, 0, 0, 0, 0]",0,0,[],[],0,0,0,0,0
금정구,청룡동,구급,교통사고,33,"[7, 5, 8, 6, 7]",5,5,[11],['가을'],2,2,4,3,3
금정구,회동동,구급,심정지,20,"[3, 2, 5, 3, 7]",2,5,[3],['겨울'],0,2,2,4,4
금정구,회동동,화재,일반화재(주택),3,"[1, 0, 0, 2, 0]",0,2,[9],['겨울'],1,1,4,4,4
금정구,회동동,구조,산악사고,11,"[3, 3, 1, 2, 2]",1,5,[2],['가을'],2,3,3,5,5
금정구,회동동,구조,수난사고,1,"[0, 0, 0, 0, 1]",0,1,[3],['봄'],1,1,4,4,4
금정구,회동동,구급,교통사고,47,"[9, 10, 9, 10, 9]",9,5,[8],['여름'],1,1,3,3,3
기장군,기장읍,구급,심정지,360,"[52, 64, 85, 78, 81]",52,5,"[7, 12]",['겨울'],0,1,1,4,4
기장군,기장읍,화재,일반화재(주택),76,"[16, 13, 12, 16, 19]",12,5,[10],['여름'],1,1,1,3,3
기장군,기장읍,구조,산악사고,26,"[5, 4, 4, 2, 11]",2,5,[10],['가을'],1,2,4,5,5
기장군,기장읍,구조,수난사고,36,"[8, 7, 7, 11, 3]",3,5,"[7, 8, 10]",['여름'],0,1,0,4,4
기장군,기장읍,구급,교통사고,651,"[129, 124, 132, 157, 109]",109,5,[5],['여름'],2,2,4,3,3
기장군,일광면,구급,심정지,46,"[10, 26, 10, 0, 0]",0,3,[7],['봄'],1,0,3,3,3
기장군,일광면,화재,일반화재(주택),16,"[4, 9, 3, 0, 0]",0,3,[5],['겨울'],0,1,3,4,4
기장군,일광면,구조,산악사고,18,"[3, 13, 2, 0, 0]",0,3,[7],['여름'],1,1,4,4,4
기장군,일광면,구조,수난사고,15,"[7, 5, 3, 0, 0]",0,3,[5],['겨울'],1,1,3,3,3
기장군,일광면,구급,교통사고,122,"[39, 65, 18, 0, 0]",0,3,[5],['봄'],1,2,4,5,5
기장군,일광읍,구급,심정지,23,"[0, 0, 1, 10, 12]",0,3,[6],['여름'],1,1,4,4,4
기장군,일광읍,화재,일반화재(주택),3,"[0, 0, 2, 1, 0]",0,2,"[1, 7, 12]",['겨울'],0,2,3,5,5
기장군,일광읍,구조,산악사고,8,"[0, 0, 2, 4, 2]",0,3,[2],['겨울'],2,2,4,5,5
기장군,일광읍,구조,수난사고,9,"[0, 0, 3, 3, 3]",0,3,[8],['여름'],1,2,3,5,5
기장군,일광읍,구급,교통사고,53,"[0, 0, 14, 22, 17]",0,3,[11],['가을'],0,1,4,4,4
기장군,장안읍,구급,심정지,84,"[18, 11, 24, 15, 16]",11,5,[2],['겨울'],3,3,4,5,5
기장군,장안읍,화재,일반화재(주택),38,"[9, 3, 7, 15, 4]",3,5,[9],['겨울'],1,3,3,3,3
기장군,장안읍,구조,산악사고,13,"[3, 3, 2, 4, 1]",1,5,[9],['가을'],1,3,4,5,5
기장군,장안읍,구조,수난사고,15,"[3, 2, 3, 6, 1]",1,5,[6],['여름'],2,2,4,4,4
기장군,장안읍,구급,교통사고,178,"[45, 44, 35, 24, 30]",24,5,[10],['가을'],1,3,3,2,2
기장군,정관면,구급,심정지,0,"[0, 0, 0, 0, 0]",0,0,[],[],0,0,0,0,0
기장군,정관면,화재,일반화재(주택),0,"[0, 0, 0, 0, 0]",0,0,[],[],0,0,0,0,0
기장군,정관면,구조,산악사고,0,"[0, 0, 0, 0, 0]",0,0,[],[],0,0,0,0,0
기장군,정관면,구조,수난사고,0,"[0, 0, 0, 0, 0]",0,0,[],[],0,0,0,0,0
기장군,정관면,구급,교통사고,3,"[2, 1, 0, 0, 0]",0,2,[6],['여름'],1,2,4,5,5
기장군,정관읍,구급,심정지,82,"[10, 12, 13, 21, 26]",10,5,[8],['여름'],1,1,3,3,4
기장군,정관읍,화재,일반화재(주택),14,"[5, 3, 1, 1, 4]",1,5,[8],['여름'],1,2,3,5,5
기장군,정관읍,구조,산악사고,7,"[1, 1, 3, 1, 1]",1,5,"[7, 8]",['여름'],0,5,1,5,5
기장군,정관읍,구조,수난사고,1,"[1, 0, 0, 0, 0]",0,1,[7],['여름'],1,1,4,4,4
기장군,정관읍,구급,교통사고,230,"[44, 52, 43, 47, 44]",43,5,[6],['여름'],0,1,3,4,4
기장군,철마면,구급,심정지,63,"[11, 10, 14, 12, 16]",10,5,[9],['봄'],2,1,4,4,4
기장군,철마면,화재,일반화재(주택),28,"[11, 3, 7, 4, 3]",3,5,[4],['겨울'],1,2,4,3,3
기장군,철마면,구조,산악사고,21,"[5, 10, 2, 2, 2]",2,5,[10],['가을'],1,3,3,3,3
기장군,철마면,구조,수난사고,1,"[0, 0, 0, 0, 1]",0,1,[3],['봄'],1,1,4,4,4
기장군,철마면,구급,교통사고,115,"[32, 29, 23, 18, 13]",13,5,[10],['봄'],0,1,2,4,4
남구,감만동,구급,심정지,84,"[11, 21, 16, 18, 18]",11,5,[1],['겨울'],2,2,4,5,5
남구,감만동,화재,일반화재(주택),9,"[3, 1, 3, 1, 1]",1,5,[4],['봄'],1,2,4,3,3
남구,감만동,구조,산악사고,0,"[0, 0, 0, 0, 0]",0,0,[],[],0,0,0,0,0
남구,감만동,구조,수난사고,0,"[0, 0, 0, 0, 0]",0,0,[],[],0,0,0,0,0
남구,감만동,구급,교통사고,96,"[28, 22, 13, 21, 12]",12,5,[11],['가을'],1,1,3,5,5
남구,대연동,구급,심정지,256,"[35, 44, 56, 59, 62]",35,5,[12],['겨울'],2,2,5,4,4
남구,대연동,화재,일반화재(주택),48,"[8, 14, 6, 12, 8]",6,5,"[7, 10]",['여름'],0,1,0,4,4
남구,대연동,구조,산악사고,26,"[7, 5, 9, 2, 3]",2,5,"[8, 10]",['가을'],0,3,0,1,1
남구,대연동,구조,수난사고,4,"[0, 1, 1, 1, 1]",0,4,[5],['봄'],3,3,5,5,5
남구,대연동,구급,교통사고,736,"[189, 144, 156, 131, 116]",116,5,[3],['봄'],1,3,4,3,3
남구,문현동,구급,심정지,174,"[29, 32, 37, 36, 40]",29,5,[12],['겨울'],0,4,5,5,5
남구,문현동,화재,일반화재(주택),31,"[7, 6, 6, 7, 5]",5,5,[2],['겨울'],3,4,4,5,5
남구,문현동,구조,산악사고,1,"[1, 0, 0, 0, 0]",0,1,[5],['봄'],1,1,4,4,4
남구,문현동,구조,수난사고,1,"[0, 0, 0, 1, 0]",0,1,[3],['봄'],1,1,4,4,4
남구,문현동,구급,교통사고,281,"[53, 57, 73, 58, 40]",40,5,[10],['가을'],1,3,3,5,5
남구,용당동,구급,심정지,32,"[3, 7, 10, 6, 6]",3,5,[10],['가을'],1,3,2,5,5
남구,용당동,화재,일반화재(주택),9,"[0, 1, 4, 2, 2]",0,4,"[5, 8, 12]","['봄', '여름']",0,0,2,1,5
남구,용당동,구조,산악사고,2,"[1, 1, 0, 0, 0]",0,2,[11],['겨울'],1,1,4,4,4
남구,용당동,구조,수난사고,1,"[0, 0, 0, 0, 1]",0,1,[3],['봄'],1,1,4,4,4
남구,용당동,구급,교통사고,102,"[19, 26, 16, 19, 22]",16,5,[10],['가을'],1,2,3,4,4
남구,용호동,구급,심정지,276,"[42, 63, 56, 54, 61]",42,5,[8],['겨울'],1,4,3,5,5
남구,용호동,화재,일반화재(주택),24,"[4, 5, 5, 4, 6]",4,5,[4],['봄'],1,2,4,4,4
남구,용호동,구조,산악사고,43,"[5, 10, 11, 8, 9]",5,5,[10],['가을'],1,1,3,4,4
남구,용호동,구조,수난사고,23,"[6, 5, 5, 5, 2]",2,5,[8],['여름'],3,2,5,5,5
남구,용호동,구급,교통사고,318,"[74, 63, 63, 52, 66]",52,5,[10],['가을'],3,3,5,4,4
남구,우암동,구급,심정지,63,"[12, 13, 15, 13, 10]",10,5,[11],['겨울'],1,4,4,5,5
남구,우암동,화재,일반화재(주택),16,"[3, 2, 2, 6, 3]",2,5,[2],['겨울'],3,2,5,4,4
남구,우암동,구조,산악사고,1,"[0, 1, 0, 0, 0]",0,1,[2],['겨울'],1,1,4,4,4
남구,우암동,구조,수난사고,2,"[0, 1, 0, 0, 1]",0,2,"[6, 9]",['가을'],0,1,3,4,4
남구,우암동,구급,교통사고,88,"[20, 24, 15, 9, 20]",9,5,[12],['겨울'],1,3,4,5,5
동구,범일동,구급,심정지,114,"[17, 17, 26, 23, 31]",17,5,[12],['가을'],0,1,3,3,3
동구,범일동,화재,일반화재(주택),31,"[11, 4, 5, 5, 6]",4,5,[1],['겨울'],1,2,4,3,3
동구,범일동,구조,산악사고,0,"[0, 0, 0, 0, 0]",0,0,[],[],0,0,0,0,0
동구,범일동,구조,수난사고,0,"[0, 0, 0, 0, 0]",0,0,[],[],0,0,0,0,0
동구,범일동,구급,교통사고,231,"[41, 40, 60, 48, 42]",40,5,[9],['가을'],2,3,3,5,5
동구,수정동,구급,심정지,133,"[24, 32, 25, 27, 25]",24,5,[9],['가을'],2,1,1,4,4
동구,수정동,화재,일반화재(주택),32,"[8, 6, 4, 2, 12]",2,5,[1],['겨울'],1,3,2,5,5
동구,수정동,구조,산악사고,8,"[1, 3, 2, 1, 1]",1,5,[10],['가을'],2,4,3,5,5
동구,수정동,구조,수난사고,0,"[0, 0, 0, 0, 0]",0,0,[],[],0,0,0,0,0
동구,수정동,구급,교통사고,118,"[28, 25, 17, 25, 23]",17,5,"[9, 11]",['가을'],0,3,0,5,5
동구,좌천동,구급,심정지,87,"[14, 17, 19, 18, 19]",14,5,[2],['겨울'],2,4,3,5,5
동구,좌천동,화재,일반화재(주택),13,"[1, 6, 2, 2, 2]",1,5,"[1, 12]",['겨울'],0,3,2,5,5
동구,좌천동,구조,산악사고,0,"[0, 0, 0, 0, 0]",0,0,[],[],0,0,0,0,0
동구,좌천동,구조,수난사고,0,"[0, 0, 0, 0, 0]",0,0,[],[],0,0,0,0,0
동구,좌천동,구급,교통사고,117,"[20, 27, 27, 17, 26]",17,5,"[7, 10]",['겨울'],1,2,1,2,2
동구,초량동,구급,심정지,142,"[28, 24, 34, 22, 34]",22,5,[2],['겨울'],2,2,4,4,4
동구,초량동,화재,일반화재(주택),31,"[10, 10, 6, 2, 3]",2,5,[5],['봄'],0,1,3,5,5
동구,초량동,구조,산악사고,8,"[1, 0, 3, 3, 1]",0,4,[6],['여름'],1,2,3,4,4
동구,초량동,구조,수난사고,6,"[1, 1, 1, 1, 2]",1,5,[1],['겨울'],2,5,5,5,5
동구,초량동,구급,교통사고,356,"[74, 73, 75, 74, 60]",60,5,[4],['여름'],1,0,3,1,1
동래구,낙민동,구급,심정지,48,"[5, 10, 15, 10, 8]",5,5,[8],"['봄', '여름']",1,0,3,0,5
동래구,낙민동,화재,일반화재(주택),3,"[0, 0, 1, 1, 1]",0,3,[12],['겨울'],2,3,3,5,5
동래구,낙민동,구조,산악사고,0,"[0, 0, 0, 0, 0]",0,0,[],[],0,0,0,0,0
동래구,낙민동,구조,수난사고,0,"[0, 0, 0, 0, 0]",0,0,[],[],0,0,0,0,0
동래구,낙민동,구급,교통사고,59,"[15, 12, 6, 15, 11]",6,5,[8],['여름'],1,3,2,2,2
동래구,명륜동,구급,심정지,79,"[9, 16, 14, 25, 15]",9,5,[6],['여름'],1,1,2,4,4
동래구,명륜동,화재,일반화재(주택),16,"[4, 4, 4, 2, 2]",2,5,[11],['가을'],1,3,4,4,4
동래구,명륜동,구조,산악사고,1,"[1, 0, 0, 0, 0]",0,1,[3],['봄'],1,1,4,4,4
동래구,명륜동,구조,수난사고,0,"[0, 0, 0, 0, 0]",0,0,[],[],0,0,0,0,0
동래구,명륜동,구급,교통사고,199,"[38, 46, 42, 38, 35]",35,5,[12],['가을'],0,2,1,2,2
동래구,명장동,구급,심정지,109,"[21, 24, 23, 22, 19]",19,5,"[1, 8, 12]",['겨울'],0,1,0,1,1
동래구,명장동,화재,일반화재(주택),21,"[3, 3, 4, 4, 7]",3,5,[7],['여름'],1,2,3,4,5
동래구,명장동,구조,산악사고,2,"[1, 0, 0, 0, 1]",0,2,"[5, 8]","['봄', '여름']",0,0,3,3,5
동래구,명장동,구조,수난사고,0,"[0, 0, 0, 0, 0]",0,0,[],[],0,0,0,0,0
동래구,명장동,구급,교통사고,145,"[29, 29, 29, 34, 24]",24,5,[10],['가을'],1,3,4,5,5
동래구,복천동,구급,심정지,34,"[9, 4, 9, 3, 9]",3,5,[4],['봄'],2,1,3,2,4
동래구,복천동,화재,일반화재(주택),3,"[0, 2, 1, 0, 0]",0,2,"[4, 9]",['가을'],0,1,3,4,4
동래구,복천동,구조,산악사고,3,"[1, 0, 0, 0, 2]",0,2,[11],['겨울'],1,1,4,4,4
동래구,복천동,구조,수난사고,0,"[0, 0, 0, 0, 0]",0,0,[],[],0,0,0,0,0
동래구,복천동,구급,교통사고,14,"[6, 1, 1, 4, 2]",1,5,[6],['가을'],1,2,4,5,5
동래구,사직동,구급,심정지,128,"[22, 26, 28, 19, 33]",19,5,[12],['겨울'],2,2,3,4,4
동래구,사직동,화재,일반화재(주택),22,"[3, 4, 4, 5, 6]",3,5,[1],['봄'],2,1,4,4,4
동래구,사직동,구조,산악사고,6,"[1, 1, 3, 1, 0]",0,4,[4],"['봄', '여름']",1,0,3,1,5
동래구,사직동,구조,수난사고,0,"[0, 0, 0, 0, 0]",0,0,[],[],0,0,0,0,0
동래구,사직동,구급,교통사고,232,"[47, 49, 48, 46, 42]",42,5,[1],['가을'],1,4,4,5,5
동래구,수안동,구급,심정지,66,"[10, 6, 16, 13, 21]",6,5,[12],['겨울'],1,4,2,5,5
동래구,수안동,화재,일반화재(주택),8,"[1, 1, 2, 1, 3]",1,5,[11],['겨울'],1,2,3,3,3
동래구,수안동,구조,산악사고,0,"[0, 0, 0, 0, 0]",0,0,[],[],0,0,0,0,0
동래구,수안동,구조,수난사고,0,"[0, 0, 0, 0, 0]",0,0,[],[],0,0,0,0,0
동래구,수안동,구급,교통사고,115,"[23, 21, 25, 20, 26]",20,5,[5],['봄'],0,1,3,3,3
동래구,안락동,구급,심정지,140,"[29, 28, 31, 27, 25]",25,5,[5],['봄'],0,4,3,5,5
동래구,안락동,화재,일반화재(주택),32,"[3, 6, 9, 7, 7]",3,5,[12],['겨울'],1,2,5,3,3
동래구,안락동,구조,산악사고,1,"[0, 0, 0, 1, 0]",0,1,[3],['봄'],1,1,4,4,4
동래구,안락동,구조,수난사고,2,"[0, 0, 0, 2, 0]",0,1,[2],['겨울'],1,1,4,4,4
동래구,안락동,구급,교통사고,304,"[68, 64, 65, 52, 55]",52,5,[11],['가을'],0,3,1,5,5
동래구,온천동,구급,심정지,253,"[31, 58, 56, 63, 45]",31,5,[4],['여름'],2,1,5,2,2
동래구,온천동,화재,일반화재(주택),53,"[7, 15, 11, 8, 12]",7,5,"[5, 7]",['가을'],0,2,0,4,4
동래구,온천동,구조,산악사고,29,"[6, 6, 7, 5, 5]",5,5,[5],['봄'],1,2,4,5,5
동래구,온천동,구조,수난사고,3,"[0, 1, 0, 2, 0]",0,2,[9],['가을'],1,1,4,4,4
동래구,온천동,구급,교통사고,504,"[115, 106, 116, 71, 96]",71,5,[11],['여름'],1,1,2,2,2
동래구,칠산동,구급,심정지,22,"[2, 5, 3, 4, 8]",2,5,"[1, 12]",['겨울'],0,3,2,5,5
동래구,칠산동,화재,일반화재(주택),2,"[0, 2, 0, 0, 0]",0,1,"[5, 10]",['가을'],1,1,4,4,4
동래구,칠산동,구조,산악사고,1,"[0, 0, 1, 0, 0]",0,1,[12],['겨울'],1,1,4,4,4
동래구,칠산동,구조,수난사고,0,"[0, 0, 0, 0, 0]",0,0,[],[],0,0,0,0,0
동래구,칠산동,구급,교통사고,14,"[4, 4, 2, 2, 2]",2,5,[3],['봄'],1,1,4,4,4
부산진구,가야동,구급,심정지,133,"[17, 28, 31, 19, 38]",17,5,[12],['겨울'],2,2,4,5,5
부산진구,가야동,화재,일반화재(주택),23,"[5, 6, 4, 4, 4]",4,5,[5],['봄'],1,1,3,3,4
부산진구,가야동,구조,산악사고,6,"[2, 1, 0, 2, 1]",0,4,[12],['겨울'],0,1,3,5,5
부산진구,가야동,구조,수난사고,0,"[0, 0, 0, 0, 0]",0,0,[],[],0,0,0,0,0
부산진구,가야동,구급,교통사고,243,"[60, 58, 44, 46, 35]",35,5,[11],['가을'],1,4,4,5,5
부산진구,개금동,구급,심정지,208,"[43, 32, 42, 45, 46]",32,5,[3],['봄'],2,1,3,4,4
부산진구,개금동,화재,일반화재(주택),29,"[5, 7, 2, 7, 8]",2,5,[5],['겨울'],0,1,3,4,4
부산진구,개금동,구조,산악사고,6,"[1, 3, 1, 1, 0]",0,4,[2],['겨울'],2,2,4,4,4
부산진구,개금동,구조,수난사고,0,"[0, 0, 0, 0, 0]",0,0,[],[],0,0,0,0,0
부산진구,개금동,구급,교통사고,321,"[75, 61, 68, 65, 52]",52,5,[9],['가을'],1,3,3,5,5
부산진구,당감동,구급,심정지,169,"[18, 32, 35, 48, 36]",18,5,[2],['겨울'],1,1,3,4,4
부산진구,당감동,화재,일반화재(주택),26,"[6, 6, 5, 5, 4]",4,5,[12],['겨울'],1,1,4,4,4
부산진구,당감동,구조,산악사고,14,"[5, 5, 1, 2, 1]",1,5,[6],['여름'],2,1,3,3,4
부산진구,당감동,구조,수난사고,0,"[0, 0, 0, 0, 0]",0,0,[],[],0,0,0,0,0
부산진구,당감동,구급,교통사고,234,"[55, 58, 41, 49, 31]",31,5,[1],['겨울'],0,2,3,3,3
부산진구,범전동,구급,심정지,21,"[5, 3, 4, 4, 5]",3,5,"[1, 12]",['겨울'],0,2,1,5,5
부산진구,범전동,화재,일반화재(주택),4,"[1, 1, 1, 0, 1]",0,4,"[4, 6]",['봄'],0,2,3,3,3
부산진구,범전동,구조,산악사고,0,"[0, 0, 0, 0, 0]",0,0,[],[],0,0,0,0,0
부산진구,범전동,구조,수난사고,0,"[0, 0, 0, 0, 0]",0,0,[],[],0,0,0,0,0
부산진구,범전동,구급,교통사고,44,"[12, 10, 9, 4, 9]",4,5,"[9, 11]",['가을'],0,3,0,5,5
부산진구,범천동,구급,심정지,133,"[17, 32, 28, 25, 31]",17,5,[12],['겨울'],2,1,4,4,4
부산진구,범천동,화재,일반화재(주택),26,"[7, 6, 2, 3, 8]",2,5,"[4, 6]",['겨울'],0,3,2,4,4
부산진구,범천동,구조,산악사고,2,"[0, 0, 0, 2, 0]",0,1,[2],['겨울'],1,1,4,4,4
부산진구,범천동,구조,수난사고,0,"[0, 0, 0, 0, 0]",0,0,[],[],0,0,0,0,0
부산진구,범천동,구급,교통사고,314,"[58, 85, 53, 57, 61]",53,5,[12],['여름'],1,2,3,2,2
부산진구,부암동,구급,심정지,129,"[31, 20, 24, 26, 28]",20,5,[12],['겨울'],1,2,4,3,3
부산진구,부암동,화재,일반화재(주택),17,"[6, 2, 1, 4, 4]",1,5,[2],['겨울'],2,3,3,5,5
부산진구,부암동,구조,산악사고,15,"[3, 6, 3, 3, 0]",0,4,[11],['가을'],2,3,4,4,4
부산진구,부암동,구조,수난사고,0,"[0, 0, 0, 0, 0]",0,0,[],[],0,0,0,0,0
부산진구,부암동,구급,교통사고,266,"[61, 54, 48, 45, 58]",45,5,[4],['겨울'],2,2,5,4,4
부산진구,부전동,구급,심정지,99,"[20, 11, 21, 24, 23]",11,5,[2],['겨울'],3,3,2,5,5
부산진구,부전동,화재,일반화재(주택),34,"[6, 13, 3, 7, 5]",3,5,"[6, 11]",['가을'],1,2,1,4,4
부산진구,부전동,구조,산악사고,0,"[0, 0, 0, 0, 0]",0,0,[],[],0,0,0,0,0
부산진구,부전동,구조,수난사고,0,"[0, 0, 0, 0, 0]",0,0,[],[],0,0,0,0,0
부산진구,부전동,구급,교통사고,723,"[168, 163, 138, 138, 116]",116,5,[2],['겨울'],2,1,3,4,4
부산진구,양정동,구급,심정지,91,"[13, 15, 24, 18, 21]",13,5,"[5, 7, 10]",['가을'],0,1,0,4,4
부산진구,양정동,화재,일반화재(주택),20,"[4, 5, 6, 3, 2]",2,5,[7],['여름'],1,2,3,5,5
부산진구,양정동,구조,산악사고,1,"[0, 0, 0, 0, 1]",0,1,[11],['가을'],1,1,4,4,4
부산진구,양정동,구조,수난사고,0,"[0, 0, 0, 0, 0]",0,0,[],[],0,0,0,0,0
부산진구,양정동,구급,교통사고,323,"[59, 71, 60, 69, 64]",59,5,[12],['봄'],0,1,1,2,2
부산진구,연지동,구급,심정지,79,"[12, 14, 17, 14, 22]",12,5,[9],['가을'],2,2,4,4,4
부산진구,연지동,화재,일반화재(주택),11,"[1, 3, 3, 2, 2]",1,5,[1],['가을'],1,2,2,4,4
부산진구,연지동,구조,산악사고,0,"[0, 0, 0, 0, 0]",0,0,[],[],0,0,0,0,0
부산진구,연지동,구조,수난사고,0,"[0, 0, 0, 0, 0]",0,0,[],[],0,0,0,0,0
부산진구,연지동,구급,교통사고,109,"[26, 32, 16, 17, 18]",16,5,[6],"['봄', '여름']",2,0,3,1,2
부산진구,전포동,구급,심정지,133,"[22, 24, 25, 29, 33]",22,5,[10],['가을'],0,4,3,5,5
부산진구,전포동,화재,일반화재(주택),26,"[9, 5, 4, 6, 2]",2,5,"[1, 10, 12]",['겨울'],0,1,0,5,5
부산진구,전포동,구조,산악사고,5,"[0, 1, 1, 2, 1]",0,4,[10],['가을'],1,2,3,3,3
부산진구,전포동,구조,수난사고,0,"[0, 0, 0, 0, 0]",0,0,[],[],0,0,0,0,0
부산진구,전포동,구급,교통사고,467,"[99, 115, 104, 83, 66]",66,5,[3],['가을'],2,3,2,2,2
부산진구,초읍동,구급,심정지,117,"[14, 22, 33, 26, 22]",14,5,[12],['겨울'],1,3,3,5,5
부산진구,초읍동,화재,일반화재(주택),19,"[3, 4, 2, 3, 7]",2,5,[11],['가을'],2,3,5,5,5
부산진구,초읍동,구조,산악사고,64,"[10, 21, 15, 9, 9]",9,5,[4],['가을'],1,2,5,2,2
부산진구,초읍동,구조,수난사고,3,"[0, 0, 0, 1, 2]",0,2,[4],['봄'],1,1,4,4,4
부산진구,초읍동,구급,교통사고,120,"[23, 23, 23, 26, 25]",23,5,[10],['가을'],0,2,1,3,3
북구,구포동,구급,심정지,222,"[31, 40, 48, 47, 56]",31,5,[8],['겨울'],1,2,1,3,3
북구,구포동,화재,일반화재(주택),46,"[13, 6, 12, 5, 10]",5,5,[5],['가을'],0,3,2,2,2
북구,구포동,구조,산악사고,17,"[1, 3, 2, 5, 6]",1,5,"[1, 12]",['겨울'],0,3,0,5,5
북구,구포동,구조,수난사고,13,"[4, 2, 2, 3, 2]",2,5,[2],['겨울'],1,2,5,4,4
북구,구포동,구급,교통사고,394,"[102, 77, 79, 71, 65]",65,5,[7],['가을'],2,1,4,4,4
북구,금곡동,구급,심정지,232,"[45, 54, 41, 41, 51]",41,5,[12],['겨울'],1,3,5,5,5
북구,금곡동,화재,일반화재(주택),11,"[1, 2, 3, 3, 2]",1,5,[8],['여름'],0,1,2,5,5
북구,금곡동,구조,산악사고,12,"[1, 0, 4, 5, 2]",0,4,[9],['가을'],0,2,3,5,5
북구,금곡동,구조,수난사고,0,"[0, 0, 0, 0, 0]",0,0,[],[],0,0,0,0,0
북구,금곡동,구급,교통사고,199,"[47, 45, 37, 34, 36]",34,5,[6],['여름'],2,3,4,5,5
북구,덕천동,구급,심정지,152,"[25, 22, 34, 34, 37]",22,5,[12],['겨울'],1,2,3,3,3
북구,덕천동,화재,일반화재(주택),28,"[5, 8, 6, 2, 7]",2,5,[4],['봄'],2,3,5,5,5
북구,덕천동,구조,산악사고,5,"[2, 2, 0, 0, 1]",0,3,[5],['봄'],0,0,3,3,3
북구,덕천동,구조,수난사고,14,"[0, 5, 3, 2, 4]",0,4,[2],['겨울'],2,2,3,4,4
북구,덕천동,구급,교통사고,391,"[74, 84, 75, 74, 84]",74,5,[11],['가을'],3,2,3,3,3
북구,만덕동,구급,심정지,164,"[26, 32, 38, 34, 34]",26,5,[11],['겨울'],1,2,3,4,4
북구,만덕동,화재,일반화재(주택),17,"[6, 1, 4, 3, 3]",1,5,[9],['겨울'],1,2,3,4,4
북구,만덕동,구조,산악사고,43,"[8, 5, 7, 10, 13]",5,5,[10],['가을'],1,2,5,5,5
북구,만덕동,구조,수난사고,0,"[0, 0, 0, 0, 0]",0,0,[],[],0,0,0,0,0
북구,만덕동,구급,교통사고,212,"[36, 48, 39, 48, 41]",36,5,[11],['여름'],1,3,1,4,4
북구,화명동,구급,심정지,162,"[23, 31, 46, 30, 32]",23,5,[5],['봄'],1,2,2,4,4
북구,화명동,화재,일반화재(주택),15,"[4, 4, 3, 1, 3]",1,5,"[4, 6]",['겨울'],0,3,1,3,3
북구,화명동,구조,산악사고,32,"[8, 4, 7, 6, 7]",4,5,[6],['여름'],1,3,3,3,5
북구,화명동,구조,수난사고,3,"[0, 0, 1, 2, 0]",0,2,"[5, 7, 8]",['여름'],0,1,3,4,5
북구,화명동,구급,교통사고,377,"[97, 82, 72, 71, 55]",55,5,[1],['겨울'],2,2,5,5,5
사상구,감전동,구급,심정지,92,"[14, 19, 15, 27, 17]",14,5,[2],['겨울'],1,2,3,3,3
사상구,감전동,화재,일반화재(주택),34,"[7, 10, 5, 5, 7]",5,5,[2],['여름'],3,1,4,2,2
사상구,감전동,구조,산악사고,2,"[0, 0, 1, 0, 1]",0,2,[4],"['봄', '여름']",1,0,4,3,5
사상구,감전동,구조,수난사고,0,"[0, 0, 0, 0, 0]",0,0,[],[],0,0,0,0,0
사상구,감전동,구급,교통사고,346,"[84, 92, 61, 51, 58]",51,5,[6],['여름'],0,3,1,3,4
사상구,괘법동,구급,심정지,143,"[29, 14, 39, 27, 34]",14,5,[4],['봄'],2,2,3,3,3
사상구,괘법동,화재,일반화재(주택),34,"[6, 3, 10, 10, 5]",3,5,[6],['봄'],1,1,3,4,5
사상구,괘법동,구조,산악사고,8,"[2, 3, 0, 1, 2]",0,4,"[3, 10]",['가을'],0,1,2,3,3
사상구,괘법동,구조,수난사고,0,"[0, 0, 0, 0, 0]",0,0,[],[],0,0,0,0,0
사상구,괘법동,구급,교통사고,372,"[95, 78, 58, 80, 61]",58,5,[12],['가을'],2,2,3,3,3
사상구,덕포동,구급,심정지,70,"[20, 11, 19, 8, 12]",8,5,[11],['봄'],2,1,3,2,2
사상구,덕포동,화재,일반화재(주택),19,"[3, 4, 11, 0, 1]",0,4,[9],['가을'],1,1,5,4,4
사상구,덕포동,구조,산악사고,2,"[0, 1, 1, 0, 0]",0,2,[11],['가을'],1,1,4,4,4
사상구,덕포동,구조,수난사고,0,"[0, 0, 0, 0, 0]",0,0,[],[],0,0,0,0,0
사상구,덕포동,구급,교통사고,192,"[43, 40, 30, 38, 41]",30,5,[9],['가을'],0,2,2,4,4
사상구,모라동,구급,심정지,175,"[39, 34, 32, 34, 36]",32,5,[5],['봄'],1,4,5,5,5
사상구,모라동,화재,일반화재(주택),19,"[4, 4, 6, 0, 5]",0,4,[7],['가을'],1,2,5,3,3
사상구,모라동,구조,산악사고,12,"[3, 5, 2, 0, 2]",0,4,[8],['여름'],0,1,2,3,4
사상구,모라동,구조,수난사고,0,"[0, 0, 0, 0, 0]",0,0,[],[],0,0,0,0,0
사상구,모라동,구급,교통사고,252,"[57, 49, 52, 45, 49]",45,5,[1],['겨울'],1,3,4,5,5
사상구,삼락동,구급,심정지,42,"[6, 6, 10, 9, 11]",6,5,[1],['겨울'],2,3,3,5,5
사상구,삼락동,화재,일반화재(주택),12,"[2, 3, 4, 3, 0]",0,4,[6],['가을'],2,2,3,4,4
사상구,삼락동,구조,산악사고,1,"[0, 0, 0, 0, 1]",0,1,[4],['봄'],1,1,4,4,4
사상구,삼락동,구조,수난사고,8,"[2, 0, 3, 2, 1]",0,4,[5],['봄'],0,0,3,2,3
사상구,삼락동,구급,교통사고,174,"[36, 41, 39, 35, 23]",23,5,[5],['봄'],1,2,4,5,5
사상구,엄궁동,구급,심정지,89,"[16, 20, 17, 20, 16]",16,5,[11],['겨울'],1,3,2,5,5
사상구,엄궁동,화재,일반화재(주택),17,"[5, 1, 6, 5, 0]",0,4,[11],['가을'],1,1,3,4,4
사상구,엄궁동,구조,산악사고,19,"[5, 7, 3, 2, 2]",2,5,[4],['봄'],1,1,3,2,2
사상구,엄궁동,구조,수난사고,7,"[3, 1, 0, 2, 1]",0,4,"[7, 8]",['여름'],1,2,3,4,5
사상구,엄궁동,구급,교통사고,251,"[57, 65, 48, 43, 38]",38,5,[9],['가을'],1,3,3,3,3
사상구,주례동,구급,심정지,142,"[20, 29, 22, 34, 37]",20,5,[12],['겨울'],2,4,5,5,5
사상구,주례동,화재,일반화재(주택),30,"[5, 7, 7, 4, 7]",4,5,"[1, 12]",['겨울'],0,3,0,5,5
사상구,주례동,구조,산악사고,11,"[3, 1, 2, 3, 2]",1,5,[1],['겨울'],1,2,3,3,3
사상구,주례동,구조,수난사고,1,"[0, 0, 0, 1, 0]",0,1,[9],['가을'],1,1,4,4,4
사상구,주례동,구급,교통사고,292,"[62, 73, 59, 55, 43]",43,5,[1],['겨울'],2,2,4,5,5
사상구,학장동,구급,심정지,123,"[14, 26, 35, 31, 17]",14,5,[10],['가을'],1,2,3,2,2
사상구,학장동,화재,일반화재(주택),16,"[6, 3, 1, 4, 2]",1,5,[7],['여름'],1,1,3,4,4
사상구,학장동,구조,산악사고,10,"[1, 0, 4, 1, 4]",0,4,[12],['겨울'],0,1,3,4,4
사상구,학장동,구조,수난사고,1,"[0, 0, 0, 1, 0]",0,1,[7],['여름'],1,1,4,4,4
사상구,학장동,구급,교통사고,335,"[84, 76, 62, 56, 57]",56,5,[4],['봄'],2,3,1,4,4
사하구,감천동,구급,심정지,103,"[19, 16, 20, 24, 24]",16,5,[10],['겨울'],1,3,3,5,5
사하구,감천동,화재,일반화재(주택),20,"[6, 6, 1, 3, 4]",1,5,[4],['봄'],2,1,5,5,5
사하구,감천동,구조,산악사고,5,"[2, 2, 0, 1, 0]",0,3,[11],['여름'],1,0,4,3,3
사하구,감천동,구조,수난사고,5,"[2, 0, 1, 2, 0]",0,3,[1],['겨울'],0,1,3,5,5
사하구,감천동,구급,교통사고,176,"[33, 52, 30, 27, 34]",27,5,[2],['겨울'],2,2,2,2,2
사하구,괴정동,구급,심정지,254,"[46, 48, 62, 45, 53]",45,5,[12],['겨울'],1,2,5,5,5
사하구,괴정동,화재,일반화재(주택),35,"[7, 7, 7, 3, 11]",3,5,[12],['겨울'],1,3,3,4,4
사하구,괴정동,구조,산악사고,18,"[3, 4, 4, 5, 2]",2,5,[4],['가을'],2,1,4,2,2
사하구,괴정동,구조,수난사고,1,"[0, 0, 1, 0, 0]",0,1,[9],['가을'],1,1,4,4,4
사하구,괴정동,구급,교통사고,311,"[72, 57, 73, 56, 53]",53,5,[11],['가을'],2,2,2,3,3
사하구,구평동,구급,심정지,31,"[4, 4, 5, 7, 11]",4,5,[12],['겨울'],1,2,2,4,4
사하구,구평동,화재,일반화재(주택),12,"[2, 6, 2, 1, 1]",1,5,[2],['겨울'],2,4,3,5,5
사하구,구평동,구조,산악사고,1,"[1, 0, 0, 0, 0]",0,1,[1],['겨울'],1,1,4,4,4
사하구,구평동,구조,수난사고,5,"[3, 1, 1, 0, 0]",0,3,[2],['겨울'],2,2,5,5,5
사하구,구평동,구급,교통사고,87,"[21, 15, 26, 15, 10]",10,5,[9],['가을'],2,3,4,2,2
사하구,다대동,구급,심정지,267,"[53, 57, 48, 49, 60]",48,5,[3],['겨울'],1,2,2,4,4
사하구,다대동,화재,일반화재(주택),19,"[7, 3, 4, 5, 0]",0,4,[12],['겨울'],1,3,4,5,5
사하구,다대동,구조,산악사고,5,"[0, 1, 1, 1, 2]",0,4,[9],['가을'],2,2,5,4,4
사하구,다대동,구조,수난사고,67,"[20, 17, 13, 7, 10]",7,5,[6],['여름'],2,4,3,5,5
사하구,다대동,구급,교통사고,272,"[64, 67, 58, 39, 44]",39,5,[5],['여름'],1,3,1,4,4
사하구,당리동,구급,심정지,102,"[15, 21, 22, 20, 24]",15,5,[11],['가을'],1,2,4,3,3
사하구,당리동,화재,일반화재(주택),18,"[2, 6, 4, 5, 1]",1,5,[9],['가을'],1,2,4,4,4
사하구,당리동,구조,산악사고,33,"[4, 8, 8, 5, 8]",4,5,[4],['가을'],2,3,3,5,5
사하구,당리동,구조,수난사고,0,"[0, 0, 0, 0, 0]",0,0,[],[],0,0,0,0,0
사하구,당리동,구급,교통사고,209,"[46, 44, 38, 44, 37]",37,5,[3],['봄'],1,3,4,5,5
사하구,신평동,구급,심정지,106,"[15, 25, 26, 25, 15]",15,5,[1],['겨울'],1,4,4,5,5
사하구,신평동,화재,일반화재(주택),27,"[5, 7, 6, 4, 5]",4,5,[9],['가을'],3,2,5,4,4
사하구,신평동,구조,산악사고,10,"[0, 5, 3, 1, 1]",0,4,[4],['겨울'],1,2,4,4,4
사하구,신평동,구조,수난사고,2,"[0, 1, 0, 0, 1]",0,2,[4],['봄'],1,2,4,5,5
사하구,신평동,구급,교통사고,233,"[48, 49, 52, 41, 43]",41,5,[9],['여름'],2,2,2,2,2
사하구,장림동,구급,심정지,143,"[30, 27, 31, 27, 28]",27,5,[11],['가을'],2,3,5,5,5
사하구,장림동,화재,일반화재(주택),33,"[6, 5, 7, 6, 9]",5,5,[5],['봄'],1,2,2,5,5
사하구,장림동,구조,산악사고,9,"[3, 3, 2, 1, 0]",0,4,[10],['가을'],1,2,3,4,4
사하구,장림동,구조,수난사고,2,"[0, 0, 1, 1, 0]",0,2,"[1, 12]",['겨울'],0,2,3,5,5
사하구,장림동,구급,교통사고,290,"[80, 61, 49, 49, 51]",49,5,[11],['가을'],1,3,1,4,4
사하구,하단동,구급,심정지,141,"[20, 23, 31, 34, 33]",20,5,[1],['겨울'],1,2,3,5,5
사하구,하단동,화재,일반화재(주택),29,"[7, 5, 4, 6, 7]",4,5,[4],['겨울'],2,2,4,4,4
사하구,하단동,구조,산악사고,17,"[2, 8, 2, 4, 1]",1,5,[7],['여름'],1,1,3,4,4
사하구,하단동,구조,수난사고,17,"[6, 6, 0, 2, 3]",0,4,[9],['가을'],2,4,2,5,5
사하구,하단동,구급,교통사고,473,"[100, 101, 105, 77, 90]",77,5,[2],['가을'],1,2,5,4,4
서구,남부민동,구급,심정지,93,"[15, 17, 16, 23, 22]",15,5,[3],['겨울'],1,2,3,4,4
서구,남부민동,화재,일반화재(주택),19,"[4, 5, 4, 3, 3]",3,5,[3],['봄'],0,2,2,2,2
서구,남부민동,구조,산악사고,4,"[1, 1, 1, 1, 0]",0,4,[3],['봄'],2,3,3,5,5
서구,남부민동,구조,수난사고,20,"[3, 6, 4, 4, 3]",3,5,[10],"['봄', '여름']",1,0,2,1,4
서구,남부민동,구급,교통사고,83,"[25, 22, 13, 12, 11]",11,5,[5],['봄'],2,2,3,5,5
서구,동대신동1가,구급,심정지,13,"[5, 2, 3, 1, 2]",1,5,[2],['겨울'],3,2,5,4,4
서구,동대신동1가,화재,일반화재(주택),3,"[0, 1, 0, 1, 1]",0,3,[9],['가을'],2,2,5,5,5
서구,동대신동1가,구조,산악사고,0,"[0, 0, 0, 0, 0]",0,0,[],[],0,0,0,0,0
서구,동대신동1가,구조,수난사고,0,"[0, 0, 0, 0, 0]",0,0,[],[],0,0,0,0,0
서구,동대신동1가,구급,교통사고,33,"[5, 6, 10, 6, 6]",5,5,[1],['겨울'],1,1,3,4,4
서구,동대신동2가,구급,심정지,38,"[6, 10, 6, 8, 8]",6,5,[2],['겨울'],1,3,2,4,4
서구,동대신동2가,화재,일반화재(주택),10,"[2, 1, 3, 2, 2]",1,5,[6],['겨울'],2,3,3,4,4
서구,동대신동2가,구조,산악사고,0,"[0, 0, 0, 0, 0]",0,0,[],[],0,0,0,0,0
서구,동대신동2가,구조,수난사고,0,"[0, 0, 0, 0, 0]",0,0,[],[],0,0,0,0,0
서구,동대신동2가,구급,교통사고,53,"[10, 12, 6, 9, 16]",6,5,[7],['여름'],0,2,2,3,3
서구,동대신동3가,구급,심정지,35,"[7, 6, 10, 6, 6]",6,5,[6],['겨울'],1,1,4,2,2
서구,동대신동3가,화재,일반화재(주택),8,"[1, 0, 4, 2, 1]",0,4,"[1, 10]",['겨울'],0,2,2,4,4
서구,동대신동3가,구조,산악사고,11,"[5, 0, 2, 1, 3]",0,4,[6],['여름'],1,0,4,3,3
서구,동대신동3가,구조,수난사고,0,"[0, 0, 0, 0, 0]",0,0,[],[],0,0,0,0,0
서구,동대신동3가,구급,교통사고,57,"[15, 7, 11, 14, 10]",7,5,"[1, 8, 10]",['겨울'],0,2,1,5,5
서구,부민동1가,구급,심정지,4,"[1, 1, 1, 0, 1]",0,4,"[5, 7, 10, 12]",['겨울'],0,1,1,4,4
서구,부민동1가,화재,일반화재(주택),2,"[0, 1, 0, 1, 0]",0,2,[7],['여름'],2,2,5,5,5
서구,부민동1가,구조,산악사고,0,"[0, 0, 0, 0, 0]",0,0,[],[],0,0,0,0,0
서구,부민동1가,구조,수난사고,0,"[0, 0, 0, 0, 0]",0,0,[],[],0,0,0,0,0
서구,부민동1가,구급,교통사고,20,"[9, 1, 4, 5, 1]",1,5,[12],['겨울'],2,3,3,5,5
서구,부민동2가,구급,심정지,1,"[0, 1, 0, 0, 0]",0,1,[4],['봄'],1,1,4,4,4
서구,부민동2가,화재,일반화재(주택),0,"[0, 0, 0, 0, 0]",0,0,[],[],0,0,0,0,0
서구,부민동2가,구조,산악사고,0,"[0, 0, 0, 0, 0]",0,0,[],[],0,0,0,0,0
서구,부민동2가,구조,수난사고,0,"[0, 0, 0, 0, 0]",0,0,[],[],0,0,0,0,0
서구,부민동2가,구급,교통사고,14,"[6, 2, 3, 3, 0]",0,4,"[7, 12]",['가을'],0,2,2,2,2
서구,부민동3가,구급,심정지,16,"[2, 3, 3, 1, 7]",1,5,[1],['겨울'],0,2,4,5,5
서구,부민동3가,화재,일반화재(주택),2,"[0, 1, 1, 0, 0]",0,2,[2],['겨울'],1,2,4,5,5
서구,부민동3가,구조,산악사고,0,"[0, 0, 0, 0, 0]",0,0,[],[],0,0,0,0,0
서구,부민동3가,구조,수난사고,0,"[0, 0, 0, 0, 0]",0,0,[],[],0,0,0,0,0
서구,부민동3가,구급,교통사고,10,"[2, 4, 2, 2, 0]",0,4,[9],['가을'],2,3,4,5,5
서구,부용동1가,구급,심정지,2,"[0, 1, 1, 0, 0]",0,2,[2],['겨울'],1,1,4,4,4
서구,부용동1가,화재,일반화재(주택),0,"[0, 0, 0, 0, 0]",0,0,[],[],0,0,0,0,0
서구,부용동1가,구조,산악사고,0,"[0, 0, 0, 0, 0]",0,0,[],[],0,0,0,0,0
서구,부용동1가,구조,수난사고,0,"[0, 0, 0, 0, 0]",0,0,[],[],0,0,0,0,0
서구,부용동1가,구급,교통사고,15,"[4, 1, 4, 6, 0]",0,4,[10],['가을'],1,1,3,3,3
서구,부용동2가,구급,심정지,5,"[1, 0, 4, 0, 0]",0,2,"[6, 9]",['가을'],0,1,3,4,4
서구,부용동2가,화재,일반화재(주택),2,"[1, 0, 0, 1, 0]",0,2,[2],['겨울'],1,1,4,4,4
서구,부용동2가,구조,산악사고,0,"[0, 0, 0, 0, 0]",0,0,[],[],0,0,0,0,0
서구,부용동2가,구조,수난사고,0,"[0, 0, 0, 0, 0]",0,0,[],[],0,0,0,0,0
서구,부용동2가,구급,교통사고,17,"[6, 4, 2, 4, 1]",1,5,[3],['봄'],3,3,4,4,4
서구,서대신동1가,구급,심정지,18,"[0, 1, 8, 3, 6]",0,4,[11],['겨울'],1,1,4,3,3
서구,서대신동1가,화재,일반화재(주택),4,"[0, 2, 2, 0, 0]",0,2,[11],['가을'],2,1,5,4,4
서구,서대신동1가,구조,산악사고,0,"[0, 0, 0, 0, 0]",0,0,[],[],0,0,0,0,0
서구,서대신동1가,구조,수난사고,0,"[0, 0, 0, 0, 0]",0,0,[],[],0,0,0,0,0
서구,서대신동1가,구급,교통사고,30,"[3, 9, 4, 5, 9]",3,5,"[5, 10]",['겨울'],0,1,0,3,3
서구,서대신동2가,구급,심정지,31,"[2, 5, 4, 11, 9]",2,5,[6],['겨울'],1,1,3,4,4
서구,서대신동2가,화재,일반화재(주택),5,"[1, 1, 1, 1, 1]",1,5,[8],['가을'],2,2,3,3,3
서구,서대신동2가,구조,산악사고,0,"[0, 0, 0, 0, 0]",0,0,[],[],0,0,0,0,0
서구,서대신동2가,구조,수난사고,0,"[0, 0, 0, 0, 0]",0,0,[],[],0,0,0,0,0
서구,서대신동2가,구급,교통사고,53,"[8, 18, 8, 10, 9]",8,5,[11],['가을'],2,3,3,3,3
서구,서대신동3가,구급,심정지,44,"[7, 6, 7, 13, 11]",6,5,[2],['겨울'],2,3,3,4,4
서구,서대신동3가,화재,일반화재(주택),7,"[2, 0, 2, 1, 2]",0,4,[2],['가을'],1,1,4,3,3
서구,서대신동3가,구조,산악사고,24,"[8, 4, 6, 3, 3]",3,5,[9],['가을'],2,3,4,5,5
서구,서대신동3가,구조,수난사고,0,"[0, 0, 0, 0, 0]",0,0,[],[],0,0,0,0,0
서구,서대신동3가,구급,교통사고,45,"[5, 10, 9, 8, 13]",5,5,[12],['겨울'],2,2,3,4,4
서구,아미동1가,구급,심정지,3,"[2, 0, 0, 1, 0]",0,2,[2],['겨울'],1,1,4,4,4
서구,아미동1가,화재,일반화재(주택),0,"[0, 0, 0, 0, 0]",0,0,[],[],0,0,0,0,0
서구,아미동1가,구조,산악사고,0,"[0, 0, 0, 0, 0]",0,0,[],[],0,0,0,0,0
서구,아미동1가,구조,수난사고,0,"[0, 0, 0, 0, 0]",0,0,[],[],0,0,0,0,0
서구,아미동1가,구급,교통사고,19,"[2, 4, 4, 6, 3]",2,5,[11],"['봄', '여름']",1,0,3,0,5
서구,아미동2가,구급,심정지,48,"[8, 7, 11, 14, 8]",7,5,[8],['겨울'],1,2,3,3,3
서구,아미동2가,화재,일반화재(주택),12,"[1, 1, 4, 4, 2]",1,5,[2],['가을'],2,1,3,3,3
서구,아미동2가,구조,산악사고,0,"[0, 0, 0, 0, 0]",0,0,[],[],0,0,0,0,0
서구,아미동2가,구조,수난사고,0,"[0, 0, 0, 0, 0]",0,0,[],[],0,0,0,0,0
서구,아미동2가,구급,교통사고,37,"[15, 6, 6, 3, 7]",3,5,[10],['가을'],1,3,4,3,3
서구,암남동,구급,심정지,75,"[11, 14, 16, 18, 16]",11,5,[11],['가을'],1,3,3,2,2
서구,암남동,화재,일반화재(주택),21,"[5, 2, 4, 6, 4]",2,5,[9],['가을'],1,2,4,3,3
서구,암남동,구조,산악사고,8,"[3, 3, 1, 1, 0]",0,4,[1],['봄'],0,1,3,3,3
서구,암남동,구조,수난사고,37,"[8, 8, 6, 11, 4]",4,5,[10],['여름'],1,1,2,4,4
서구,암남동,구급,교통사고,148,"[42, 28, 25, 31, 22]",22,5,[7],['여름'],1,2,2,4,4
서구,초장동,구급,심정지,40,"[4, 10, 13, 6, 7]",4,5,[10],['가을'],0,2,3,4,4
서구,초장동,화재,일반화재(주택),12,"[4, 2, 3, 0, 3]",0,4,[11],['봄'],1,0,3,2,2
서구,초장동,구조,산악사고,1,"[1, 0, 0, 0, 0]",0,1,[7],['여름'],1,1,4,4,4
서구,초장동,구조,수난사고,0,"[0, 0, 0, 0, 0]",0,0,[],[],0,0,0,0,0
서구,초장동,구급,교통사고,18,"[3, 4, 7, 2, 2]",2,5,[11],['봄'],1,0,3,3,4
서구,충무동1가,구급,심정지,16,"[2, 4, 5, 4, 1]",1,5,[4],['봄'],2,1,3,4,4
서구,충무동1가,화재,일반화재(주택),6,"[0, 0, 3, 0, 3]",0,2,"[1, 12]",['겨울'],0,2,3,5,5
서구,충무동1가,구조,산악사고,0,"[0, 0, 0, 0, 0]",0,0,[],[],0,0,0,0,0
서구,충무동1가,구조,수난사고,8,"[1, 1, 1, 4, 1]",1,5,[12],['겨울'],1,2,3,5,5
서구,충무동1가,구급,교통사고,57,"[16, 12, 13, 8, 8]",8,5,[5],['봄'],0,1,1,3,3
서구,충무동2가,구급,심정지,10,"[2, 3, 1, 3, 1]",1,5,[1],['겨울'],1,2,4,5,5
서구,충무동2가,화재,일반화재(주택),3,"[0, 0, 1, 1, 1]",0,3,[2],['겨울'],1,2,4,5,5
서구,충무동2가,구조,산악사고,0,"[0, 0, 0, 0, 0]",0,0,[],[],0,0,0,0,0
서구,충무동2가,구조,수난사고,0,"[0, 0, 0, 0, 0]",0,0,[],[],0,0,0,0,0
서구,충무동2가,구급,교통사고,4,"[1, 2, 0, 1, 0]",0,3,[11],['봄'],1,1,4,3,4
서구,충무동3가,구급,심정지,9,"[2, 3, 2, 1, 1]",1,5,[6],['여름'],2,2,5,5,5
서구,충무동3가,화재,일반화재(주택),3,"[2, 0, 0, 1, 0]",0,2,[5],['봄'],1,1,4,4,4
서구,충무동3가,구조,산악사고,0,"[0, 0, 0, 0, 0]",0,0,[],[],0,0,0,0,0
서구,충무동3가,구조,수난사고,0,"[0, 0, 0, 0, 0]",0,0,[],[],0,0,0,0,0
서구,충무동3가,구급,교통사고,9,"[0, 4, 2, 2, 1]",0,4,[8],['여름'],1,1,4,3,3
서구,토성동1가,구급,심정지,8,"[1, 2, 3, 2, 0]",0,4,[6],['여름'],2,2,3,4,4
서구,토성동1가,화재,일반화재(주택),1,"[0, 0, 1, 0, 0]",0,1,[3],['봄'],1,1,4,4,4
서구,토성동1가,구조,산악사고,0,"[0, 0, 0, 0, 0]",0,0,[],[],0,0,0,0,0
서구,토성동1가,구조,수난사고,0,"[0, 0, 0, 0, 0]",0,0,[],[],0,0,0,0,0
서구,토성동1가,구급,교통사고,22,"[2, 7, 7, 5, 1]",1,5,[12],['겨울'],1,3,4,5,5
서구,토성동2가,구급,심정지,6,"[3, 2, 1, 0, 0]",0,3,[6],['가을'],1,1,4,3,3
서구,토성동2가,화재,일반화재(주택),0,"[0, 0, 0, 0, 0]",0,0,[],[],0,0,0,0,0
서구,토성동2가,구조,산악사고,0,"[0, 0, 0, 0, 0]",0,0,[],[],0,0,0,0,0
서구,토성동2가,구조,수난사고,0,"[0, 0, 0, 0, 0]",0,0,[],[],0,0,0,0,0
서구,토성동2가,구급,교통사고,2,"[0, 2, 0, 0, 0]",0,1,[2],['겨울'],1,1,4,4,4
서구,토성동3가,구급,심정지,3,"[0, 1, 2, 0, 0]",0,2,"[5, 8, 10]",['가을'],0,1,3,4,4
서구,토성동3가,화재,일반화재(주택),2,"[1, 1, 0, 0, 0]",0,2,[11],['겨울'],1,1,4,4,4
서구,토성동3가,구조,산악사고,0,"[0, 0, 0, 0, 0]",0,0,[],[],0,0,0,0,0
서구,토성동3가,구조,수난사고,0,"[0, 0, 0, 0, 0]",0,0,[],[],0,0,0,0,0
서구,토성동3가,구급,교통사고,12,"[4, 1, 2, 4, 1]",1,5,[3],['봄'],2,3,3,5,5
서구,토성동4가,구급,심정지,2,"[0, 0, 1, 1, 0]",0,2,"[6, 9]",['가을'],0,1,3,4,4
서구,토성동4가,화재,일반화재(주택),3,"[0, 2, 0, 1, 0]",0,2,[1],['겨울'],1,2,4,5,5
서구,토성동4가,구조,산악사고,0,"[0, 0, 0, 0, 0]",0,0,[],[],0,0,0,0,0
서구,토성동4가,구조,수난사고,0,"[0, 0, 0, 0, 0]",0,0,[],[],0,0,0,0,0
서구,토성동4가,구급,교통사고,20,"[4, 6, 5, 2, 3]",2,5,"[3, 5]",['봄'],0,1,2,4,4
서구,토성동5가,구급,심정지,12,"[4, 1, 4, 2, 1]",1,5,"[1, 5]",['봄'],1,1,1,3,3
서구,토성동5가,화재,일반화재(주택),2,"[0, 0, 2, 0, 0]",0,1,[4],['겨울'],1,1,4,4,4
서구,토성동5가,구조,산악사고,0,"[0, 0, 0, 0, 0]",0,0,[],[],0,0,0,0,0
서구,토성동5가,구조,수난사고,0,"[0, 0, 0, 0, 0]",0,0,[],[],0,0,0,0,0
서구,토성동5가,구급,교통사고,15,"[3, 5, 3, 3, 1]",1,5,[7],['여름'],2,4,4,5,5
수영구,광안동,구급,심정지,223,"[40, 48, 44, 40, 51]",40,5,[11],['가을'],1,2,4,4,4
수영구,광안동,화재,일반화재(주택),52,"[9, 12, 10, 8, 13]",8,5,[7],['가을'],1,3,3,4,4
수영구,광안동,구조,산악사고,6,"[1, 2, 2, 1, 0]",0,4,[6],['여름'],2,2,3,4,4
수영구,광안동,구조,수난사고,40,"[5, 16, 7, 7, 5]",5,5,[8],['여름'],1,4,4,5,5
수영구,광안동,구급,교통사고,611,"[112, 169, 126, 108, 96]",96,5,[4],['봄'],3,2,5,4,4
수영구,남천동,구급,심정지,81,"[6, 15, 23, 16, 21]",6,5,[5],['봄'],1,1,3,3,3
수영구,남천동,화재,일반화재(주택),16,"[3, 4, 1, 5, 3]",1,5,[5],['봄'],1,2,4,3,4
수영구,남천동,구조,산악사고,1,"[0, 1, 0, 0, 0]",0,1,[4],['봄'],1,1,4,4,4
수영구,남천동,구조,수난사고,12,"[0, 3, 3, 4, 2]",0,4,[8],['가을'],0,2,2,3,3
수영구,남천동,구급,교통사고,223,"[36, 52, 50, 39, 46]",36,5,[7],['여름'],1,3,4,5,5
수영구,망미동,구급,심정지,139,"[30, 28, 29, 25, 27]",25,5,[9],['가을'],0,2,3,5,5
수영구,망미동,화재,일반화재(주택),33,"[7, 6, 5, 5, 10]",5,5,[7],['여름'],1,1,3,3,3
수영구,망미동,구조,산악사고,10,"[2, 1, 3, 3, 1]",1,5,[6],['여름'],3,2,5,5,5
수영구,망미동,구조,수난사고,1,"[0, 0, 1, 0, 0]",0,1,[6],['여름'],1,1,4,4,4
수영구,망미동,구급,교통사고,234,"[54, 43, 43, 52, 42]",42,5,[12],['겨울'],2,2,4,4,4
수영구,민락동,구급,심정지,114,"[15, 20, 32, 25, 22]",15,5,[12],['겨울'],1,3,2,5,5
수영구,민락동,화재,일반화재(주택),24,"[5, 6, 5, 4, 4]",4,5,[2],['겨울'],3,4,3,4,4
수영구,민락동,구조,산악사고,5,"[0, 1, 3, 1, 0]",0,3,[4],['봄'],2,3,5,5,5
수영구,민락동,구조,수난사고,42,"[5, 11, 11, 6, 9]",5,5,[8],['여름'],0,2,2,4,4
수영구,민락동,구급,교통사고,316,"[63, 61, 78, 53, 61]",53,5,[10],['가을'],1,4,5,5,5
수영구,수영동,구급,심정지,82,"[12, 16, 16, 15, 23]",12,5,"[10, 12]",['봄'],1,2,0,2,2
수영구,수영동,화재,일반화재(주택),14,"[1, 4, 1, 4, 4]",1,5,[11],['여름'],2,1,3,3,3
수영구,수영동,구조,산악사고,0,"[0, 0, 0, 0, 0]",0,0,[],[],0,0,0,0,0
수영구,수영동,구조,수난사고,6,"[1, 0, 3, 2, 0]",0,3,[3],['가을'],1,1,4,3,3
수영구,수영동,구급,교통사고,141,"[30, 33, 28, 29, 21]",21,5,[11],['가을'],1,3,4,5,5
연제구,거제동,구급,심정지,197,"[15, 44, 52, 45, 41]",15,5,"[3, 12]",['겨울'],0,3,2,5,5
연제구,거제동,화재,일반화재(주택),18,"[2, 5, 6, 1, 4]",1,5,[8],['여름'],1,2,3,3,3
연제구,거제동,구조,산악사고,2,"[0, 0, 1, 0, 1]",0,2,[4],['봄'],2,2,5,5,5
연제구,거제동,구조,수난사고,0,"[0, 0, 0, 0, 0]",0,0,[],[],0,0,0,0,0
연제구,거제동,구급,교통사고,423,"[92, 87, 80, 78, 86]",78,5,[11],['가을'],1,2,3,4,4
연제구,연산동,구급,심정지,511,"[78, 102, 119, 115, 97]",78,5,[9],['가을'],2,3,3,4,4
연제구,연산동,화재,일반화재(주택),77,"[17, 13, 15, 17, 15]",13,5,[9],['가을'],2,4,4,5,5
연제구,연산동,구조,산악사고,26,"[4, 8, 3, 7, 4]",3,5,[9],['가을'],1,3,3,5,5
연제구,연산동,구조,수난사고,2,"[0, 2, 0, 0, 0]",0,1,[10],['가을'],1,1,4,4,4
연제구,연산동,구급,교통사고,981,"[199, 239, 192, 180, 171]",171,5,[3],['겨울'],1,3,1,5,5
영도구,남항동1가,구급,심정지,25,"[3, 8, 5, 5, 4]",3,5,[2],['여름'],3,2,4,3,3
영도구,남항동1가,화재,일반화재(주택),7,"[1, 2, 3, 0, 1]",0,4,[9],['겨울'],1,1,4,3,3
영도구,남항동1가,구조,산악사고,0,"[0, 0, 0, 0, 0]",0,0,[],[],0,0,0,0,0
영도구,남항동1가,구조,수난사고,0,"[0, 0, 0, 0, 0]",0,0,[],[],0,0,0,0,0
영도구,남항동1가,구급,교통사고,34,"[7, 6, 9, 6, 6]",6,5,[2],['겨울'],2,1,3,3,3
영도구,남항동2가,구급,심정지,7,"[3, 1, 2, 1, 0]",0,4,[2],['봄'],2,2,4,3,3
영도구,남항동2가,화재,일반화재(주택),2,"[0, 0, 0, 0, 2]",0,1,"[1, 7]",['겨울'],1,1,4,4,4
영도구,남항동2가,구조,산악사고,0,"[0, 0, 0, 0, 0]",0,0,[],[],0,0,0,0,0
영도구,남항동2가,구조,수난사고,1,"[0, 1, 0, 0, 0]",0,1,[4],['봄'],1,1,4,4,4
영도구,남항동2가,구급,교통사고,31,"[8, 7, 6, 8, 2]",2,5,[7],['여름'],1,1,4,4,4
영도구,남항동3가,구급,심정지,16,"[4, 6, 1, 3, 2]",1,5,[3],"['봄', '여름']",1,0,2,1,4
영도구,남항동3가,화재,일반화재(주택),2,"[1, 0, 0, 1, 0]",0,2,"[8, 10]",['가을'],0,1,3,4,4
영도구,남항동3가,구조,산악사고,0,"[0, 0, 0, 0, 0]",0,0,[],[],0,0,0,0,0
영도구,남항동3가,구조,수난사고,0,"[0, 0, 0, 0, 0]",0,0,[],[],0,0,0,0,0
영도구,남항동3가,구급,교통사고,16,"[4, 6, 2, 1, 3]",1,5,[10],['가을'],0,2,2,4,4
영도구,대교동1가,구급,심정지,7,"[2, 2, 2, 1, 0]",0,4,[3],['봄'],0,1,3,3,3
영도구,대교동1가,화재,일반화재(주택),3,"[0, 0, 1, 2, 0]",0,2,"[4, 6]",['겨울'],0,1,3,4,4
영도구,대교동1가,구조,산악사고,0,"[0, 0, 0, 0, 0]",0,0,[],[],0,0,0,0,0
영도구,대교동1가,구조,수난사고,21,"[3, 7, 6, 2, 3]",2,5,[3],['봄'],1,1,3,1,1
영도구,대교동1가,구급,교통사고,44,"[6, 6, 15, 11, 6]",6,5,[8],['여름'],0,2,2,5,5
영도구,대교동2가,구급,심정지,8,"[5, 1, 0, 2, 0]",0,3,[10],['가을'],1,1,3,3,3
영도구,대교동2가,화재,일반화재(주택),3,"[2, 0, 0, 0, 1]",0,2,[11],['겨울'],1,1,4,4,4
영도구,대교동2가,구조,산악사고,0,"[0, 0, 0, 0, 0]",0,0,[],[],0,0,0,0,0
영도구,대교동2가,구조,수난사고,1,"[0, 1, 0, 0, 0]",0,1,[4],['봄'],1,1,4,4,4
영도구,대교동2가,구급,교통사고,30,"[4, 7, 12, 4, 3]",3,5,[4],['봄'],0,1,5,5,5
영도구,대평동1가,구급,심정지,8,"[3, 0, 1, 1, 3]",0,4,[4],['봄'],1,2,4,3,3
영도구,대평동1가,화재,일반화재(주택),1,"[0, 0, 0, 1, 0]",0,1,[5],['봄'],1,1,4,4,4
영도구,대평동1가,구조,산악사고,0,"[0, 0, 0, 0, 0]",0,0,[],[],0,0,0,0,0
영도구,대평동1가,구조,수난사고,3,"[2, 0, 1, 0, 0]",0,2,[2],['겨울'],1,0,4,4,4
영도구,대평동1가,구급,교통사고,13,"[5, 4, 0, 1, 3]",0,4,[7],['여름'],0,1,3,4,4
영도구,대평동2가,구급,심정지,7,"[0, 2, 2, 1, 2]",0,4,[7],['여름'],0,1,3,3,3
영도구,대평동2가,화재,일반화재(주택),0,"[0, 0, 0, 0, 0]",0,0,[],[],0,0,0,0,0
영도구,대평동2가,구조,산악사고,0,"[0, 0, 0, 0, 0]",0,0,[],[],0,0,0,0,0
영도구,대평동2가,구조,수난사고,0,"[0, 0, 0, 0, 0]",0,0,[],[],0,0,0,0,0
영도구,대평동2가,구급,교통사고,2,"[1, 0, 0, 1, 0]",0,2,[4],['가을'],1,1,4,4,4
영도구,동삼동,구급,심정지,239,"[28, 48, 50, 51, 62]",28,5,[11],['봄'],0,2,2,4,4
영도구,동삼동,화재,일반화재(주택),21,"[5, 4, 0, 8, 4]",0,4,[2],['봄'],1,0,3,5,5
영도구,동삼동,구조,산악사고,12,"[2, 2, 2, 1, 5]",1,5,[11],['겨울'],1,1,3,4,4
영도구,동삼동,구조,수난사고,29,"[10, 9, 4, 3, 3]",3,5,[7],['여름'],0,3,1,5,5
영도구,동삼동,구급,교통사고,206,"[33, 46, 52, 38, 37]",33,5,[12],['겨울'],1,3,4,5,5
영도구,봉래동1가,구급,심정지,5,"[1, 1, 2, 0, 1]",0,4,[7],"['봄', '여름']",2,0,3,1,5
영도구,봉래동1가,화재,일반화재(주택),1,"[1, 0, 0, 0, 0]",0,1,[6],['여름'],1,1,4,4,4
영도구,봉래동1가,구조,산악사고,0,"[0, 0, 0, 0, 0]",0,0,[],[],0,0,0,0,0
영도구,봉래동1가,구조,수난사고,15,"[3, 4, 4, 1, 3]",1,5,[11],['가을'],1,3,3,5,5
영도구,봉래동1가,구급,교통사고,17,"[4, 2, 4, 4, 3]",2,5,[3],['봄'],1,2,5,5,5
영도구,봉래동2가,구급,심정지,17,"[5, 4, 3, 2, 3]",2,5,[2],['겨울'],1,3,3,5,5
영도구,봉래동2가,화재,일반화재(주택),1,"[0, 1, 0, 0, 0]",0,1,[8],['여름'],1,1,4,4,4
영도구,봉래동2가,구조,산악사고,0,"[0, 0, 0, 0, 0]",0,0,[],[],0,0,0,0,0
영도구,봉래동2가,구조,수난사고,3,"[1, 0, 1, 0, 1]",0,3,[2],['겨울'],1,1,4,4,4
영도구,봉래동2가,구급,교통사고,17,"[6, 2, 5, 3, 1]",1,5,[3],['봄'],1,1,5,5,5
영도구,봉래동3가,구급,심정지,11,"[2, 1, 1, 4, 3]",1,5,[12],['겨울'],2,3,4,4,4
영도구,봉래동3가,화재,일반화재(주택),1,"[0, 0, 1, 0, 0]",0,1,[8],['여름'],1,1,4,4,4
영도구,봉래동3가,구조,산악사고,0,"[0, 0, 0, 0, 0]",0,0,[],[],0,0,0,0,0
영도구,봉래동3가,구조,수난사고,0,"[0, 0, 0, 0, 0]",0,0,[],[],0,0,0,0,0
영도구,봉래동3가,구급,교통사고,24,"[7, 7, 1, 8, 1]",1,5,[5],['가을'],0,3,2,5,5
영도구,봉래동4가,구급,심정지,17,"[1, 4, 6, 2, 4]",1,5,"[10, 12]",['가을'],0,2,2,3,3
영도구,봉래동4가,화재,일반화재(주택),2,"[1, 1, 0, 0, 0]",0,2,"[6, 9]",['가을'],0,1,3,4,4
영도구,봉래동4가,구조,산악사고,1,"[0, 0, 1, 0, 0]",0,1,[10],['가을'],1,1,4,4,4
영도구,봉래동4가,구조,수난사고,0,"[0, 0, 0, 0, 0]",0,0,[],[],0,0,0,0,0
영도구,봉래동4가,구급,교통사고,28,"[0, 13, 2, 6, 7]",0,4,[5],['여름'],0,1,2,4,4
영도구,봉래동5가,구급,심정지,15,"[3, 7, 0, 2, 3]",0,4,"[3, 12]",['겨울'],0,1,3,3,3
영도구,봉래동5가,화재,일반화재(주택),2,"[1, 0, 0, 0, 1]",0,2,"[4, 11]",['가을'],0,1,3,4,4
영도구,봉래동5가,구조,산악사고,3,"[0, 0, 2, 1, 0]",0,2,"[3, 8, 10]",['가을'],0,1,3,4,4
영도구,봉래동5가,구조,수난사고,0,"[0, 0, 0, 0, 0]",0,0,[],[],0,0,0,0,0
영도구,봉래동5가,구급,교통사고,15,"[3, 4, 5, 2, 1]",1,5,[2],['여름'],1,2,3,4,4
영도구,신선동1가,구급,심정지,12,"[1, 1, 1, 4, 5]",1,5,[8],['여름'],1,1,4,3,3
영도구,신선동1가,화재,일반화재(주택),1,"[0, 0, 0, 0, 1]",0,1,[9],['가을'],1,1,4,4,4
영도구,신선동1가,구조,산악사고,0,"[0, 0, 0, 0, 0]",0,0,[],[],0,0,0,0,0
영도구,신선동1가,구조,수난사고,0,"[0, 0, 0, 0, 0]",0,0,[],[],0,0,0,0,0
영도구,신선동1가,구급,교통사고,14,"[1, 7, 2, 3, 1]",1,5,[1],['겨울'],1,3,4,5,5
영도구,신선동2가,구급,심정지,40,"[6, 8, 11, 11, 4]",4,5,"[6, 11]",['가을'],0,2,1,3,3
영도구,신선동2가,화재,일반화재(주택),4,"[0, 0, 2, 1, 1]",0,3,[8],['여름'],1,1,3,3,3
영도구,신선동2가,구조,산악사고,1,"[0, 0, 0, 0, 1]",0,1,[11],['가을'],1,1,4,4,4
영도구,신선동2가,구조,수난사고,0,"[0, 0, 0, 0, 0]",0,0,[],[],0,0,0,0,0
영도구,신선동2가,구급,교통사고,4,"[2, 2, 0, 0, 0]",0,2,[6],['봄'],1,0,4,3,4
영도구,신선동3가,구급,심정지,14,"[3, 2, 6, 2, 1]",1,5,[12],['겨울'],2,4,5,5,5
영도구,신선동3가,화재,일반화재(주택),1,"[1, 0, 0, 0, 0]",0,1,[4],['봄'],1,1,4,4,4
영도구,신선동3가,구조,산악사고,2,"[1, 0, 1, 0, 0]",0,2,[1],['겨울'],2,2,5,5,5
영도구,신선동3가,구조,수난사고,0,"[0, 0, 0, 0, 0]",0,0,[],[],0,0,0,0,0
영도구,신선동3가,구급,교통사고,8,"[2, 1, 1, 1, 3]",1,5,"[8, 12]",['여름'],0,2,2,3,3
영도구,영선동1가,구급,심정지,7,"[0, 1, 2, 2, 2]",0,4,[4],['봄'],2,1,4,4,4
영도구,영선동1가,화재,일반화재(주택),0,"[0, 0, 0, 0, 0]",0,0,[],[],0,0,0,0,0
영도구,영선동1가,구조,산악사고,0,"[0, 0, 0, 0, 0]",0,0,[],[],0,0,0,0,0
영도구,영선동1가,구조,수난사고,0,"[0, 0, 0, 0, 0]",0,0,[],[],0,0,0,0,0
영도구,영선동1가,구급,교통사고,19,"[4, 4, 4, 4, 3]",3,5,[2],['가을'],1,1,3,3,3
영도구,영선동2가,구급,심정지,11,"[1, 3, 2, 2, 3]",1,5,[4],['여름'],2,1,4,4,5
영도구,영선동2가,화재,일반화재(주택),4,"[2, 1, 0, 0, 1]",0,3,[12],['겨울'],1,2,3,5,5
영도구,영선동2가,구조,산악사고,0,"[0, 0, 0, 0, 0]",0,0,[],[],0,0,0,0,0
영도구,영선동2가,구조,수난사고,0,"[0, 0, 0, 0, 0]",0,0,[],[],0,0,0,0,0
영도구,영선동2가,구급,교통사고,38,"[6, 9, 15, 5, 3]",3,5,[6],['가을'],2,2,2,3,3
영도구,영선동3가,구급,심정지,8,"[1, 2, 1, 0, 4]",0,4,[7],['여름'],2,3,4,4,4
영도구,영선동3가,화재,일반화재(주택),1,"[0, 0, 0, 0, 1]",0,1,[4],['봄'],1,1,4,4,4
영도구,영선동3가,구조,산악사고,0,"[0, 0, 0, 0, 0]",0,0,[],[],0,0,0,0,0
영도구,영선동3가,구조,수난사고,0,"[0, 0, 0, 0, 0]",0,0,[],[],0,0,0,0,0
영도구,영선동3가,구급,교통사고,17,"[4, 4, 3, 4, 2]",2,5,"[5, 7, 12]",['가을'],0,3,1,4,4
영도구,영선동4가,구급,심정지,26,"[4, 5, 6, 5, 6]",4,5,"[4, 6]",['봄'],1,2,2,4,5
영도구,영선동4가,화재,일반화재(주택),11,"[2, 1, 2, 2, 4]",1,5,[9],['가을'],2,3,3,5,5
영도구,영선동4가,구조,산악사고,1,"[0, 0, 1, 0, 0]",0,1,[5],['봄'],1,1,4,4,4
영도구,영선동4가,구조,수난사고,5,"[0, 2, 2, 1, 0]",0,3,[2],['겨울'],1,2,4,5,5
영도구,영선동4가,구급,교통사고,40,"[8, 12, 5, 11, 4]",4,5,[8],['여름'],0,2,2,5,5
영도구,청학동,구급,심정지,104,"[21, 24, 16, 20, 23]",16,5,[4],['겨울'],1,3,3,5,5
영도구,청학동,화재,일반화재(주택),19,"[6, 1, 3, 5, 4]",1,5,[4],['봄'],1,3,4,5,5
영도구,청학동,구조,산악사고,8,"[1, 2, 2, 2, 1]",1,5,"[3, 7]",['봄'],1,0,2,2,3
영도구,청학동,구조,수난사고,10,"[2, 0, 2, 2, 4]",0,4,"[5, 7, 12]","['봄', '여름']",0,0,2,1,4
영도구,청학동,구급,교통사고,140,"[37, 33, 20, 24, 26]",20,5,[8],['여름'],1,2,4,2,2
중구,광복동1가,구급,심정지,0,"[0, 0, 0, 0, 0]",0,0,[],[],0,0,0,0,0
중구,광복동1가,화재,일반화재(주택),1,"[1, 0, 0, 0, 0]",0,1,[1],['겨울'],1,1,4,4,4
중구,광복동1가,구조,산악사고,0,"[0, 0, 0, 0, 0]",0,0,[],[],0,0,0,0,0
중구,광복동1가,구조,수난사고,0,"[0, 0, 0, 0, 0]",0,0,[],[],0,0,0,0,0
중구,광복동1가,구급,교통사고,5,"[1, 2, 1, 1, 0]",0,4,[9],['가을'],2,2,5,3,3
중구,광복동2가,구급,심정지,0,"[0, 0, 0, 0, 0]",0,0,[],[],0,0,0,0,0
중구,광복동2가,화재,일반화재(주택),0,"[0, 0, 0, 0, 0]",0,0,[],[],0,0,0,0,0
중구,광복동2가,구조,산악사고,0,"[0, 0, 0, 0, 0]",0,0,[],[],0,0,0,0,0
중구,광복동2가,구조,수난사고,0,"[0, 0, 0, 0, 0]",0,0,[],[],0,0,0,0,0
중구,광복동2가,구급,교통사고,7,"[2, 0, 2, 2, 1]",0,4,"[6, 9]",['겨울'],0,3,1,5,5
중구,광복동3가,구급,심정지,0,"[0, 0, 0, 0, 0]",0,0,[],[],0,0,0,0,0
중구,광복동3가,화재,일반화재(주택),1,"[0, 0, 0, 0, 1]",0,1,[5],['봄'],1,1,4,4,4
중구,광복동3가,구조,산악사고,0,"[0, 0, 0, 0, 0]",0,0,[],[],0,0,0,0,0
중구,광복동3가,구조,수난사고,0,"[0, 0, 0, 0, 0]",0,0,[],[],0,0,0,0,0
중구,광복동3가,구급,교통사고,1,"[1, 0, 0, 0, 0]",0,1,[1],['겨울'],1,1,4,4,4
중구,남포동1가,구급,심정지,2,"[0, 0, 0, 1, 1]",0,2,"[7, 8]",['여름'],0,2,3,5,5
중구,남포동1가,화재,일반화재(주택),0,"[0, 0, 0, 0, 0]",0,0,[],[],0,0,0,0,0
중구,남포동1가,구조,산악사고,0,"[0, 0, 0, 0, 0]",0,0,[],[],0,0,0,0,0
중구,남포동1가,구조,수난사고,1,"[0, 0, 1, 0, 0]",0,1,[4],['봄'],1,1,4,4,4
중구,남포동1가,구급,교통사고,10,"[3, 4, 2, 0, 1]",0,4,[2],['가을'],2,2,4,5,5
중구,남포동2가,구급,심정지,1,"[1, 0, 0, 0, 0]",0,1,[8],['여름'],1,1,4,4,4
중구,남포동2가,화재,일반화재(주택),2,"[0, 1, 1, 0, 0]",0,2,[4],['겨울'],1,1,4,4,4
중구,남포동2가,구조,산악사고,0,"[0, 0, 0, 0, 0]",0,0,[],[],0,0,0,0,0
중구,남포동2가,구조,수난사고,0,"[0, 0, 0, 0, 0]",0,0,[],[],0,0,0,0,0
중구,남포동2가,구급,교통사고,6,"[0, 1, 2, 3, 0]",0,3,[2],['겨울'],2,2,4,4,4
중구,남포동3가,구급,심정지,0,"[0, 0, 0, 0, 0]",0,0,[],[],0,0,0,0,0
중구,남포동3가,화재,일반화재(주택),0,"[0, 0, 0, 0, 0]",0,0,[],[],0,0,0,0,0
중구,남포동3가,구조,산악사고,0,"[0, 0, 0, 0, 0]",0,0,[],[],0,0,0,0,0
중구,남포동3가,구조,수난사고,0,"[0, 0, 0, 0, 0]",0,0,[],[],0,0,0,0,0
중구,남포동3가,구급,교통사고,1,"[0, 1, 0, 0, 0]",0,1,[12],['겨울'],1,1,4,4,4
중구,남포동4가,구급,심정지,4,"[0, 0, 1, 3, 0]",0,2,[7],"['봄', '여름']",1,0,4,3,5
중구,남포동4가,화재,일반화재(주택),2,"[0, 0, 1, 0, 1]",0,2,[4],"['봄', '여름']",1,0,4,3,5
중구,남포동4가,구조,산악사고,0,"[0, 0, 0, 0, 0]",0,0,[],[],0,0,0,0,0
중구,남포동4가,구조,수난사고,7,"[1, 3, 1, 2, 0]",0,4,"[1, 7]",['겨울'],0,1,2,4,4
중구,남포동4가,구급,교통사고,25,"[6, 6, 11, 1, 1]",1,5,[11],['가을'],0,2,3,3,3
중구,남포동5가,구급,심정지,10,"[2, 2, 1, 4, 1]",1,5,"[3, 10]",['봄'],0,2,2,3,3
중구,남포동5가,화재,일반화재(주택),1,"[1, 0, 0, 0, 0]",0,1,[7],['여름'],1,1,4,4,4
중구,남포동5가,구조,산악사고,0,"[0, 0, 0, 0, 0]",0,0,[],[],0,0,0,0,0
중구,남포동5가,구조,수난사고,5,"[1, 0, 3, 0, 1]",0,3,[8],"['봄', '여름']",1,0,3,3,4
중구,남포동5가,구급,교통사고,56,"[9, 13, 15, 8, 11]",8,5,[12],['겨울'],1,3,4,5,5
중구,남포동6가,구급,심정지,8,"[3, 1, 3, 1, 0]",0,4,[9],['여름'],1,1,4,3,4
중구,남포동6가,화재,일반화재(주택),3,"[0, 1, 1, 1, 0]",0,3,"[1, 5, 12]",['겨울'],0,2,2,5,5
중구,남포동6가,구조,산악사고,0,"[0, 0, 0, 0, 0]",0,0,[],[],0,0,0,0,0
중구,남포동6가,구조,수난사고,2,"[0, 1, 0, 1, 0]",0,2,[2],['겨울'],1,1,4,4,4
중구,남포동6가,구급,교통사고,78,"[16, 18, 22, 13, 9]",9,5,[4],['봄'],1,2,4,5,5
중구,대창동1가,구급,심정지,3,"[1, 1, 0, 0, 1]",0,3,[9],['가을'],1,2,4,5,5
중구,대창동1가,화재,일반화재(주택),0,"[0, 0, 0, 0, 0]",0,0,[],[],0,0,0,0,0
중구,대창동1가,구조,산악사고,0,"[0, 0, 0, 0, 0]",0,0,[],[],0,0,0,0,0
중구,대창동1가,구조,수난사고,0,"[0, 0, 0, 0, 0]",0,0,[],[],0,0,0,0,0
중구,대창동1가,구급,교통사고,9,"[1, 6, 2, 0, 0]",0,3,[4],['봄'],1,1,3,3,3
중구,대창동2가,구급,심정지,0,"[0, 0, 0, 0, 0]",0,0,[],[],0,0,0,0,0
중구,대창동2가,화재,일반화재(주택),0,"[0, 0, 0, 0, 0]",0,0,[],[],0,0,0,0,0
중구,대창동2가,구조,산악사고,0,"[0, 0, 0, 0, 0]",0,0,[],[],0,0,0,0,0
중구,대창동2가,구조,수난사고,0,"[0, 0, 0, 0, 0]",0,0,[],[],0,0,0,0,0
중구,대창동2가,구급,교통사고,4,"[0, 1, 0, 1, 2]",0,3,[6],['가을'],1,2,3,4,4
중구,대청동1가,구급,심정지,2,"[1, 0, 1, 0, 0]",0,2,[6],['겨울'],1,1,4,4,4
중구,대청동1가,화재,일반화재(주택),1,"[0, 1, 0, 0, 0]",0,1,[6],['여름'],1,1,4,4,4
중구,대청동1가,구조,산악사고,0,"[0, 0, 0, 0, 0]",0,0,[],[],0,0,0,0,0
중구,대청동1가,구조,수난사고,0,"[0, 0, 0, 0, 0]",0,0,[],[],0,0,0,0,0
중구,대청동1가,구급,교통사고,8,"[1, 2, 2, 1, 2]",1,5,[11],['겨울'],2,3,3,5,5
중구,대청동2가,구급,심정지,3,"[0, 2, 1, 0, 0]",0,2,[11],['겨울'],1,1,4,4,4
중구,대청동2가,화재,일반화재(주택),2,"[1, 0, 0, 1, 0]",0,2,[2],['겨울'],1,2,4,5,5
중구,대청동2가,구조,산악사고,0,"[0, 0, 0, 0, 0]",0,0,[],[],0,0,0,0,0
중구,대청동2가,구조,수난사고,0,"[0, 0, 0, 0, 0]",0,0,[],[],0,0,0,0,0
중구,대청동2가,구급,교통사고,9,"[0, 2, 4, 2, 1]",0,4,[6],['여름'],1,1,4,4,4
중구,대청동3가,구급,심정지,1,"[0, 0, 0, 0, 1]",0,1,[12],['겨울'],1,1,4,4,4
중구,대청동3가,화재,일반화재(주택),2,"[0, 1, 0, 1, 0]",0,2,[6],['여름'],1,2,4,5,5
중구,대청동3가,구조,산악사고,0,"[0, 0, 0, 0, 0]",0,0,[],[],0,0,0,0,0
중구,대청동3가,구조,수난사고,0,"[0, 0, 0, 0, 0]",0,0,[],[],0,0,0,0,0
중구,대청동3가,구급,교통사고,14,"[4, 3, 6, 0, 1]",0,4,[8],"['봄', '여름']",0,0,3,2,3
중구,대청동4가,구급,심정지,32,"[5, 7, 9, 3, 8]",3,5,[2],['겨울'],2,2,4,5,5
중구,대청동4가,화재,일반화재(주택),4,"[1, 2, 0, 0, 1]",0,3,[11],['가을'],1,2,4,3,3
중구,대청동4가,구조,산악사고,0,"[0, 0, 0, 0, 0]",0,0,[],[],0,0,0,0,0
중구,대청동4가,구조,수난사고,0,"[0, 0, 0, 0, 0]",0,0,[],[],0,0,0,0,0
중구,대청동4가,구급,교통사고,20,"[4, 4, 7, 3, 2]",2,5,[12],['겨울'],1,2,5,4,4
중구,동광동1가,구급,심정지,3,"[0, 1, 0, 1, 1]",0,3,[9],['겨울'],1,1,4,4,4
중구,동광동1가,화재,일반화재(주택),0,"[0, 0, 0, 0, 0]",0,0,[],[],0,0,0,0,0
중구,동광동1가,구조,산악사고,0,"[0, 0, 0, 0, 0]",0,0,[],[],0,0,0,0,0
중구,동광동1가,구조,수난사고,0,"[0, 0, 0, 0, 0]",0,0,[],[],0,0,0,0,0
중구,동광동1가,구급,교통사고,11,"[1, 4, 3, 2, 1]",1,5,[11],['가을'],1,3,3,5,5
중구,동광동2가,구급,심정지,0,"[0, 0, 0, 0, 0]",0,0,[],[],0,0,0,0,0
중구,동광동2가,화재,일반화재(주택),1,"[0, 1, 0, 0, 0]",0,1,[2],['겨울'],1,1,4,4,4
중구,동광동2가,구조,산악사고,0,"[0, 0, 0, 0, 0]",0,0,[],[],0,0,0,0,0
중구,동광동2가,구조,수난사고,0,"[0, 0, 0, 0, 0]",0,0,[],[],0,0,0,0,0
중구,동광동2가,구급,교통사고,0,"[0, 0, 0, 0, 0]",0,0,[],[],0,0,0,0,0
중구,동광동3가,구급,심정지,6,"[0, 2, 3, 0, 1]",0,3,[11],['가을'],2,2,5,5,5
중구,동광동3가,화재,일반화재(주택),2,"[0, 0, 0, 0, 2]",0,1,[6],"['봄', '여름']",1,1,4,4,4
중구,동광동3가,구조,산악사고,0,"[0, 0, 0, 0, 0]",0,0,[],[],0,0,0,0,0
중구,동광동3가,구조,수난사고,0,"[0, 0, 0, 0, 0]",0,0,[],[],0,0,0,0,0
중구,동광동3가,구급,교통사고,1,"[0, 0, 0, 0, 1]",0,1,[3],['봄'],1,1,4,4,4
중구,동광동4가,구급,심정지,0,"[0, 0, 0, 0, 0]",0,0,[],[],0,0,0,0,0
중구,동광동4가,화재,일반화재(주택),0,"[0, 0, 0, 0, 0]",0,0,[],[],0,0,0,0,0
중구,동광동4가,구조,산악사고,0,"[0, 0, 0, 0, 0]",0,0,[],[],0,0,0,0,0
중구,동광동4가,구조,수난사고,0,"[0, 0, 0, 0, 0]",0,0,[],[],0,0,0,0,0
중구,동광동4가,구급,교통사고,5,"[2, 0, 1, 0, 2]",0,3,[4],['봄'],1,1,4,4,4
중구,동광동5가,구급,심정지,19,"[2, 3, 8, 2, 4]",2,5,[9],['가을'],0,4,3,5,5
중구,동광동5가,화재,일반화재(주택),2,"[0, 0, 1, 1, 0]",0,2,[6],['여름'],1,2,4,5,5
중구,동광동5가,구조,산악사고,0,"[0, 0, 0, 0, 0]",0,0,[],[],0,0,0,0,0
중구,동광동5가,구조,수난사고,0,"[0, 0, 0, 0, 0]",0,0,[],[],0,0,0,0,0
중구,동광동5가,구급,교통사고,10,"[1, 2, 1, 5, 1]",1,5,[12],['겨울'],1,3,4,5,5
중구,보수동1가,구급,심정지,31,"[4, 6, 8, 4, 9]",4,5,[12],['겨울'],0,2,3,4,4
중구,보수동1가,화재,일반화재(주택),12,"[4, 5, 1, 2, 0]",0,4,[4],"['봄', '여름']",1,0,3,1,5
중구,보수동1가,구조,산악사고,0,"[0, 0, 0, 0, 0]",0,0,[],[],0,0,0,0,0
중구,보수동1가,구조,수난사고,0,"[0, 0, 0, 0, 0]",0,0,[],[],0,0,0,0,0
중구,보수동1가,구급,교통사고,53,"[19, 9, 12, 8, 5]",5,5,[10],['가을'],1,1,3,3,3
중구,보수동2가,구급,심정지,11,"[2, 1, 3, 3, 2]",1,5,[4],['봄'],2,1,3,5,5
중구,보수동2가,화재,일반화재(주택),1,"[1, 0, 0, 0, 0]",0,1,[5],['봄'],1,1,4,4,4
중구,보수동2가,구조,산악사고,0,"[0, 0, 0, 0, 0]",0,0,[],[],0,0,0,0,0
중구,보수동2가,구조,수난사고,0,"[0, 0, 0, 0, 0]",0,0,[],[],0,0,0,0,0
중구,보수동2가,구급,교통사고,27,"[3, 10, 7, 2, 5]",2,5,[1],['겨울'],1,3,2,4,4
중구,보수동3가,구급,심정지,9,"[2, 0, 3, 1, 3]",0,4,[2],['겨울'],1,1,4,4,4
중구,보수동3가,화재,일반화재(주택),1,"[0, 0, 0, 0, 1]",0,1,[10],['가을'],1,1,4,4,4
중구,보수동3가,구조,산악사고,0,"[0, 0, 0, 0, 0]",0,0,[],[],0,0,0,0,0
중구,보수동3가,구조,수난사고,0,"[0, 0, 0, 0, 0]",0,0,[],[],0,0,0,0,0
중구,보수동3가,구급,교통사고,21,"[0, 12, 3, 2, 4]",0,4,[11],['봄'],2,1,4,4,4
중구,부평동1가,구급,심정지,14,"[4, 2, 4, 2, 2]",2,5,[1],['겨울'],1,5,5,5,5
중구,부평동1가,화재,일반화재(주택),4,"[0, 0, 3, 1, 0]",0,2,[11],['가을'],1,1,4,4,4
중구,부평동1가,구조,산악사고,0,"[0, 0, 0, 0, 0]",0,0,[],[],0,0,0,0,0
중구,부평동1가,구조,수난사고,0,"[0, 0, 0, 0, 0]",0,0,[],[],0,0,0,0,0
중구,부평동1가,구급,교통사고,35,"[9, 6, 13, 5, 2]",2,5,"[4, 11]",['가을'],0,2,2,2,2
중구,부평동2가,구급,심정지,5,"[1, 0, 1, 1, 2]",0,4,[2],['겨울'],1,2,4,5,5
중구,부평동2가,화재,일반화재(주택),10,"[1, 3, 2, 1, 3]",1,5,[4],['여름'],0,1,3,3,4
중구,부평동2가,구조,산악사고,0,"[0, 0, 0, 0, 0]",0,0,[],[],0,0,0,0,0
중구,부평동2가,구조,수난사고,0,"[0, 0, 0, 0, 0]",0,0,[],[],0,0,0,0,0
중구,부평동2가,구급,교통사고,51,"[12, 12, 8, 15, 4]",4,5,[3],['봄'],1,2,2,5,5
중구,부평동3가,구급,심정지,6,"[1, 1, 3, 1, 0]",0,4,[12],['겨울'],1,3,3,5,5
중구,부평동3가,화재,일반화재(주택),4,"[0, 1, 1, 1, 1]",0,4,[1],['겨울'],2,2,3,5,5
중구,부평동3가,구조,산악사고,0,"[0, 0, 0, 0, 0]",0,0,[],[],0,0,0,0,0
중구,부평동3가,구조,수난사고,0,"[0, 0, 0, 0, 0]",0,0,[],[],0,0,0,0,0
중구,부평동3가,구급,교통사고,39,"[4, 10, 8, 13, 4]",4,5,[2],['가을'],2,3,3,5,5
중구,부평동4가,구급,심정지,8,"[1, 1, 2, 3, 1]",1,5,[9],['가을'],2,2,3,3,3
중구,부평동4가,화재,일반화재(주택),1,"[0, 0, 1, 0, 0]",0,1,[6],['여름'],1,1,4,4,4
중구,부평동4가,구조,산악사고,0,"[0, 0, 0, 0, 0]",0,0,[],[],0,0,0,0,0
중구,부평동4가,구조,수난사고,0,"[0, 0, 0, 0, 0]",0,0,[],[],0,0,0,0,0
중구,부평동4가,구급,교통사고,20,"[6, 4, 6, 2, 2]",2,5,[11],['가을'],1,3,3,4,4
중구,신창동1가,구급,심정지,2,"[0, 0, 1, 0, 1]",0,2,[4],['겨울'],1,1,4,4,4
중구,신창동1가,화재,일반화재(주택),2,"[0, 0, 1, 1, 0]",0,2,"[5, 8]","['봄', '여름']",0,0,3,3,5
중구,신창동1가,구조,산악사고,0,"[0, 0, 0, 0, 0]",0,0,[],[],0,0,0,0,0
중구,신창동1가,구조,수난사고,0,"[0, 0, 0, 0, 0]",0,0,[],[],0,0,0,0,0
중구,신창동1가,구급,교통사고,5,"[0, 1, 1, 1, 2]",0,4,[2],['겨울'],1,2,4,4,4
중구,신창동2가,구급,심정지,1,"[0, 1, 0, 0, 0]",0,1,[5],['봄'],1,1,4,4,4
중구,신창동2가,화재,일반화재(주택),3,"[1, 0, 2, 0, 0]",0,2,[4],['봄'],2,1,5,4,4
중구,신창동2가,구조,산악사고,0,"[0, 0, 0, 0, 0]",0,0,[],[],0,0,0,0,0
중구,신창동2가,구조,수난사고,0,"[0, 0, 0, 0, 0]",0,0,[],[],0,0,0,0,0
중구,신창동2가,구급,교통사고,3,"[0, 1, 0, 0, 2]",0,2,[4],['봄'],2,2,5,5,5
중구,신창동3가,구급,심정지,0,"[0, 0, 0, 0, 0]",0,0,[],[],0,0,0,0,0
중구,신창동3가,화재,일반화재(주택),1,"[1, 0, 0, 0, 0]",0,1,[6],['여름'],1,1,4,4,4
중구,신창동3가,구조,산악사고,0,"[0, 0, 0, 0, 0]",0,0,[],[],0,0,0,0,0
중구,신창동3가,구조,수난사고,0,"[0, 0, 0, 0, 0]",0,0,[],[],0,0,0,0,0
중구,신창동3가,구급,교통사고,4,"[0, 0, 1, 1, 2]",0,3,[12],['겨울'],1,2,3,5,5
중구,신창동4가,구급,심정지,1,"[0, 0, 0, 0, 1]",0,1,[3],['봄'],1,1,4,4,4
중구,신창동4가,화재,일반화재(주택),0,"[0, 0, 0, 0, 0]",0,0,[],[],0,0,0,0,0
중구,신창동4가,구조,산악사고,0,"[0, 0, 0, 0, 0]",0,0,[],[],0,0,0,0,0
중구,신창동4가,구조,수난사고,0,"[0, 0, 0, 0, 0]",0,0,[],[],0,0,0,0,0
중구,신창동4가,구급,교통사고,13,"[2, 1, 4, 3, 3]",1,5,[11],['가을'],2,2,4,4,4
중구,영주동,구급,심정지,64,"[16, 7, 12, 12, 17]",7,5,"[1, 3]",['겨울'],0,2,2,2,2
중구,영주동,화재,일반화재(주택),14,"[0, 5, 4, 2, 3]",0,4,[4],['겨울'],2,3,3,4,4
중구,영주동,구조,산악사고,0,"[0, 0, 0, 0, 0]",0,0,[],[],0,0,0,0,0
중구,영주동,구조,수난사고,0,"[0, 0, 0, 0, 0]",0,0,[],[],0,0,0,0,0
중구,영주동,구급,교통사고,61,"[19, 14, 17, 4, 7]",4,5,[1],['겨울'],1,2,4,3,3
중구,중앙동1가,구급,심정지,1,"[0, 0, 0, 1, 0]",0,1,[5],['봄'],1,1,4,4,4
중구,중앙동1가,화재,일반화재(주택),0,"[0, 0, 0, 0, 0]",0,0,[],[],0,0,0,0,0
중구,중앙동1가,구조,산악사고,0,"[0, 0, 0, 0, 0]",0,0,[],[],0,0,0,0,0
중구,중앙동1가,구조,수난사고,0,"[0, 0, 0, 0, 0]",0,0,[],[],0,0,0,0,0
중구,중앙동1가,구급,교통사고,1,"[0, 0, 0, 1, 0]",0,1,[8],['여름'],1,1,4,4,4
중구,중앙동2가,구급,심정지,2,"[0, 1, 1, 0, 0]",0,2,[11],['가을'],1,1,4,4,4
중구,중앙동2가,화재,일반화재(주택),2,"[1, 1, 0, 0, 0]",0,2,[6],['여름'],2,2,5,5,5
중구,중앙동2가,구조,산악사고,0,"[0, 0, 0, 0, 0]",0,0,[],[],0,0,0,0,0
중구,중앙동2가,구조,수난사고,0,"[0, 0, 0, 0, 0]",0,0,[],[],0,0,0,0,0
중구,중앙동2가,구급,교통사고,4,"[1, 2, 0, 1, 0]",0,3,"[9, 11]",['겨울'],0,2,3,4,4
중구,중앙동3가,구급,심정지,0,"[0, 0, 0, 0, 0]",0,0,[],[],0,0,0,0,0
중구,중앙동3가,화재,일반화재(주택),0,"[0, 0, 0, 0, 0]",0,0,[],[],0,0,0,0,0
중구,중앙동3가,구조,산악사고,0,"[0, 0, 0, 0, 0]",0,0,[],[],0,0,0,0,0
중구,중앙동3가,구조,수난사고,0,"[0, 0, 0, 0, 0]",0,0,[],[],0,0,0,0,0
중구,중앙동3가,구급,교통사고,3,"[1, 0, 1, 1, 0]",0,3,"[1, 5, 12]",['겨울'],0,2,2,5,5
중구,중앙동4가,구급,심정지,17,"[4, 2, 4, 2, 5]",2,5,[7],['여름'],2,2,5,4,4
중구,중앙동4가,화재,일반화재(주택),4,"[1, 0, 1, 0, 2]",0,3,[8],['여름'],1,1,3,3,3
중구,중앙동4가,구조,산악사고,0,"[0, 0, 0, 0, 0]",0,0,[],[],0,0,0,0,0
중구,중앙동4가,구조,수난사고,2,"[0, 0, 0, 1, 1]",0,2,[2],['겨울'],2,2,5,5,5
중구,중앙동4가,구급,교통사고,70,"[11, 17, 21, 12, 9]",9,5,[7],['여름'],1,4,3,5,5
중구,중앙동5가,구급,심정지,3,"[0, 0, 2, 1, 0]",0,2,[4],['봄'],1,1,4,4,4
중구,중앙동5가,화재,일반화재(주택),0,"[0, 0, 0, 0, 0]",0,0,[],[],0,0,0,0,0
중구,중앙동5가,구조,산악사고,0,"[0, 0, 0, 0, 0]",0,0,[],[],0,0,0,0,0
중구,중앙동5가,구조,수난사고,1,"[0, 0, 1, 0, 0]",0,1,[4],['봄'],1,1,4,4,4
중구,중앙동5가,구급,교통사고,16,"[4, 2, 5, 4, 1]",1,5,[5],['봄'],2,2,4,3,3
중구,중앙동6가,구급,심정지,1,"[0, 0, 0, 1, 0]",0,1,[8],['여름'],1,1,4,4,4
중구,중앙동6가,화재,일반화재(주택),0,"[0, 0, 0, 0, 0]",0,0,[],[],0,0,0,0,0
중구,중앙동6가,구조,산악사고,0,"[0, 0, 0, 0, 0]",0,0,[],[],0,0,0,0,0
중구,중앙동6가,구조,수난사고,0,"[0, 0, 0, 0, 0]",0,0,[],[],0,0,0,0,0
중구,중앙동6가,구급,교통사고,24,"[3, 3, 10, 4, 4]",3,5,[12],['봄'],0,2,4,2,2
중구,중앙동7가,구급,심정지,0,"[0, 0, 0, 0, 0]",0,0,[],[],0,0,0,0,0
중구,중앙동7가,화재,일반화재(주택),0,"[0, 0, 0, 0, 0]",0,0,[],[],0,0,0,0,0
중구,중앙동7가,구조,산악사고,0,"[0, 0, 0, 0, 0]",0,0,[],[],0,0,0,0,0
중구,중앙동7가,구조,수난사고,9,"[3, 1, 0, 4, 1]",0,4,[8],['여름'],3,3,5,5,5
중구,중앙동7가,구급,교통사고,5,"[1, 0, 1, 1, 2]",0,4,[12],['겨울'],1,3,3,5,5
중구,창선동1가,구급,심정지,0,"[0, 0, 0, 0, 0]",0,0,[],[],0,0,0,0,0
중구,창선동1가,화재,일반화재(주택),0,"[0, 0, 0, 0, 0]",0,0,[],[],0,0,0,0,0
중구,창선동1가,구조,산악사고,0,"[0, 0, 0, 0, 0]",0,0,[],[],0,0,0,0,0
중구,창선동1가,구조,수난사고,0,"[0, 0, 0, 0, 0]",0,0,[],[],0,0,0,0,0
중구,창선동1가,구급,교통사고,3,"[1, 1, 0, 0, 1]",0,3,[8],['여름'],2,2,3,3,3
중구,창선동2가,구급,심정지,1,"[0, 0, 1, 0, 0]",0,1,[1],['겨울'],1,1,4,4,4
중구,창선동2가,화재,일반화재(주택),0,"[0, 0, 0, 0, 0]",0,0,[],[],0,0,0,0,0
중구,창선동2가,구조,산악사고,0,"[0, 0, 0, 0, 0]",0,0,[],[],0,0,0,0,0
중구,창선동2가,구조,수난사고,0,"[0, 0, 0, 0, 0]",0,0,[],[],0,0,0,0,0
중구,창선동2가,구급,교통사고,8,"[2, 2, 1, 2, 1]",1,5,"[7, 8]",['여름'],0,2,2,4,4
해운대구,반송동,구급,심정지,232,"[30, 41, 59, 44, 58]",30,5,[2],['겨울'],1,3,3,5,5
해운대구,반송동,화재,일반화재(주택),40,"[10, 8, 6, 9, 7]",6,5,[2],['여름'],2,1,4,4,4
해운대구,반송동,구조,산악사고,18,"[5, 4, 5, 3, 1]",1,5,[7],['가을'],1,2,3,4,4
해운대구,반송동,구조,수난사고,0,"[0, 0, 0, 0, 0]",0,0,[],[],0,0,0,0,0
해운대구,반송동,구급,교통사고,154,"[33, 26, 37, 31, 27]",26,5,"[5, 12]",['가을'],1,3,0,5,5
해운대구,반여동,구급,심정지,239,"[30, 47, 56, 44, 62]",30,5,[11],['겨울'],1,2,2,4,4
해운대구,반여동,화재,일반화재(주택),38,"[12, 10, 7, 5, 4]",4,5,[5],['봄'],2,1,5,3,4
해운대구,반여동,구조,산악사고,38,"[6, 6, 13, 3, 10]",3,5,"[9, 11]",['가을'],0,2,1,5,5
해운대구,반여동,구조,수난사고,3,"[2, 1, 0, 0, 0]",0,2,[4],['봄'],1,1,4,4,4
해운대구,반여동,구급,교통사고,299,"[73, 57, 53, 63, 53]",53,5,[8],['가을'],1,2,3,5,5
해운대구,석대동,구급,심정지,8,"[2, 0, 2, 2, 2]",0,4,[4],['봄'],1,2,4,5,5
해운대구,석대동,화재,일반화재(주택),1,"[0, 0, 0, 0, 1]",0,1,[9],['가을'],1,1,4,4,4
해운대구,석대동,구조,산악사고,0,"[0, 0, 0, 0, 0]",0,0,[],[],0,0,0,0,0
해운대구,석대동,구조,수난사고,0,"[0, 0, 0, 0, 0]",0,0,[],[],0,0,0,0,0
해운대구,석대동,구급,교통사고,56,"[16, 15, 10, 9, 6]",6,5,[6],['봄'],2,2,2,5,5
해운대구,송정동,구급,심정지,71,"[9, 10, 22, 15, 15]",9,5,[12],['겨울'],1,3,3,3,3
해운대구,송정동,화재,일반화재(주택),10,"[0, 1, 2, 5, 2]",0,4,"[1, 7]",['겨울'],0,1,2,4,4
해운대구,송정동,구조,산악사고,4,"[1, 0, 3, 0, 0]",0,2,"[4, 9]",['가을'],0,1,3,4,4
해운대구,송정동,구조,수난사고,38,"[9, 10, 9, 5, 5]",5,5,[9],['여름'],1,2,4,5,5
해운대구,송정동,구급,교통사고,157,"[36, 37, 27, 30, 27]",27,5,[9],['가을'],2,3,5,3,3
해운대구,우동,구급,심정지,196,"[34, 30, 40, 46, 46]",30,5,[9],['가을'],2,2,2,2,2
해운대구,우동,화재,일반화재(주택),34,"[6, 4, 10, 7, 7]",4,5,[9],['겨울'],1,3,2,5,5
해운대구,우동,구조,산악사고,55,"[10, 9, 15, 12, 9]",9,5,[10],['가을'],2,4,5,5,5
해운대구,우동,구조,수난사고,57,"[14, 10, 10, 9, 14]",9,5,[5],['가을'],1,3,5,4,4
해운대구,우동,구급,교통사고,615,"[129, 130, 136, 111, 109]",109,5,[9],['가을'],1,3,2,3,3
해운대구,재송동,구급,심정지,147,"[23, 28, 33, 29, 34]",23,5,[2],['겨울'],1,3,3,5,5
해운대구,재송동,화재,일반화재(주택),22,"[5, 2, 6, 6, 3]",2,5,[8],['여름'],0,1,3,5,5
해운대구,재송동,구조,산악사고,14,"[2, 5, 3, 3, 1]",1,5,[11],['가을'],1,1,4,2,2
해운대구,재송동,구조,수난사고,5,"[0, 0, 1, 3, 1]",0,3,[2],['겨울'],1,2,4,5,5
해운대구,재송동,구급,교통사고,314,"[69, 65, 74, 65, 41]",41,5,"[3, 7]",['여름'],0,0,0,2,2
해운대구,좌동,구급,심정지,225,"[29, 37, 56, 49, 54]",29,5,[3],['여름'],2,0,4,2,2
해운대구,좌동,화재,일반화재(주택),9,"[4, 2, 0, 1, 2]",0,4,"[4, 11]",['가을'],0,2,2,3,3
해운대구,좌동,구조,산악사고,34,"[6, 10, 6, 4, 8]",4,5,[12],['가을'],0,4,2,4,4
해운대구,좌동,구조,수난사고,0,"[0, 0, 0, 0, 0]",0,0,[],[],0,0,0,0,0
해운대구,좌동,구급,교통사고,362,"[86, 77, 74, 70, 55]",55,5,[11],['가을'],1,4,2,5,5
해운대구,중동,구급,심정지,147,"[21, 37, 32, 38, 19]",19,5,[11],['가을'],1,2,1,2,2
해운대구,중동,화재,일반화재(주택),28,"[9, 5, 4, 8, 2]",2,5,[3],['봄'],1,1,3,1,3
해운대구,중동,구조,산악사고,0,"[0, 0, 0, 0, 0]",0,0,[],[],0,0,0,0,0
해운대구,중동,구조,수난사고,55,"[9, 10, 8, 17, 11]",8,5,[9],['여름'],3,1,5,3,3
해운대구,중동,구급,교통사고,248,"[48, 50, 57, 60, 33]",33,5,[4],['봄'],2,2,4,5,5
