snapshot,districtCode,district,category,shops,denominatorShops,sharePct
20240331,26110,중구,과학·기술,537,7321,7.335063515913126
20240331,26110,중구,교육,96,7321,1.3112962710012293
20240331,26110,중구,보건의료,54,7321,0.7376041524381916
20240331,26110,중구,부동산,132,7321,1.8030323726266904
20240331,26110,중구,소매,3014,7321,41.1692391749761
20240331,26110,중구,수리·개인,610,7321,8.33219505532031
20240331,26110,중구,숙박,147,7321,2.0079224149706323
20240331,26110,중구,시설관리·임대,307,7321,4.193416199972681
20240331,26110,중구,예술·스포츠,143,7321,1.9532850703455813
20240331,26110,중구,음식,2281,7321,31.15694577243546
20240331,26140,서구,과학·기술,210,3892,5.39568345323741
20240331,26140,서구,교육,148,3892,3.802672147995889
20240331,26140,서구,보건의료,42,3892,1.079136690647482
20240331,26140,서구,부동산,126,3892,3.237410071942446
20240331,26140,서구,소매,975,3892,25.051387461459402
20240331,26140,서구,수리·개인,528,3892,13.566289825282631
20240331,26140,서구,숙박,100,3892,2.5693730729701953
20240331,26140,서구,시설관리·임대,128,3892,3.28879753340185
20240331,26140,서구,예술·스포츠,121,3892,3.108941418293936
20240331,26140,서구,음식,1514,3892,38.90030832476876
20240331,26170,동구,과학·기술,575,6697,8.585934000298641
20240331,26170,동구,교육,144,6697,2.150216514857399
20240331,26170,동구,보건의료,42,6697,0.6271464835000746
20240331,26170,동구,부동산,153,6697,2.284605047035986
20240331,26170,동구,소매,2543,6697,37.97222637001642
20240331,26170,동구,수리·개인,624,6697,9.317604897715395
20240331,26170,동구,숙박,172,6697,2.5683141705241153
20240331,26170,동구,시설관리·임대,412,6697,6.152008361953113
20240331,26170,동구,예술·스포츠,141,6697,2.1054203374645364
20240331,26170,동구,음식,1891,6697,28.236523816634314
20240331,26200,영도구,과학·기술,208,3995,5.206508135168961
20240331,26200,영도구,교육,115,3995,2.8785982478097623
20240331,26200,영도구,보건의료,38,3995,0.951188986232791
20240331,26200,영도구,부동산,104,3995,2.6032540675844804
20240331,26200,영도구,소매,950,3995,23.779724655819773
20240331,26200,영도구,수리·개인,551,3995,13.79224030037547
20240331,26200,영도구,숙박,95,3995,2.3779724655819776
20240331,26200,영도구,시설관리·임대,176,3995,4.405506883604506
20240331,26200,영도구,예술·스포츠,133,3995,3.3291614518147683
20240331,26200,영도구,음식,1625,3995,40.67584480600751
20240331,26230,부산진구,과학·기술,1572,19756,7.957076331241142
20240331,26230,부산진구,교육,764,19756,3.867179591010326
20240331,26230,부산진구,보건의료,421,19756,2.130998177768779
20240331,26230,부산진구,부동산,773,19756,3.912735371532699
20240331,26230,부산진구,소매,5348,19756,27.070257137072282
20240331,26230,부산진구,수리·개인,2585,19756,13.084632516703786
20240331,26230,부산진구,숙박,263,19756,1.331241141931565
20240331,26230,부산진구,시설관리·임대,693,19756,3.507795100222717
20240331,26230,부산진구,예술·스포츠,612,19756,3.0977930755213605
20240331,26230,부산진구,음식,6725,19756,34.04029155699534
20240331,26260,동래구,과학·기술,753,11363,6.626771099181554
20240331,26260,동래구,교육,649,11363,5.711519845111326
20240331,26260,동래구,보건의료,189,11363,1.6632931444160872
20240331,26260,동래구,부동산,486,11363,4.277039514212796
20240331,26260,동래구,소매,2662,11363,23.426911907066795
20240331,26260,동래구,수리·개인,1520,11363,13.376749097949485
20240331,26260,동래구,숙박,124,11363,1.0912611106221948
20240331,26260,동래구,시설관리·임대,338,11363,2.974566575728241
20240331,26260,동래구,예술·스포츠,503,11363,4.426647892281967
20240331,26260,동래구,음식,4139,11363,36.42523981342955
20240331,26290,남구,과학·기술,711,8956,7.938811969629299
20240331,26290,남구,교육,441,8956,4.9240732469852615
20240331,26290,남구,보건의료,123,8956,1.3733809736489504
20240331,26290,남구,부동산,359,8956,4.008485931219294
20240331,26290,남구,소매,1982,8956,22.130415364001788
20240331,26290,남구,수리·개인,1242,8956,13.867798124162572
20240331,26290,남구,숙박,80,8956,0.8932559178204555
20240331,26290,남구,시설관리·임대,361,8956,4.0308173291648055
20240331,26290,남구,예술·스포츠,369,8956,4.120142920946852
20240331,26290,남구,음식,3288,8956,36.71281822242072
20240331,26320,북구,과학·기술,420,8111,5.178153125385279
20240331,26320,북구,교육,393,8111,4.845271853039082
20240331,26320,북구,보건의료,116,8111,1.4301565774873628
20240331,26320,북구,부동산,225,8111,2.774010602884971
20240331,26320,북구,소매,2000,8111,24.65787202564419
20240331,26320,북구,수리·개인,1129,8111,13.919368758476143
20240331,26320,북구,숙박,107,8111,1.319196153371964
20240331,26320,북구,시설관리·임대,219,8111,2.7000369868080383
20240331,26320,북구,예술·스포츠,464,8111,5.720626309949451
20240331,26320,북구,음식,3038,8111,37.45530760695352
20240331,26350,해운대구,과학·기술,1937,16151,11.993065444864095
20240331,26350,해운대구,교육,943,16151,5.838647761748499
20240331,26350,해운대구,보건의료,276,16151,1.7088725156337068
20240331,26350,해운대구,부동산,721,16151,4.464119868738778
20240331,26350,해운대구,소매,3647,16151,22.580645161290324
20240331,26350,해운대구,수리·개인,1796,16151,11.120054485790353
20240331,26350,해운대구,숙박,356,16151,2.2041978824840567
20240331,26350,해운대구,시설관리·임대,596,16151,3.6901739830351064
20240331,26350,해운대구,예술·스포츠,645,16151,3.9935607702309452
20240331,26350,해운대구,음식,5234,16151,32.40666212618414
20240331,26380,사하구,과학·기술,537,10582,5.074655074655075
20240331,26380,사하구,교육,375,10582,3.5437535437535437
20240331,26380,사하구,보건의료,143,10582,1.3513513513513513
20240331,26380,사하구,부동산,367,10582,3.468153468153468
20240331,26380,사하구,소매,2487,10582,23.502173502173502
20240331,26380,사하구,수리·개인,1658,10582,15.668115668115668
20240331,26380,사하구,숙박,92,10582,0.8694008694008694
20240331,26380,사하구,시설관리·임대,238,10582,2.249102249102249
20240331,26380,사하구,예술·스포츠,506,10582,4.781704781704781
20240331,26380,사하구,음식,4179,10582,39.491589491589494
20240331,26410,금정구,과학·기술,778,10110,7.695351137487636
20240331,26410,금정구,교육,446,10110,4.411473788328387
20240331,26410,금정구,보건의료,108,10110,1.0682492581602374
20240331,26410,금정구,부동산,380,10110,3.7586547972304647
20240331,26410,금정구,소매,2439,10110,24.124629080118694
20240331,26410,금정구,수리·개인,1403,10110,13.877349159248269
20240331,26410,금정구,숙박,91,10110,0.9000989119683481
20240331,26410,금정구,시설관리·임대,299,10110,2.9574678536102867
20240331,26410,금정구,예술·스포츠,491,10110,4.856577645895153
20240331,26410,금정구,음식,3675,10110,36.35014836795252
20240331,26440,강서구,과학·기술,626,7326,8.544908544908544
20240331,26440,강서구,교육,438,7326,5.978705978705979
20240331,26440,강서구,보건의료,49,7326,0.6688506688506689
20240331,26440,강서구,부동산,502,7326,6.852306852306852
20240331,26440,강서구,소매,1635,7326,22.317772317772317
20240331,26440,강서구,수리·개인,737,7326,10.06006006006006
20240331,26440,강서구,숙박,67,7326,0.9145509145509145
20240331,26440,강서구,시설관리·임대,345,7326,4.70925470925471
20240331,26440,강서구,예술·스포츠,280,7326,3.822003822003822
20240331,26440,강서구,음식,2647,7326,36.13158613158613
20240331,26470,연제구,과학·기술,1584,9584,16.52754590984975
20240331,26470,연제구,교육,384,9584,4.006677796327212
20240331,26470,연제구,보건의료,156,9584,1.6277128547579298
20240331,26470,연제구,부동산,528,9584,5.509181969949917
20240331,26470,연제구,소매,1782,9584,18.593489148580968
20240331,26470,연제구,수리·개인,1277,9584,13.324290484140233
20240331,26470,연제구,숙박,70,9584,0.7303839732888147
20240331,26470,연제구,시설관리·임대,330,9584,3.4432387312186976
20240331,26470,연제구,예술·스포츠,312,9584,3.2554257095158596
20240331,26470,연제구,음식,3161,9584,32.98205342237062
20240331,26500,수영구,과학·기술,791,9101,8.691352598615536
20240331,26500,수영구,교육,426,9101,4.680804307218987
20240331,26500,수영구,보건의료,118,9101,1.2965608174925833
20240331,26500,수영구,부동산,406,9101,4.461048236457533
20240331,26500,수영구,소매,1911,9101,20.997692561257004
20240331,26500,수영구,수리·개인,1143,9101,12.55905944401714
20240331,26500,수영구,숙박,205,9101,2.2524997253049115
20240331,26500,수영구,시설관리·임대,323,9101,3.549060542797495
20240331,26500,수영구,예술·스포츠,293,9101,3.2194264366553127
20240331,26500,수영구,음식,3485,9101,38.2924953301835
20240331,26530,사상구,과학·기술,705,9170,7.688113413304253
20240331,26530,사상구,교육,212,9170,2.311886586695747
20240331,26530,사상구,보건의료,86,9170,0.9378407851690295
20240331,26530,사상구,부동산,259,9170,2.8244274809160306
20240331,26530,사상구,소매,2589,9170,28.233369683751363
20240331,26530,사상구,수리·개인,1318,9170,14.372955288985823
20240331,26530,사상구,숙박,156,9170,1.7011995637949837
20240331,26530,사상구,시설관리·임대,260,9170,2.8353326063249726
20240331,26530,사상구,예술·스포츠,420,9170,4.580152671755725
20240331,26530,사상구,음식,3165,9170,34.51472191930207
20240331,26710,기장군,과학·기술,392,8100,4.839506172839506
20240331,26710,기장군,교육,411,8100,5.074074074074074
20240331,26710,기장군,보건의료,72,8100,0.8888888888888888
20240331,26710,기장군,부동산,328,8100,4.049382716049383
20240331,26710,기장군,소매,2148,8100,26.51851851851852
20240331,26710,기장군,수리·개인,870,8100,10.74074074074074
20240331,26710,기장군,숙박,167,8100,2.0617283950617282
20240331,26710,기장군,시설관리·임대,259,8100,3.197530864197531
20240331,26710,기장군,예술·스포츠,316,8100,3.9012345679012346
20240331,26710,기장군,음식,3137,8100,38.72839506172839
20240630,26110,중구,과학·기술,534,7197,7.419758232596916
20240630,26110,중구,교육,94,7197,1.3060997637904683
20240630,26110,중구,보건의료,54,7197,0.7503126302626094
20240630,26110,중구,부동산,123,7197,1.709045435598166
20240630,26110,중구,소매,2952,7197,41.01709045435598
20240630,26110,중구,수리·개인,613,7197,8.517437821314436
20240630,26110,중구,숙박,148,7197,2.0564123940530776
20240630,26110,중구,시설관리·임대,303,7197,4.210087536473531
20240630,26110,중구,예술·스포츠,138,7197,1.917465610671113
20240630,26110,중구,음식,2238,7197,31.0962901208837
20240630,26140,서구,과학·기술,206,3842,5.361790733992712
20240630,26140,서구,교육,146,3842,3.8001041124414368
20240630,26140,서구,보건의료,42,3842,1.0931806350858928
20240630,26140,서구,부동산,127,3842,3.3055700156168664
20240630,26140,서구,소매,953,3842,24.80478917230609
20240630,26140,서구,수리·개인,526,3842,13.690786048932848
20240630,26140,서구,숙박,100,3842,2.6028110359187924
20240630,26140,서구,시설관리·임대,128,3842,3.331598125976054
20240630,26140,서구,예술·스포츠,121,3842,3.1494013534617387
20240630,26140,서구,음식,1493,3842,38.85996876626757
20240630,26170,동구,과학·기술,572,6607,8.657484486151052
20240630,26170,동구,교육,146,6607,2.209777508702891
20240630,26170,동구,보건의료,41,6607,0.6205539579234146
20240630,26170,동구,부동산,152,6607,2.300590283033147
20240630,26170,동구,소매,2503,6607,37.88406235810504
20240630,26170,동구,수리·개인,624,6607,9.444528530346602
20240630,26170,동구,숙박,168,6607,2.542757681247162
20240630,26170,동구,시설관리·임대,408,6607,6.175268654457394
20240630,26170,동구,예술·스포츠,141,6607,2.134100196761011
20240630,26170,동구,음식,1852,6607,28.030876343272286
20240630,26200,영도구,과학·기술,206,3921,5.253761795460342
20240630,26200,영도구,교육,114,3921,2.9074215761285385
20240630,26200,영도구,보건의료,38,3921,0.9691405253761796
20240630,26200,영도구,부동산,100,3921,2.550369803621525
20240630,26200,영도구,소매,924,3921,23.565416985462893
20240630,26200,영도구,수리·개인,548,3921,13.976026523845958
20240630,26200,영도구,숙박,95,3921,2.422851313440449
20240630,26200,영도구,시설관리·임대,173,3921,4.412139760265238
20240630,26200,영도구,예술·스포츠,130,3921,3.315480744707983
20240630,26200,영도구,음식,1593,3921,40.62739097169089
20240630,26230,부산진구,과학·기술,1561,19385,8.05261800361104
20240630,26230,부산진구,교육,751,19385,3.8741294815579055
20240630,26230,부산진구,보건의료,418,19385,2.156306422491617
20240630,26230,부산진구,부동산,756,19385,3.899922620582925
20240630,26230,부산진구,소매,5215,19385,26.902244003095177
20240630,26230,부산진구,수리·개인,2566,19385,13.237038947639927
20240630,26230,부산진구,숙박,262,19385,1.3515604849110137
20240630,26230,부산진구,시설관리·임대,683,19385,3.5233427908176425
20240630,26230,부산진구,예술·스포츠,598,19385,3.084859427392314
20240630,26230,부산진구,음식,6575,19385,33.917977817900436
20240630,26260,동래구,과학·기술,748,11181,6.689920400679725
20240630,26260,동래구,교육,631,11181,5.64350237009212
20240630,26260,동래구,보건의료,190,11181,1.6993113317234594
20240630,26260,동래구,부동산,486,11181,4.346659511671586
20240630,26260,동래구,소매,2625,11181,23.47732760933727
20240630,26260,동래구,수리·개인,1503,11181,13.442447008317682
20240630,26260,동래구,숙박,123,11181,1.1000804936946607
20240630,26260,동래구,시설관리·임대,340,11181,3.0408729093998748
20240630,26260,동래구,예술·스포츠,490,11181,4.38243448707629
20240630,26260,동래구,음식,4045,11181,36.17744387800733
20240630,26290,남구,과학·기술,709,8807,8.05041444305666
20240630,26290,남구,교육,437,8807,4.961962075621664
20240630,26290,남구,보건의료,119,8807,1.3511979107528103
20240630,26290,남구,부동산,349,8807,3.9627568979221075
20240630,26290,남구,소매,1962,8807,22.27773362098331
20240630,26290,남구,수리·개인,1237,8807,14.045645509254003
20240630,26290,남구,숙박,80,8807,0.9083683433632338
20240630,26290,남구,시설관리·임대,361,8807,4.099012149426592
20240630,26290,남구,예술·스포츠,359,8807,4.0763029408425115
20240630,26290,남구,음식,3194,8807,36.26660610877711
20240630,26320,북구,과학·기술,418,7956,5.253896430367019
20240630,26320,북구,교육,389,7956,4.889391654097537
20240630,26320,북구,보건의료,116,7956,1.4580191050779285
20240630,26320,북구,부동산,216,7956,2.7149321266968327
20240630,26320,북구,소매,1958,7956,24.61035696329814
20240630,26320,북구,수리·개인,1119,7956,14.064856711915535
20240630,26320,북구,숙박,105,7956,1.3197586726998491
20240630,26320,북구,시설관리·임대,218,7956,2.7400703871292107
20240630,26320,북구,예술·스포츠,458,7956,5.75666163901458
20240630,26320,북구,음식,2959,7956,37.19205630970337
20240630,26350,해운대구,과학·기술,1945,15892,12.238862320664484
20240630,26350,해운대구,교육,925,15892,5.820538635791594
20240630,26350,해운대구,보건의료,273,15892,1.717845456833627
20240630,26350,해운대구,부동산,717,15892,4.511704002013592
20240630,26350,해운대구,소매,3588,15892,22.577397432670526
20240630,26350,해운대구,수리·개인,1782,15892,11.213189025924994
20240630,26350,해운대구,숙박,352,15892,2.2149509187012333
20240630,26350,해운대구,시설관리·임대,591,15892,3.718852252705764
20240630,26350,해운대구,예술·스포츠,638,15892,4.014598540145985
20240630,26350,해운대구,음식,5081,15892,31.9720614145482
20240630,26380,사하구,과학·기술,552,10434,5.290396779758482
20240630,26380,사하구,교육,371,10434,3.5556833429173853
20240630,26380,사하구,보건의료,142,10434,1.360935403488595
20240630,26380,사하구,부동산,358,10434,3.4310906651332185
20240630,26380,사하구,소매,2439,10434,23.375503162737207
20240630,26380,사하구,수리·개인,1655,10434,15.861606287138201
20240630,26380,사하구,숙박,92,10434,0.8817327966264137
20240630,26380,사하구,시설관리·임대,235,10434,2.2522522522522523
20240630,26380,사하구,예술·스포츠,499,10434,4.78244201648457
20240630,26380,사하구,음식,4091,10434,39.20835729346368
20240630,26410,금정구,과학·기술,769,9910,7.759838546922301
20240630,26410,금정구,교육,436,9910,4.399596367305752
20240630,26410,금정구,보건의료,108,9910,1.089808274470232
20240630,26410,금정구,부동산,378,9910,3.8143289606458124
20240630,26410,금정구,소매,2401,9910,24.22805247225025
20240630,26410,금정구,수리·개인,1386,9910,13.985872855701311
20240630,26410,금정구,숙박,91,9910,0.9182643794147326
20240630,26410,금정구,시설관리·임대,292,9910,2.946518668012109
20240630,26410,금정구,예술·스포츠,477,9910,4.813319878910192
20240630,26410,금정구,음식,3572,9910,36.044399596367306
20240630,26440,강서구,과학·기술,622,7198,8.64128924701306
20240630,26440,강서구,교육,423,7198,5.876632397888303
20240630,26440,강서구,보건의료,47,7198,0.6529591553209225
20240630,26440,강서구,부동산,494,7198,6.863017504862462
20240630,26440,강서구,소매,1612,7198,22.395109752709086
20240630,26440,강서구,수리·개인,733,7198,10.183384273409281
20240630,26440,강서구,숙박,69,7198,0.9585996110030564
20240630,26440,강서구,시설관리·임대,347,7198,4.820783550986385
20240630,26440,강서구,예술·스포츠,273,7198,3.792720200055571
20240630,26440,강서구,음식,2578,7198,35.815504306751876
20240630,26470,연제구,과학·기술,1571,9426,16.666666666666668
20240630,26470,연제구,교육,378,9426,4.0101845957988544
20240630,26470,연제구,보건의료,156,9426,1.6549968173138128
20240630,26470,연제구,부동산,510,9426,5.410566518141311
20240630,26470,연제구,소매,1742,9426,18.480797793337576
20240630,26470,연제구,수리·개인,1278,9426,13.558243157224698
20240630,26470,연제구,숙박,69,9426,0.732017823042648
20240630,26470,연제구,시설관리·임대,328,9426,3.479736897941863
20240630,26470,연제구,예술·스포츠,306,9426,3.2463399108847866
20240630,26470,연제구,음식,3088,9426,32.76044981964778
20240630,26500,수영구,과학·기술,779,8991,8.664219775330887
20240630,26500,수영구,교육,428,8991,4.760315871426982
20240630,26500,수영구,보건의료,117,8991,1.3013013013013013
20240630,26500,수영구,부동산,392,8991,4.359915471026582
20240630,26500,수영구,소매,1864,8991,20.731842954065176
20240630,26500,수영구,수리·개인,1148,8991,12.768323879434991
20240630,26500,수영구,숙박,213,8991,2.3690357023690356
20240630,26500,수영구,시설관리·임대,324,8991,3.6036036036036037
20240630,26500,수영구,예술·스포츠,296,8991,3.292181069958848
20240630,26500,수영구,음식,3430,8991,38.14926037148259
20240630,26530,사상구,과학·기술,694,9018,7.695719671767576
20240630,26530,사상구,교육,212,9018,2.350853847859836
20240630,26530,사상구,보건의료,85,9018,0.9425593257928587
20240630,26530,사상구,부동산,255,9018,2.8276779773785763
20240630,26530,사상구,소매,2532,9018,28.07717897538257
20240630,26530,사상구,수리·개인,1315,9018,14.581947216677756
20240630,26530,사상구,숙박,157,9018,1.740962519405633
20240630,26530,사상구,시설관리·임대,257,9018,2.84985584386782
20240630,26530,사상구,예술·스포츠,405,9018,4.491017964071856
20240630,26530,사상구,음식,3106,9018,34.44222665779552
20240630,26710,기장군,과학·기술,387,7937,4.87589769434295
20240630,26710,기장군,교육,404,7937,5.0900844147662845
20240630,26710,기장군,보건의료,72,7937,0.9071437570870606
20240630,26710,기장군,부동산,321,7937,4.044349250346478
20240630,26710,기장군,소매,2092,7937,26.35756583091848
20240630,26710,기장군,수리·개인,865,7937,10.898324303893158
20240630,26710,기장군,숙박,164,7937,2.0662718911427493
20240630,26710,기장군,시설관리·임대,257,7937,3.2379992440468692
20240630,26710,기장군,예술·스포츠,309,7937,3.893158624165302
20240630,26710,기장군,음식,3066,7937,38.62920498929066
20240930,26110,중구,과학·기술,529,7042,7.5120704345356435
20240930,26110,중구,교육,91,7042,1.2922465208747516
20240930,26110,중구,보건의료,53,7042,0.7526270945754047
20240930,26110,중구,부동산,117,7042,1.6614598125532518
20240930,26110,중구,소매,2891,7042,41.05367793240557
20240930,26110,중구,수리·개인,601,7042,8.534507242260721
20240930,26110,중구,숙박,145,7042,2.05907412666856
20240930,26110,중구,시설관리·임대,301,7042,4.274353876739562
20240930,26110,중구,예술·스포츠,132,7042,1.8744674808293098
20240930,26110,중구,음식,2182,7042,30.98551547855723
20240930,26140,서구,과학·기술,204,3763,5.421206484188148
20240930,26140,서구,교육,140,3763,3.720435822482062
20240930,26140,서구,보건의료,42,3763,1.1161307467446187
20240930,26140,서구,부동산,125,3763,3.3218176986446983
20240930,26140,서구,소매,939,3763,24.953494552218974
20240930,26140,서구,수리·개인,520,3763,13.818761626361946
20240930,26140,서구,숙박,99,3763,2.630879617326601
20240930,26140,서구,시설관리·임대,124,3763,3.2952431570555407
20240930,26140,서구,예술·스포츠,117,3763,3.109221365931438
20240930,26140,서구,음식,1453,3763,38.612808929045976
20240930,26170,동구,과학·기술,558,6453,8.647140864714087
20240930,26170,동구,교육,145,6453,2.247016891368356
20240930,26170,동구,보건의료,40,6453,0.6198667286533396
20240930,26170,동구,부동산,148,6453,2.293506896017356
20240930,26170,동구,소매,2451,6453,37.98233379823338
20240930,26170,동구,수리·개인,613,6453,9.499457616612428
20240930,26170,동구,숙박,166,6453,2.572446923911359
20240930,26170,동구,시설관리·임대,403,6453,6.245157291182395
20240930,26170,동구,예술·스포츠,136,6453,2.1075468774213544
20240930,26170,동구,음식,1793,6453,27.785526111885943
20240930,26200,영도구,과학·기술,204,3821,5.33891651400157
20240930,26200,영도구,교육,113,3821,2.9573410102067523
20240930,26200,영도구,보건의료,38,3821,0.9945040565297043
20240930,26200,영도구,부동산,98,3821,2.5647736194713424
20240930,26200,영도구,소매,904,3821,23.65872808165402
20240930,26200,영도구,수리·개인,543,3821,14.210939544621827
20240930,26200,영도구,숙박,94,3821,2.4600889819419
20240930,26200,영도구,시설관리·임대,172,3821,4.50143941376603
20240930,26200,영도구,예술·스포츠,122,3821,3.192881444647998
20240930,26200,영도구,음식,1533,3821,40.12038733315886
20240930,26230,부산진구,과학·기술,1537,18847,8.155144054756725
20240930,26230,부산진구,교육,739,18847,3.92104844272298
20240930,26230,부산진구,보건의료,413,18847,2.1913301851753593
20240930,26230,부산진구,부동산,734,18847,3.894519021594949
20240930,26230,부산진구,소매,5087,18847,26.991033055658725
20240930,26230,부산진구,수리·개인,2529,18847,13.418581206558073
20240930,26230,부산진구,숙박,255,18847,1.3530004775295803
20240930,26230,부산진구,시설관리·임대,676,18847,3.5867777365097893
20240930,26230,부산진구,예술·스포츠,580,18847,3.0774128508515943
20240930,26230,부산진구,음식,6297,18847,33.41115296864223
20240930,26260,동래구,과학·기술,734,10886,6.742605180966379
20240930,26260,동래구,교육,618,10886,5.677016351276869
20240930,26260,동래구,보건의료,190,10886,1.7453610141466103
20240930,26260,동래구,부동산,475,10886,4.363402535366526
20240930,26260,동래구,소매,2564,10886,23.553187580378466
20240930,26260,동래구,수리·개인,1489,10886,13.678118684548963
20240930,26260,동래구,숙박,120,10886,1.102333272092596
20240930,26260,동래구,시설관리·임대,335,10886,3.077347051258497
20240930,26260,동래구,예술·스포츠,472,10886,4.335844203564211
20240930,26260,동래구,음식,3889,10886,35.724784126400884
20240930,26290,남구,과학·기술,703,8569,8.203991130820398
20240930,26290,남구,교육,429,8569,5.006418485237484
20240930,26290,남구,보건의료,118,8569,1.3770568327692847
20240930,26290,남구,부동산,342,8569,3.991130820399113
20240930,26290,남구,소매,1912,8569,22.312988680126036
20240930,26290,남구,수리·개인,1211,8569,14.13233749562376
20240930,26290,남구,숙박,80,8569,0.9335978527249388
20240930,26290,남구,시설관리·임대,357,8569,4.166180417785039
20240930,26290,남구,예술·스포츠,349,8569,4.072820632512546
20240930,26290,남구,음식,3068,8569,35.8034776520014
20240930,26320,북구,과학·기술,412,7752,5.314757481940145
20240930,26320,북구,교육,382,7752,4.927760577915377
20240930,26320,북구,보건의료,116,7752,1.496388028895769
20240930,26320,북구,부동산,212,7752,2.734778121775026
20240930,26320,북구,소매,1909,7752,24.62590299277606
20240930,26320,북구,수리·개인,1097,7752,14.151186790505676
20240930,26320,북구,숙박,105,7752,1.3544891640866874
20240930,26320,북구,시설관리·임대,217,7752,2.799277605779154
20240930,26320,북구,예술·스포츠,445,7752,5.7404540763673895
20240930,26320,북구,음식,2857,7752,36.85500515995872
20240930,26350,해운대구,과학·기술,1918,15524,12.35506312805978
20240930,26350,해운대구,교육,911,15524,5.8683329038907495
20240930,26350,해운대구,보건의료,271,15524,1.7456841020355578
20240930,26350,해운대구,부동산,705,15524,4.54135532079361
20240930,26350,해운대구,소매,3513,15524,22.629476938933266
20240930,26350,해운대구,수리·개인,1760,15524,11.337284205101778
20240930,26350,해운대구,숙박,345,15524,2.2223653697500643
20240930,26350,해운대구,시설관리·임대,590,15524,3.8005668642102552
20240930,26350,해운대구,예술·스포츠,618,15524,3.9809327492914197
20240930,26350,해운대구,음식,4893,15524,31.518938417933523
20240930,26380,사하구,과학·기술,544,10157,5.355912178792951
20240930,26380,사하구,교육,366,10157,3.6034262085261397
20240930,26380,사하구,보건의료,141,10157,1.3882051786944964
20240930,26380,사하구,부동산,347,10157,3.4163630993403564
20240930,26380,사하구,소매,2379,10157,23.422270355419908
20240930,26380,사하구,수리·개인,1630,10157,16.048045682780348
20240930,26380,사하구,숙박,88,10157,0.8663975583341538
20240930,26380,사하구,시설관리·임대,229,10157,2.2546027370286503
20240930,26380,사하구,예술·스포츠,491,10157,4.834104558432608
20240930,26380,사하구,음식,3942,10157,38.810672442650386
20240930,26410,금정구,과학·기술,764,9687,7.886858676576856
20240930,26410,금정구,교육,428,9687,4.418292557035202
20240930,26410,금정구,보건의료,108,9687,1.1148962527098172
20240930,26410,금정구,부동산,368,9687,3.798905749974192
20240930,26410,금정구,소매,2350,9687,24.25931660988954
20240930,26410,금정구,수리·개인,1368,9687,14.12201920099102
20240930,26410,금정구,숙박,87,9687,0.8981108702384639
20240930,26410,금정구,시설관리·임대,286,9687,2.9524104469908123
20240930,26410,금정구,예술·스포츠,462,9687,4.769278414369774
20240930,26410,금정구,음식,3466,9687,35.779911221224324
20240930,26440,강서구,과학·기술,613,6988,8.772180881511161
20240930,26440,강서구,교육,406,6988,5.809959931310819
20240930,26440,강서구,보건의료,46,6988,0.658271322266743
20240930,26440,강서구,부동산,485,6988,6.940469376073269
20240930,26440,강서구,소매,1567,6988,22.424155695477964
20240930,26440,강서구,수리·개인,722,6988,10.331997710360618
20240930,26440,강서구,숙박,69,6988,0.9874069834001145
20240930,26440,강서구,시설관리·임대,343,6988,4.908414424728106
20240930,26440,강서구,예술·스포츠,262,6988,3.7492844876931883
20240930,26440,강서구,음식,2475,6988,35.41785918717802
20240930,26470,연제구,과학·기술,1555,9225,16.85636856368564
20240930,26470,연제구,교육,376,9225,4.075880758807588
20240930,26470,연제구,보건의료,155,9225,1.6802168021680217
20240930,26470,연제구,부동산,495,9225,5.365853658536586
20240930,26470,연제구,소매,1717,9225,18.612466124661246
20240930,26470,연제구,수리·개인,1251,9225,13.560975609756097
20240930,26470,연제구,숙박,68,9225,0.7371273712737128
20240930,26470,연제구,시설관리·임대,325,9225,3.5230352303523036
20240930,26470,연제구,예술·스포츠,294,9225,3.186991869918699
20240930,26470,연제구,음식,2989,9225,32.40108401084011
20240930,26500,수영구,과학·기술,765,8727,8.765898934341697
20240930,26500,수영구,교육,416,8727,4.766815629655094
20240930,26500,수영구,보건의료,115,8727,1.3177495130056147
20240930,26500,수영구,부동산,379,8727,4.342844047209809
20240930,26500,수영구,소매,1819,8727,20.843359688323595
20240930,26500,수영구,수리·개인,1133,8727,12.982697375959665
20240930,26500,수영구,숙박,210,8727,2.406325197662427
20240930,26500,수영구,시설관리·임대,320,8727,3.666781253580841
20240930,26500,수영구,예술·스포츠,286,8727,3.2771857453878765
20240930,26500,수영구,음식,3284,8727,37.630342614873385
20240930,26530,사상구,과학·기술,690,8813,7.829343015999092
20240930,26530,사상구,교육,203,8813,2.3034154090548054
20240930,26530,사상구,보건의료,84,8813,0.9531374106433678
20240930,26530,사상구,부동산,253,8813,2.870759105866334
20240930,26530,사상구,소매,2464,8813,27.95869737887212
20240930,26530,사상구,수리·개인,1302,8813,14.7736298649722
20240930,26530,사상구,숙박,155,8813,1.758765460115738
20240930,26530,사상구,시설관리·임대,252,8813,2.8594122319301034
20240930,26530,사상구,예술·스포츠,397,8813,4.5047089526835355
20240930,26530,사상구,음식,3013,8813,34.1881311698627
20240930,26710,기장군,과학·기술,381,7710,4.941634241245136
20240930,26710,기장군,교육,396,7710,5.136186770428016
20240930,26710,기장군,보건의료,72,7710,0.933852140077821
20240930,26710,기장군,부동산,315,7710,4.085603112840467
20240930,26710,기장군,소매,2032,7710,26.35538261997406
20240930,26710,기장군,수리·개인,845,7710,10.959792477302205
20240930,26710,기장군,숙박,163,7710,2.1141374837872893
20240930,26710,기장군,시설관리·임대,254,7710,3.2944228274967573
20240930,26710,기장군,예술·스포츠,299,7710,3.8780804150453956
20240930,26710,기장군,음식,2953,7710,38.30090791180285
20241231,26110,중구,과학·기술,546,7694,7.0964387834676375
20241231,26110,중구,교육,110,7694,1.4296854691967766
20241231,26110,중구,보건의료,56,7694,0.72783987522745
20241231,26110,중구,부동산,126,7694,1.6376397192617624
20241231,26110,중구,소매,3163,7694,41.10995580972186
20241231,26110,중구,수리·개인,649,7694,8.435144268260983
20241231,26110,중구,숙박,169,7694,2.1965167663114116
20241231,26110,중구,시설관리·임대,322,7694,4.185079282557838
20241231,26110,중구,예술·스포츠,154,7694,2.001559656875487
20241231,26110,중구,음식,2399,7694,31.180140369118792
20241231,26140,서구,과학·기술,214,4083,5.241244183198629
20241231,26140,서구,교육,170,4083,4.163605192260593
20241231,26140,서구,보건의료,46,4083,1.126622581435219
20241231,26140,서구,부동산,130,4083,3.183933382316924
20241231,26140,서구,소매,1035,4083,25.349008082292432
20241231,26140,서구,수리·개인,533,4083,13.054126867499388
20241231,26140,서구,숙박,120,4083,2.9390154298310067
20241231,26140,서구,시설관리·임대,129,4083,3.159441587068332
20241231,26140,서구,예술·스포츠,136,4083,3.330884153808474
20241231,26140,서구,음식,1570,4083,38.452118540289
20241231,26170,동구,과학·기술,612,7003,8.739111809224617
20241231,26170,동구,교육,172,7003,2.4560902470369843
20241231,26170,동구,보건의료,49,7003,0.6997001285163501
20241231,26170,동구,부동산,160,7003,2.284735113522776
20241231,26170,동구,소매,2609,7003,37.255461944880764
20241231,26170,동구,수리·개인,670,7003,9.567328287876624
20241231,26170,동구,숙박,187,7003,2.6702841639297445
20241231,26170,동구,시설관리·임대,455,7003,6.497215479080394
20241231,26170,동구,예술·스포츠,152,7003,2.170498357846637
20241231,26170,동구,음식,1937,7003,27.659574468085108
20241231,26200,영도구,과학·기술,215,4231,5.081541006854172
20241231,26200,영도구,교육,138,4231,3.2616402741668638
20241231,26200,영도구,보건의료,41,4231,0.9690380524698653
20241231,26200,영도구,부동산,114,4231,2.6943984873552353
20241231,26200,영도구,소매,981,4231,23.186008035925312
20241231,26200,영도구,수리·개인,595,4231,14.062869298038288
20241231,26200,영도구,숙박,115,4231,2.71803356180572
20241231,26200,영도구,시설관리·임대,201,4231,4.750649964547389
20241231,26200,영도구,예술·스포츠,134,4231,3.1670999763649257
20241231,26200,영도구,음식,1697,4231,40.10872134247223
20241231,26230,부산진구,과학·기술,1712,21517,7.956499512013757
20241231,26230,부산진구,교육,921,21517,4.280336478133568
20241231,26230,부산진구,보건의료,472,21517,2.193614351443045
20241231,26230,부산진구,부동산,811,21517,3.769112794534554
20241231,26230,부산진구,소매,5763,21517,26.783473532555654
20241231,26230,부산진구,수리·개인,2942,21517,13.672909792257284
20241231,26230,부산진구,숙박,299,21517,1.3895989217827764
20241231,26230,부산진구,시설관리·임대,743,21517,3.4530836083097087
20241231,26230,부산진구,예술·스포츠,668,21517,3.1045220058558347
20241231,26230,부산진구,음식,7186,21517,33.396849003113815
20241231,26260,동래구,과학·기술,802,12086,6.635776931987423
20241231,26260,동래구,교육,803,12086,6.644050968062221
20241231,26260,동래구,보건의료,213,12086,1.762369683931822
20241231,26260,동래구,부동산,478,12086,3.954989243753103
20241231,26260,동래구,소매,2816,12086,23.299685586629156
20241231,26260,동래구,수리·개인,1642,12086,13.585967234817144
20241231,26260,동래구,숙박,122,12086,1.0094324011252689
20241231,26260,동래구,시설관리·임대,354,12086,2.9290087704782395
20241231,26260,동래구,예술·스포츠,511,12086,4.228032434221413
20241231,26260,동래구,음식,4345,12086,35.95068674499421
20241231,26290,남구,과학·기술,791,9554,8.279254762403182
20241231,26290,남구,교육,522,9554,5.4636801339752985
20241231,26290,남구,보건의료,148,9554,1.5490893866443374
20241231,26290,남구,부동산,357,9554,3.736654804270463
20241231,26290,남구,소매,2083,9554,21.802386435001047
20241231,26290,남구,수리·개인,1347,9554,14.098806782499476
20241231,26290,남구,숙박,78,9554,0.8164119740422859
20241231,26290,남구,시설관리·임대,400,9554,4.186728072011723
20241231,26290,남구,예술·스포츠,396,9554,4.144860791291606
20241231,26290,남구,음식,3432,9554,35.92212685786058
20241231,26320,북구,과학·기술,435,8931,4.870675176352032
20241231,26320,북구,교육,495,8931,5.542492442055761
20241231,26320,북구,보건의료,147,8931,1.645952300974135
20241231,26320,북구,부동산,309,8931,3.459858918374202
20241231,26320,북구,소매,2216,8931,24.812451013324377
20241231,26320,북구,수리·개인,1309,8931,14.65681334676968
20241231,26320,북구,숙박,112,8931,1.2540588959802934
20241231,26320,북구,시설관리·임대,247,8931,2.7656477438136826
20241231,26320,북구,예술·스포츠,478,8931,5.352144216773038
20241231,26320,북구,음식,3183,8931,35.639905945582804
20241231,26350,해운대구,과학·기술,2087,17309,12.057311225374082
20241231,26350,해운대구,교육,1082,17309,6.251083251487666
20241231,26350,해운대구,보건의료,307,17309,1.773643769137443
20241231,26350,해운대구,부동산,707,17309,4.084580276156912
20241231,26350,해운대구,소매,3835,17309,22.156103761049167
20241231,26350,해운대구,수리·개인,1932,17309,11.161823328904038
20241231,26350,해운대구,숙박,402,17309,2.322491189554567
20241231,26350,해운대구,시설관리·임대,640,17309,3.6974984112311513
20241231,26350,해운대구,예술·스포츠,728,17309,4.205904442775434
20241231,26350,해운대구,음식,5589,17309,32.28956034432954
20241231,26380,사하구,과학·기술,614,11148,5.507714388231073
20241231,26380,사하구,교육,456,11148,4.090419806243272
20241231,26380,사하구,보건의료,153,11148,1.372443487621098
20241231,26380,사하구,부동산,360,11148,3.2292787944025836
20241231,26380,사하구,소매,2603,11148,23.349479727305347
20241231,26380,사하구,수리·개인,1781,11148,15.975959813419447
20241231,26380,사하구,숙박,94,11148,0.843200574094008
20241231,26380,사하구,시설관리·임대,264,11148,2.3681377825618943
20241231,26380,사하구,예술·스포츠,517,11148,4.637603157517043
20241231,26380,사하구,음식,4306,11148,38.625762468604236
20241231,26410,금정구,과학·기술,828,10665,7.763713080168777
20241231,26410,금정구,교육,532,10665,4.9882794186591655
20241231,26410,금정구,보건의료,118,10665,1.1064228785747774
20241231,26410,금정구,부동산,396,10665,3.7130801687763713
20241231,26410,금정구,소매,2593,10665,24.313173933427098
20241231,26410,금정구,수리·개인,1509,10665,14.149085794655415
20241231,26410,금정구,숙박,92,10665,0.8626347866854196
20241231,26410,금정구,시설관리·임대,317,10665,2.972339428035631
20241231,26410,금정구,예술·스포츠,502,10665,4.7069854664791375
20241231,26410,금정구,음식,3778,10665,35.42428504453821
20241231,26440,강서구,과학·기술,696,8079,8.614927590048273
20241231,26440,강서구,교육,561,8079,6.943928704047531
20241231,26440,강서구,보건의료,59,8079,0.7302884020299542
20241231,26440,강서구,부동산,530,8079,6.560217848743656
20241231,26440,강서구,소매,1704,8079,21.091719272187152
20241231,26440,강서구,수리·개인,835,8079,10.335437554152742
20241231,26440,강서구,숙박,81,8079,1.0025993316004456
20241231,26440,강서구,시설관리·임대,405,8079,5.012996658002228
20241231,26440,강서구,예술·스포츠,309,8079,3.824730783512811
20241231,26440,강서구,음식,2899,8079,35.88315385567521
20241231,26470,연제구,과학·기술,1663,10286,16.16760645537624
20241231,26470,연제구,교육,471,10286,4.579039471125802
20241231,26470,연제구,보건의료,172,10286,1.6721757728951974
20241231,26470,연제구,부동산,508,10286,4.938751701341629
20241231,26470,연제구,소매,1915,10286,18.617538401711062
20241231,26470,연제구,수리·개인,1395,10286,13.56212327435349
20241231,26470,연제구,숙박,85,10286,0.8263659342796034
20241231,26470,연제구,시설관리·임대,366,10286,3.558234493486292
20241231,26470,연제구,예술·스포츠,348,10286,3.383239354462376
20241231,26470,연제구,음식,3363,10286,32.69492514096831
20241231,26500,수영구,과학·기술,835,10136,8.237963693764799
20241231,26500,수영구,교육,503,10136,4.962509865824783
20241231,26500,수영구,보건의료,147,10136,1.4502762430939227
20241231,26500,수영구,부동산,427,10136,4.212707182320442
20241231,26500,수영구,소매,2094,10136,20.659037095501184
20241231,26500,수영구,수리·개인,1320,10136,13.022888713496448
20241231,26500,수영구,숙박,344,10136,3.393843725335438
20241231,26500,수영구,시설관리·임대,353,10136,3.4826361483820047
20241231,26500,수영구,예술·스포츠,336,10136,3.314917127071823
20241231,26500,수영구,음식,3777,10136,37.26322020520916
20241231,26530,사상구,과학·기술,773,9970,7.7532597793380145
20241231,26530,사상구,교육,267,9970,2.678034102306921
20241231,26530,사상구,보건의료,94,9970,0.9428284854563691
20241231,26530,사상구,부동산,299,9970,2.998996990972919
20241231,26530,사상구,소매,2782,9970,27.9037111334002
20241231,26530,사상구,수리·개인,1495,9970,14.994984954864593
20241231,26530,사상구,숙박,159,9970,1.5947843530591774
20241231,26530,사상구,시설관리·임대,287,9970,2.8786359077231696
20241231,26530,사상구,예술·스포츠,453,9970,4.543630892678034
20241231,26530,사상구,음식,3361,9970,33.7111334002006
20241231,26710,기장군,과학·기술,427,8748,4.881115683584819
20241231,26710,기장군,교육,533,8748,6.092821216278006
20241231,26710,기장군,보건의료,82,8748,0.9373571101966164
20241231,26710,기장군,부동산,334,8748,3.8180155464106083
20241231,26710,기장군,소매,2289,8748,26.165980795610427
20241231,26710,기장군,수리·개인,914,8748,10.448102423411065
20241231,26710,기장군,숙박,187,8748,2.1376314586191127
20241231,26710,기장군,시설관리·임대,295,8748,3.372199359853681
20241231,26710,기장군,예술·스포츠,337,8748,3.8523090992226794
20241231,26710,기장군,음식,3350,8748,38.29446730681298
