snapshot,fieldStudyArea,district,lawDong,categoryCode,category,shops,denominatorShops,sharePct
20240331,부전시장,부산진구,부전동,G202,자동차 부품 소매,5,6543,0.07641754546843955
20240331,부전시장,부산진구,부전동,G204,종합 소매,174,6543,2.6593305823016964
20240331,부전시장,부산진구,부전동,G205,식료품 소매,186,6543,2.8427326914259514
20240331,부전시장,부산진구,부전동,G206,음료 소매,10,6543,0.1528350909368791
20240331,부전시장,부산진구,부전동,G207,담배 소매,21,6543,0.32095369096744614
20240331,부전시장,부산진구,부전동,G208,가전·통신 소매,106,6543,1.6200519639309185
20240331,부전시장,부산진구,부전동,G209,섬유·의복·신발 소매,973,6543,14.870854348158337
20240331,부전시장,부산진구,부전동,G210,철물·건설자재 소매,17,6543,0.25981965459269446
20240331,부전시장,부산진구,부전동,G211,가구 소매,9,6543,0.1375515818431912
20240331,부전시장,부산진구,부전동,G212,기타 생활용품 소매,41,6543,0.6266238728412044
20240331,부전시장,부산진구,부전동,G213,오락용품 소매,40,6543,0.6113403637475164
20240331,부전시장,부산진구,부전동,G214,연료 소매,3,6543,0.04585052728106373
20240331,부전시장,부산진구,부전동,G215,의약·화장품 소매,212,6543,3.240103927861837
20240331,부전시장,부산진구,부전동,G216,안경·정밀기기 소매,35,6543,0.5349228182790768
20240331,부전시장,부산진구,부전동,G217,시계·귀금속 소매,64,6543,0.9781445819960263
20240331,부전시장,부산진구,부전동,G218,장식품 소매,17,6543,0.25981965459269446
20240331,부전시장,부산진구,부전동,G219,식물 소매,9,6543,0.1375515818431912
20240331,부전시장,부산진구,부전동,G220,애완동물·용품 소매,16,6543,0.24453614549900657
20240331,부전시장,부산진구,부전동,G221,기타 상품 소매,57,6543,0.871160018340211
20240331,부전시장,부산진구,부전동,G222,중고 상품 소매,45,6543,0.687757909215956
20240331,부전시장,부산진구,부전동,I101,일반 숙박,141,6543,2.1549747822099956
20240331,부전시장,부산진구,부전동,I102,기타 숙박,18,6543,0.2751031636863824
20240331,부전시장,부산진구,부전동,I201,한식,748,6543,11.432064802078557
20240331,부전시장,부산진구,부전동,I202,중식,55,6543,0.8405930001528351
20240331,부전시장,부산진구,부전동,I203,일식,110,6543,1.6811860003056702
20240331,부전시장,부산진구,부전동,I204,서양식,45,6543,0.687757909215956
20240331,부전시장,부산진구,부전동,I205,동남아시아,15,6543,0.22925263640531865
20240331,부전시장,부산진구,부전동,I207,구내식당·뷔페,9,6543,0.1375515818431912
20240331,부전시장,부산진구,부전동,I210,기타 간이,245,6543,3.7444597279535383
20240331,부전시장,부산진구,부전동,I211,주점,698,6543,10.667889347394162
20240331,부전시장,부산진구,부전동,I212,비알코올 ,232,6543,3.5457741097355955
20240331,부전시장,부산진구,부전동,L102,부동산 서비스,220,6543,3.3623720006113405
20240331,부전시장,부산진구,부전동,M103,법무관련 ,33,6543,0.504355800091701
20240331,부전시장,부산진구,부전동,M104,회계·세무,91,6543,1.3907993275255999
20240331,부전시장,부산진구,부전동,M105,광고,75,6543,1.1462631820265934
20240331,부전시장,부산진구,부전동,M106,시장 조사,2,6543,0.03056701818737582
20240331,부전시장,부산진구,부전동,M107,본사·경영 컨설팅,88,6543,1.3449488002445362
20240331,부전시장,부산진구,부전동,M109,기술 서비스,55,6543,0.8405930001528351
20240331,부전시장,부산진구,부전동,M111,수의,3,6543,0.04585052728106373
20240331,부전시장,부산진구,부전동,M112,전문 디자인,27,6543,0.4126547455295736
20240331,부전시장,부산진구,부전동,M113,사진 촬영,54,6543,0.8253094910591472
20240331,부전시장,부산진구,부전동,M114,인쇄·제품제작,92,6543,1.4060828366192877
20240331,부전시장,부산진구,부전동,M115,기타 전문 과학,6,6543,0.09170105456212746
20240331,부전시장,부산진구,부전동,N101,시설관리,7,6543,0.10698456365581538
20240331,부전시장,부산진구,부전동,N102,청소·방제,16,6543,0.24453614549900657
20240331,부전시장,부산진구,부전동,N104,고용 알선,52,6543,0.7947424728717714
20240331,부전시장,부산진구,부전동,N105,여행사·보조,67,6543,1.02399510927709
20240331,부전시장,부산진구,부전동,N107,사무 지원,14,6543,0.21396912731163076
20240331,부전시장,부산진구,부전동,N108,기타 사업 서비스,20,6543,0.3056701818737582
20240331,부전시장,부산진구,부전동,N109,운송장비 대여,3,6543,0.04585052728106373
20240331,부전시장,부산진구,부전동,N110,가정용품 대여,17,6543,0.25981965459269446
20240331,부전시장,부산진구,부전동,N111,산업용품 대여,9,6543,0.1375515818431912
20240331,부전시장,부산진구,부전동,P105,일반 교육,12,6543,0.18340210912425492
20240331,부전시장,부산진구,부전동,P106,기타 교육,148,6543,2.2619593458658107
20240331,부전시장,부산진구,부전동,P107,교육 지원,30,6543,0.4585052728106373
20240331,부전시장,부산진구,부전동,Q101,병원,8,6543,0.12226807274950328
20240331,부전시장,부산진구,부전동,Q102,의원,259,6543,3.958428855265169
20240331,부전시장,부산진구,부전동,Q104,기타 보건,6,6543,0.09170105456212746
20240331,부전시장,부산진구,부전동,R102,도서관·사적지,10,6543,0.1528350909368791
20240331,부전시장,부산진구,부전동,R103,스포츠 서비스,67,6543,1.02399510927709
20240331,부전시장,부산진구,부전동,R104,유원지·오락,83,6543,1.2685312547760965
20240331,부전시장,부산진구,부전동,S201,컴퓨터 수리,10,6543,0.1528350909368791
20240331,부전시장,부산진구,부전동,S202,통신장비 수리,12,6543,0.18340210912425492
20240331,부전시장,부산진구,부전동,S203,자동차 수리·세차,7,6543,0.10698456365581538
20240331,부전시장,부산진구,부전동,S204,모터사이클 수리,3,6543,0.04585052728106373
20240331,부전시장,부산진구,부전동,S205,가전제품 수리,17,6543,0.25981965459269446
20240331,부전시장,부산진구,부전동,S206,기타 가정용품 수리,39,6543,0.5960568546538285
20240331,부전시장,부산진구,부전동,S207,이용·미용,454,6543,6.938713128534311
20240331,부전시장,부산진구,부전동,S208,욕탕·신체관리,44,6543,0.6724744001222681
20240331,부전시장,부산진구,부전동,S209,세탁,11,6543,0.16811860003056703
20240331,부전시장,부산진구,부전동,S210,장례식장 ,3,6543,0.04585052728106373
20240331,부전시장,부산진구,부전동,S211,기타 개인,13,6543,0.19868561821794284
20240331,못골시장,남구,대연동,G202,자동차 부품 소매,15,4524,0.33156498673740054
20240331,못골시장,남구,대연동,G203,모터사이클 소매,2,4524,0.04420866489832007
20240331,못골시장,남구,대연동,G204,종합 소매,177,4524,3.9124668435013263
20240331,못골시장,남구,대연동,G205,식료품 소매,97,4524,2.1441202475685235
20240331,못골시장,남구,대연동,G206,음료 소매,2,4524,0.04420866489832007
20240331,못골시장,남구,대연동,G207,담배 소매,11,4524,0.24314765694076038
20240331,못골시장,남구,대연동,G208,가전·통신 소매,60,4524,1.3262599469496021
20240331,못골시장,남구,대연동,G209,섬유·의복·신발 소매,163,4524,3.603006189213086
20240331,못골시장,남구,대연동,G210,철물·건설자재 소매,34,4524,0.7515473032714411
20240331,못골시장,남구,대연동,G211,가구 소매,6,4524,0.13262599469496023
20240331,못골시장,남구,대연동,G212,기타 생활용품 소매,19,4524,0.41998231653404067
20240331,못골시장,남구,대연동,G213,오락용품 소매,37,4524,0.8178603006189213
20240331,못골시장,남구,대연동,G214,연료 소매,21,4524,0.46419098143236076
20240331,못골시장,남구,대연동,G215,의약·화장품 소매,106,4524,2.3430592396109637
20240331,못골시장,남구,대연동,G216,안경·정밀기기 소매,23,4524,0.5083996463306808
20240331,못골시장,남구,대연동,G217,시계·귀금속 소매,9,4524,0.1989389920424403
20240331,못골시장,남구,대연동,G218,장식품 소매,9,4524,0.1989389920424403
20240331,못골시장,남구,대연동,G219,식물 소매,20,4524,0.4420866489832007
20240331,못골시장,남구,대연동,G220,애완동물·용품 소매,19,4524,0.41998231653404067
20240331,못골시장,남구,대연동,G221,기타 상품 소매,15,4524,0.33156498673740054
20240331,못골시장,남구,대연동,G222,중고 상품 소매,14,4524,0.3094606542882405
20240331,못골시장,남구,대연동,I101,일반 숙박,28,4524,0.618921308576481
20240331,못골시장,남구,대연동,I102,기타 숙박,18,4524,0.3978779840848806
20240331,못골시장,남구,대연동,I201,한식,626,4524,13.837312113174182
20240331,못골시장,남구,대연동,I202,중식,66,4524,1.4588859416445623
20240331,못골시장,남구,대연동,I203,일식,74,4524,1.6357206012378427
20240331,못골시장,남구,대연동,I204,서양식,64,4524,1.4146772767462423
20240331,못골시장,남구,대연동,I205,동남아시아,16,4524,0.3536693191865606
20240331,못골시장,남구,대연동,I207,구내식당·뷔페,10,4524,0.22104332449160036
20240331,못골시장,남구,대연동,I210,기타 간이,368,4524,8.134394341290893
20240331,못골시장,남구,대연동,I211,주점,235,4524,5.194518125552609
20240331,못골시장,남구,대연동,I212,비알코올 ,258,4524,5.702917771883289
20240331,못골시장,남구,대연동,L102,부동산 서비스,208,4524,4.597701149425287
20240331,못골시장,남구,대연동,M103,법무관련 ,10,4524,0.22104332449160036
20240331,못골시장,남구,대연동,M104,회계·세무,18,4524,0.3978779840848806
20240331,못골시장,남구,대연동,M105,광고,82,4524,1.8125552608311228
20240331,못골시장,남구,대연동,M106,시장 조사,1,4524,0.022104332449160036
20240331,못골시장,남구,대연동,M107,본사·경영 컨설팅,55,4524,1.2157382847038019
20240331,못골시장,남구,대연동,M109,기술 서비스,101,4524,2.2325375773651635
20240331,못골시장,남구,대연동,M111,수의,5,4524,0.11052166224580018
20240331,못골시장,남구,대연동,M112,전문 디자인,56,4524,1.237842617152962
20240331,못골시장,남구,대연동,M113,사진 촬영,42,4524,0.9283819628647215
20240331,못골시장,남구,대연동,M114,인쇄·제품제작,29,4524,0.6410256410256411
20240331,못골시장,남구,대연동,M115,기타 전문 과학,3,4524,0.06631299734748011
20240331,못골시장,남구,대연동,N101,시설관리,5,4524,0.11052166224580018
20240331,못골시장,남구,대연동,N102,청소·방제,34,4524,0.7515473032714411
20240331,못골시장,남구,대연동,N104,고용 알선,27,4524,0.596816976127321
20240331,못골시장,남구,대연동,N105,여행사·보조,30,4524,0.6631299734748011
20240331,못골시장,남구,대연동,N107,사무 지원,24,4524,0.5305039787798409
20240331,못골시장,남구,대연동,N108,기타 사업 서비스,20,4524,0.4420866489832007
20240331,못골시장,남구,대연동,N109,운송장비 대여,8,4524,0.1768346595932803
20240331,못골시장,남구,대연동,N110,가정용품 대여,11,4524,0.24314765694076038
20240331,못골시장,남구,대연동,N111,산업용품 대여,11,4524,0.24314765694076038
20240331,못골시장,남구,대연동,P105,일반 교육,61,4524,1.3483642793987622
20240331,못골시장,남구,대연동,P106,기타 교육,158,4524,3.4924845269672855
20240331,못골시장,남구,대연동,P107,교육 지원,40,4524,0.8841732979664014
20240331,못골시장,남구,대연동,Q101,병원,3,4524,0.06631299734748011
20240331,못골시장,남구,대연동,Q102,의원,72,4524,1.5915119363395225
20240331,못골시장,남구,대연동,Q104,기타 보건,7,4524,0.15473032714412024
20240331,못골시장,남구,대연동,R102,도서관·사적지,25,4524,0.5526083112290009
20240331,못골시장,남구,대연동,R103,스포츠 서비스,84,4524,1.856763925729443
20240331,못골시장,남구,대연동,R104,유원지·오락,93,4524,2.055702917771883
20240331,못골시장,남구,대연동,S201,컴퓨터 수리,11,4524,0.24314765694076038
20240331,못골시장,남구,대연동,S202,통신장비 수리,7,4524,0.15473032714412024
20240331,못골시장,남구,대연동,S203,자동차 수리·세차,53,4524,1.1715296198054819
20240331,못골시장,남구,대연동,S204,모터사이클 수리,7,4524,0.15473032714412024
20240331,못골시장,남구,대연동,S205,가전제품 수리,10,4524,0.22104332449160036
20240331,못골시장,남구,대연동,S206,기타 가정용품 수리,17,4524,0.3757736516357206
20240331,못골시장,남구,대연동,S207,이용·미용,408,4524,9.018567639257295
20240331,못골시장,남구,대연동,S208,욕탕·신체관리,29,4524,0.6410256410256411
20240331,못골시장,남구,대연동,S209,세탁,33,4524,0.7294429708222812
20240331,못골시장,남구,대연동,S210,장례식장 ,3,4524,0.06631299734748011
20240331,못골시장,남구,대연동,S211,기타 개인,1,4524,0.022104332449160036
20240331,광안역 주변,수영구,광안동,G202,자동차 부품 소매,10,3347,0.2987750224081267
20240331,광안역 주변,수영구,광안동,G203,모터사이클 소매,5,3347,0.14938751120406335
20240331,광안역 주변,수영구,광안동,G204,종합 소매,136,3347,4.063340304750523
20240331,광안역 주변,수영구,광안동,G205,식료품 소매,56,3347,1.6731401254855094
20240331,광안역 주변,수영구,광안동,G206,음료 소매,2,3347,0.05975500448162534
20240331,광안역 주변,수영구,광안동,G207,담배 소매,7,3347,0.20914251568568867
20240331,광안역 주변,수영구,광안동,G208,가전·통신 소매,41,3347,1.2249775918733194
20240331,광안역 주변,수영구,광안동,G209,섬유·의복·신발 소매,101,3347,3.0176277263220794
20240331,광안역 주변,수영구,광안동,G210,철물·건설자재 소매,13,3347,0.3884075291305647
20240331,광안역 주변,수영구,광안동,G211,가구 소매,7,3347,0.20914251568568867
20240331,광안역 주변,수영구,광안동,G212,기타 생활용품 소매,17,3347,0.5079175380938153
20240331,광안역 주변,수영구,광안동,G213,오락용품 소매,32,3347,0.9560800717060054
20240331,광안역 주변,수영구,광안동,G214,연료 소매,5,3347,0.14938751120406335
20240331,광안역 주변,수영구,광안동,G215,의약·화장품 소매,105,3347,3.13713773528533
20240331,광안역 주변,수영구,광안동,G216,안경·정밀기기 소매,16,3347,0.4780400358530027
20240331,광안역 주변,수영구,광안동,G217,시계·귀금속 소매,12,3347,0.358530026889752
20240331,광안역 주변,수영구,광안동,G218,장식품 소매,25,3347,0.7469375560203168
20240331,광안역 주변,수영구,광안동,G219,식물 소매,21,3347,0.627427547057066
20240331,광안역 주변,수영구,광안동,G220,애완동물·용품 소매,15,3347,0.44816253361219
20240331,광안역 주변,수영구,광안동,G221,기타 상품 소매,3,3347,0.089632506722438
20240331,광안역 주변,수영구,광안동,G222,중고 상품 소매,10,3347,0.2987750224081267
20240331,광안역 주변,수영구,광안동,I101,일반 숙박,104,3347,3.1072602330445176
20240331,광안역 주변,수영구,광안동,I102,기타 숙박,3,3347,0.089632506722438
20240331,광안역 주변,수영구,광안동,I201,한식,447,3347,13.355243501643262
20240331,광안역 주변,수영구,광안동,I202,중식,36,3347,1.075590080669256
20240331,광안역 주변,수영구,광안동,I203,일식,66,3347,1.971915147893636
20240331,광안역 주변,수영구,광안동,I204,서양식,66,3347,1.971915147893636
20240331,광안역 주변,수영구,광안동,I205,동남아시아,10,3347,0.2987750224081267
20240331,광안역 주변,수영구,광안동,I207,구내식당·뷔페,5,3347,0.14938751120406335
20240331,광안역 주변,수영구,광안동,I210,기타 간이,269,3347,8.037048102778607
20240331,광안역 주변,수영구,광안동,I211,주점,203,3347,6.065132954884971
20240331,광안역 주변,수영구,광안동,I212,비알코올 ,201,3347,6.005377950403346
20240331,광안역 주변,수영구,광안동,L102,부동산 서비스,178,3347,5.318195398864655
20240331,광안역 주변,수영구,광안동,M103,법무관련 ,7,3347,0.20914251568568867
20240331,광안역 주변,수영구,광안동,M104,회계·세무,16,3347,0.4780400358530027
20240331,광안역 주변,수영구,광안동,M105,광고,24,3347,0.717060053779504
20240331,광안역 주변,수영구,광안동,M106,시장 조사,3,3347,0.089632506722438
20240331,광안역 주변,수영구,광안동,M107,본사·경영 컨설팅,43,3347,1.2847325963549447
20240331,광안역 주변,수영구,광안동,M109,기술 서비스,51,3347,1.5237526142814461
20240331,광안역 주변,수영구,광안동,M111,수의,7,3347,0.20914251568568867
20240331,광안역 주변,수영구,광안동,M112,전문 디자인,57,3347,1.703017627726322
20240331,광안역 주변,수영구,광안동,M113,사진 촬영,45,3347,1.34448760083657
20240331,광안역 주변,수영구,광안동,M114,인쇄·제품제작,14,3347,0.41828503137137735
20240331,광안역 주변,수영구,광안동,M115,기타 전문 과학,5,3347,0.14938751120406335
20240331,광안역 주변,수영구,광안동,N101,시설관리,3,3347,0.089632506722438
20240331,광안역 주변,수영구,광안동,N102,청소·방제,28,3347,0.8365700627427547
20240331,광안역 주변,수영구,광안동,N104,고용 알선,15,3347,0.44816253361219
20240331,광안역 주변,수영구,광안동,N105,여행사·보조,12,3347,0.358530026889752
20240331,광안역 주변,수영구,광안동,N107,사무 지원,1,3347,0.02987750224081267
20240331,광안역 주변,수영구,광안동,N108,기타 사업 서비스,18,3347,0.537795040334628
20240331,광안역 주변,수영구,광안동,N109,운송장비 대여,3,3347,0.089632506722438
20240331,광안역 주변,수영구,광안동,N110,가정용품 대여,14,3347,0.41828503137137735
20240331,광안역 주변,수영구,광안동,N111,산업용품 대여,22,3347,0.6573050492978787
20240331,광안역 주변,수영구,광안동,P105,일반 교육,23,3347,0.6871825515386913
20240331,광안역 주변,수영구,광안동,P106,기타 교육,90,3347,2.68897520167314
20240331,광안역 주변,수영구,광안동,P107,교육 지원,12,3347,0.358530026889752
20240331,광안역 주변,수영구,광안동,Q101,병원,11,3347,0.32865252464893935
20240331,광안역 주변,수영구,광안동,Q102,의원,47,3347,1.4042426053181953
20240331,광안역 주변,수영구,광안동,Q104,기타 보건,4,3347,0.11951000896325067
20240331,광안역 주변,수영구,광안동,R102,도서관·사적지,9,3347,0.268897520167314
20240331,광안역 주변,수영구,광안동,R103,스포츠 서비스,47,3347,1.4042426053181953
20240331,광안역 주변,수영구,광안동,R104,유원지·오락,34,3347,1.0158350761876307
20240331,광안역 주변,수영구,광안동,S201,컴퓨터 수리,9,3347,0.268897520167314
20240331,광안역 주변,수영구,광안동,S202,통신장비 수리,2,3347,0.05975500448162534
20240331,광안역 주변,수영구,광안동,S203,자동차 수리·세차,46,3347,1.3743651030773827
20240331,광안역 주변,수영구,광안동,S204,모터사이클 수리,6,3347,0.179265013444876
20240331,광안역 주변,수영구,광안동,S205,가전제품 수리,7,3347,0.20914251568568867
20240331,광안역 주변,수영구,광안동,S206,기타 가정용품 수리,8,3347,0.23902001792650135
20240331,광안역 주변,수영구,광안동,S207,이용·미용,315,3347,9.41141320585599
20240331,광안역 주변,수영구,광안동,S208,욕탕·신체관리,25,3347,0.7469375560203168
20240331,광안역 주변,수영구,광안동,S209,세탁,33,3347,0.985957573946818
20240331,광안역 주변,수영구,광안동,S210,장례식장 ,1,3347,0.02987750224081267
20240331,광안역 주변,수영구,광안동,S211,기타 개인,3,3347,0.089632506722438
20240331,신평역 주변,사하구,신평동,G202,자동차 부품 소매,3,1117,0.26857654431512984
20240331,신평역 주변,사하구,신평동,G203,모터사이클 소매,1,1117,0.08952551477170993
20240331,신평역 주변,사하구,신평동,G204,종합 소매,65,1117,5.819158460161146
20240331,신평역 주변,사하구,신평동,G205,식료품 소매,33,1117,2.954341987466428
20240331,신평역 주변,사하구,신평동,G206,음료 소매,1,1117,0.08952551477170993
20240331,신평역 주변,사하구,신평동,G207,담배 소매,3,1117,0.26857654431512984
20240331,신평역 주변,사하구,신평동,G208,가전·통신 소매,17,1117,1.521933751119069
20240331,신평역 주변,사하구,신평동,G209,섬유·의복·신발 소매,29,1117,2.596239928379588
20240331,신평역 주변,사하구,신평동,G210,철물·건설자재 소매,17,1117,1.521933751119069
20240331,신평역 주변,사하구,신평동,G211,가구 소매,2,1117,0.17905102954341987
20240331,신평역 주변,사하구,신평동,G212,기타 생활용품 소매,4,1117,0.35810205908683973
20240331,신평역 주변,사하구,신평동,G213,오락용품 소매,9,1117,0.8057296329453895
20240331,신평역 주변,사하구,신평동,G214,연료 소매,11,1117,0.9847806624888094
20240331,신평역 주변,사하구,신평동,G215,의약·화장품 소매,27,1117,2.4171888988361685
20240331,신평역 주변,사하구,신평동,G216,안경·정밀기기 소매,5,1117,0.4476275738585497
20240331,신평역 주변,사하구,신평동,G217,시계·귀금속 소매,7,1117,0.6266786034019696
20240331,신평역 주변,사하구,신평동,G218,장식품 소매,2,1117,0.17905102954341987
20240331,신평역 주변,사하구,신평동,G219,식물 소매,1,1117,0.08952551477170993
20240331,신평역 주변,사하구,신평동,G220,애완동물·용품 소매,5,1117,0.4476275738585497
20240331,신평역 주변,사하구,신평동,G221,기타 상품 소매,2,1117,0.17905102954341987
20240331,신평역 주변,사하구,신평동,G222,중고 상품 소매,6,1117,0.5371530886302597
20240331,신평역 주변,사하구,신평동,I101,일반 숙박,3,1117,0.26857654431512984
20240331,신평역 주변,사하구,신평동,I201,한식,195,1117,17.457475380483437
20240331,신평역 주변,사하구,신평동,I202,중식,12,1117,1.0743061772605194
20240331,신평역 주변,사하구,신평동,I203,일식,5,1117,0.4476275738585497
20240331,신평역 주변,사하구,신평동,I204,서양식,3,1117,0.26857654431512984
20240331,신평역 주변,사하구,신평동,I205,동남아시아,1,1117,0.08952551477170993
20240331,신평역 주변,사하구,신평동,I207,구내식당·뷔페,10,1117,0.8952551477170994
20240331,신평역 주변,사하구,신평동,I210,기타 간이,76,1117,6.803939122649955
20240331,신평역 주변,사하구,신평동,I211,주점,58,1117,5.192479856759176
20240331,신평역 주변,사하구,신평동,I212,비알코올 ,40,1117,3.5810205908683974
20240331,신평역 주변,사하구,신평동,L102,부동산 서비스,28,1117,2.5067144136078783
20240331,신평역 주변,사하구,신평동,M103,법무관련 ,1,1117,0.08952551477170993
20240331,신평역 주변,사하구,신평동,M104,회계·세무,1,1117,0.08952551477170993
20240331,신평역 주변,사하구,신평동,M105,광고,29,1117,2.596239928379588
20240331,신평역 주변,사하구,신평동,M107,본사·경영 컨설팅,17,1117,1.521933751119069
20240331,신평역 주변,사하구,신평동,M109,기술 서비스,14,1117,1.2533572068039391
20240331,신평역 주변,사하구,신평동,M111,수의,2,1117,0.17905102954341987
20240331,신평역 주변,사하구,신평동,M112,전문 디자인,44,1117,3.9391226499552374
20240331,신평역 주변,사하구,신평동,M113,사진 촬영,7,1117,0.6266786034019696
20240331,신평역 주변,사하구,신평동,M114,인쇄·제품제작,5,1117,0.4476275738585497
20240331,신평역 주변,사하구,신평동,M115,기타 전문 과학,2,1117,0.17905102954341987
20240331,신평역 주변,사하구,신평동,N101,시설관리,1,1117,0.08952551477170993
20240331,신평역 주변,사하구,신평동,N102,청소·방제,5,1117,0.4476275738585497
20240331,신평역 주변,사하구,신평동,N104,고용 알선,4,1117,0.35810205908683973
20240331,신평역 주변,사하구,신평동,N105,여행사·보조,2,1117,0.17905102954341987
20240331,신평역 주변,사하구,신평동,N108,기타 사업 서비스,5,1117,0.4476275738585497
20240331,신평역 주변,사하구,신평동,N109,운송장비 대여,6,1117,0.5371530886302597
20240331,신평역 주변,사하구,신평동,N110,가정용품 대여,2,1117,0.17905102954341987
20240331,신평역 주변,사하구,신평동,N111,산업용품 대여,3,1117,0.26857654431512984
20240331,신평역 주변,사하구,신평동,P105,일반 교육,17,1117,1.521933751119069
20240331,신평역 주변,사하구,신평동,P106,기타 교육,16,1117,1.432408236347359
20240331,신평역 주변,사하구,신평동,P107,교육 지원,3,1117,0.26857654431512984
20240331,신평역 주변,사하구,신평동,Q101,병원,2,1117,0.17905102954341987
20240331,신평역 주변,사하구,신평동,Q102,의원,2,1117,0.17905102954341987
20240331,신평역 주변,사하구,신평동,R102,도서관·사적지,5,1117,0.4476275738585497
20240331,신평역 주변,사하구,신평동,R103,스포츠 서비스,22,1117,1.9695613249776187
20240331,신평역 주변,사하구,신평동,R104,유원지·오락,36,1117,3.222918531781558
20240331,신평역 주변,사하구,신평동,S201,컴퓨터 수리,4,1117,0.35810205908683973
20240331,신평역 주변,사하구,신평동,S203,자동차 수리·세차,48,1117,4.297224709042077
20240331,신평역 주변,사하구,신평동,S204,모터사이클 수리,2,1117,0.17905102954341987
20240331,신평역 주변,사하구,신평동,S205,가전제품 수리,6,1117,0.5371530886302597
20240331,신평역 주변,사하구,신평동,S206,기타 가정용품 수리,4,1117,0.35810205908683973
20240331,신평역 주변,사하구,신평동,S207,이용·미용,90,1117,8.057296329453894
20240331,신평역 주변,사하구,신평동,S208,욕탕·신체관리,13,1117,1.1638316920322291
20240331,신평역 주변,사하구,신평동,S209,세탁,14,1117,1.2533572068039391
20240331,신평역 주변,사하구,신평동,S210,장례식장 ,2,1117,0.17905102954341987
20240630,부전시장,부산진구,부전동,G202,자동차 부품 소매,5,6403,0.07808839606434484
20240630,부전시장,부산진구,부전동,G204,종합 소매,170,6403,2.6550054661877245
20240630,부전시장,부산진구,부전동,G205,식료품 소매,184,6403,2.87365297516789
20240630,부전시장,부산진구,부전동,G206,음료 소매,10,6403,0.15617679212868968
20240630,부전시장,부산진구,부전동,G207,담배 소매,21,6403,0.3279712634702483
20240630,부전시장,부산진구,부전동,G208,가전·통신 소매,106,6403,1.6554739965641105
20240630,부전시장,부산진구,부전동,G209,섬유·의복·신발 소매,943,6403,14.727471497735436
20240630,부전시장,부산진구,부전동,G210,철물·건설자재 소매,16,6403,0.24988286740590349
20240630,부전시장,부산진구,부전동,G211,가구 소매,8,6403,0.12494143370295174
20240630,부전시장,부산진구,부전동,G212,기타 생활용품 소매,43,6403,0.6715602061533656
20240630,부전시장,부산진구,부전동,G213,오락용품 소매,41,6403,0.6403248477276277
20240630,부전시장,부산진구,부전동,G214,연료 소매,3,6403,0.046853037638606904
20240630,부전시장,부산진구,부전동,G215,의약·화장품 소매,204,6403,3.1860065594252696
20240630,부전시장,부산진구,부전동,G216,안경·정밀기기 소매,34,6403,0.5310010932375449
20240630,부전시장,부산진구,부전동,G217,시계·귀금속 소매,63,6403,0.983913790410745
20240630,부전시장,부산진구,부전동,G218,장식품 소매,17,6403,0.2655005466187724
20240630,부전시장,부산진구,부전동,G219,식물 소매,8,6403,0.12494143370295174
20240630,부전시장,부산진구,부전동,G220,애완동물·용품 소매,13,6403,0.20302982976729658
20240630,부전시장,부산진구,부전동,G221,기타 상품 소매,56,6403,0.8745900359206622
20240630,부전시장,부산진구,부전동,G222,중고 상품 소매,42,6403,0.6559425269404966
20240630,부전시장,부산진구,부전동,I101,일반 숙박,141,6403,2.2020927690145244
20240630,부전시장,부산진구,부전동,I102,기타 숙박,17,6403,0.2655005466187724
20240630,부전시장,부산진구,부전동,I201,한식,750,6403,11.713259409651727
20240630,부전시장,부산진구,부전동,I202,중식,53,6403,0.8277369982820553
20240630,부전시장,부산진구,부전동,I203,일식,109,6403,1.7023270342027175
20240630,부전시장,부산진구,부전동,I204,서양식,45,6403,0.7027955645791035
20240630,부전시장,부산진구,부전동,I205,동남아시아,14,6403,0.21864750898016555
20240630,부전시장,부산진구,부전동,I207,구내식당·뷔페,8,6403,0.12494143370295174
20240630,부전시장,부산진구,부전동,I210,기타 간이,244,6403,3.810713727940028
20240630,부전시장,부산진구,부전동,I211,주점,674,6403,10.526315789473685
20240630,부전시장,부산진구,부전동,I212,비알코올 ,225,6403,3.5139778228955176
20240630,부전시장,부산진구,부전동,L102,부동산 서비스,211,6403,3.2953303139153522
20240630,부전시장,부산진구,부전동,M103,법무관련 ,34,6403,0.5310010932375449
20240630,부전시장,부산진구,부전동,M104,회계·세무,91,6403,1.421208808371076
20240630,부전시장,부산진구,부전동,M105,광고,74,6403,1.1557082617523036
20240630,부전시장,부산진구,부전동,M106,시장 조사,2,6403,0.031235358425737936
20240630,부전시장,부산진구,부전동,M107,본사·경영 컨설팅,86,6403,1.3431204123067313
20240630,부전시장,부산진구,부전동,M109,기술 서비스,55,6403,0.8589723567077933
20240630,부전시장,부산진구,부전동,M111,수의,3,6403,0.046853037638606904
20240630,부전시장,부산진구,부전동,M112,전문 디자인,26,6403,0.40605965953459316
20240630,부전시장,부산진구,부전동,M113,사진 촬영,53,6403,0.8277369982820553
20240630,부전시장,부산진구,부전동,M114,인쇄·제품제작,92,6403,1.436826487583945
20240630,부전시장,부산진구,부전동,M115,기타 전문 과학,6,6403,0.09370607527721381
20240630,부전시장,부산진구,부전동,N101,시설관리,6,6403,0.09370607527721381
20240630,부전시장,부산진구,부전동,N102,청소·방제,17,6403,0.2655005466187724
20240630,부전시장,부산진구,부전동,N104,고용 알선,52,6403,0.8121193190691863
20240630,부전시장,부산진구,부전동,N105,여행사·보조,64,6403,0.9995314696236139
20240630,부전시장,부산진구,부전동,N107,사무 지원,14,6403,0.21864750898016555
20240630,부전시장,부산진구,부전동,N108,기타 사업 서비스,20,6403,0.31235358425737936
20240630,부전시장,부산진구,부전동,N109,운송장비 대여,3,6403,0.046853037638606904
20240630,부전시장,부산진구,부전동,N110,가정용품 대여,16,6403,0.24988286740590349
20240630,부전시장,부산진구,부전동,N111,산업용품 대여,10,6403,0.15617679212868968
20240630,부전시장,부산진구,부전동,P105,일반 교육,12,6403,0.18741215055442761
20240630,부전시장,부산진구,부전동,P106,기타 교육,143,6403,2.2333281274402625
20240630,부전시장,부산진구,부전동,P107,교육 지원,29,6403,0.45291269717320004
20240630,부전시장,부산진구,부전동,Q101,병원,8,6403,0.12494143370295174
20240630,부전시장,부산진구,부전동,Q102,의원,257,6403,4.013743557707325
20240630,부전시장,부산진구,부전동,Q104,기타 보건,6,6403,0.09370607527721381
20240630,부전시장,부산진구,부전동,R102,도서관·사적지,9,6403,0.1405591129158207
20240630,부전시장,부산진구,부전동,R103,스포츠 서비스,66,6403,1.0307668280493518
20240630,부전시장,부산진구,부전동,R104,유원지·오락,81,6403,1.2650320162423865
20240630,부전시장,부산진구,부전동,S201,컴퓨터 수리,9,6403,0.1405591129158207
20240630,부전시장,부산진구,부전동,S202,통신장비 수리,11,6403,0.17179447134155865
20240630,부전시장,부산진구,부전동,S203,자동차 수리·세차,7,6403,0.10932375449008278
20240630,부전시장,부산진구,부전동,S204,모터사이클 수리,3,6403,0.046853037638606904
20240630,부전시장,부산진구,부전동,S205,가전제품 수리,17,6403,0.2655005466187724
20240630,부전시장,부산진구,부전동,S206,기타 가정용품 수리,38,6403,0.5934718100890207
20240630,부전시장,부산진구,부전동,S207,이용·미용,439,6403,6.856161174449476
20240630,부전시장,부산진구,부전동,S208,욕탕·신체관리,40,6403,0.6247071685147587
20240630,부전시장,부산진구,부전동,S209,세탁,11,6403,0.17179447134155865
20240630,부전시장,부산진구,부전동,S210,장례식장 ,2,6403,0.031235358425737936
20240630,부전시장,부산진구,부전동,S211,기타 개인,13,6403,0.20302982976729658
20240630,못골시장,남구,대연동,G202,자동차 부품 소매,15,4447,0.33730604902181244
20240630,못골시장,남구,대연동,G203,모터사이클 소매,2,4447,0.04497413986957499
20240630,못골시장,남구,대연동,G204,종합 소매,180,4447,4.04767258826175
20240630,못골시장,남구,대연동,G205,식료품 소매,95,4447,2.1362716438048124
20240630,못골시장,남구,대연동,G206,음료 소매,2,4447,0.04497413986957499
20240630,못골시장,남구,대연동,G207,담배 소매,11,4447,0.24735776928266248
20240630,못골시장,남구,대연동,G208,가전·통신 소매,57,4447,1.2817629862828874
20240630,못골시장,남구,대연동,G209,섬유·의복·신발 소매,162,4447,3.6429053294355747
20240630,못골시장,남구,대연동,G210,철물·건설자재 소매,33,4447,0.7420733078479874
20240630,못골시장,남구,대연동,G211,가구 소매,6,4447,0.13492241960872497
20240630,못골시장,남구,대연동,G212,기타 생활용품 소매,19,4447,0.4272543287609624
20240630,못골시장,남구,대연동,G213,오락용품 소매,37,4447,0.8320215875871374
20240630,못골시장,남구,대연동,G214,연료 소매,21,4447,0.47222846863053747
20240630,못골시장,남구,대연동,G215,의약·화장품 소매,102,4447,2.2936811333483247
20240630,못골시장,남구,대연동,G216,안경·정밀기기 소매,23,4447,0.5172026085001125
20240630,못골시장,남구,대연동,G217,시계·귀금속 소매,9,4447,0.20238362941308746
20240630,못골시장,남구,대연동,G218,장식품 소매,9,4447,0.20238362941308746
20240630,못골시장,남구,대연동,G219,식물 소매,20,4447,0.4497413986957499
20240630,못골시장,남구,대연동,G220,애완동물·용품 소매,19,4447,0.4272543287609624
20240630,못골시장,남구,대연동,G221,기타 상품 소매,15,4447,0.33730604902181244
20240630,못골시장,남구,대연동,G222,중고 상품 소매,14,4447,0.31481897908702494
20240630,못골시장,남구,대연동,I101,일반 숙박,29,4447,0.6521250281088374
20240630,못골시장,남구,대연동,I102,기타 숙박,17,4447,0.38228018889138743
20240630,못골시장,남구,대연동,I201,한식,618,4447,13.897009219698674
20240630,못골시장,남구,대연동,I202,중식,64,4447,1.4391724758263997
20240630,못골시장,남구,대연동,I203,일식,75,4447,1.6865302451090622
20240630,못골시장,남구,대연동,I204,서양식,59,4447,1.3267371261524623
20240630,못골시장,남구,대연동,I205,동남아시아,11,4447,0.24735776928266248
20240630,못골시장,남구,대연동,I207,구내식당·뷔페,10,4447,0.22487069934787496
20240630,못골시장,남구,대연동,I210,기타 간이,353,4447,7.937935686979986
20240630,못골시장,남구,대연동,I211,주점,226,4447,5.082077805261974
20240630,못골시장,남구,대연동,I212,비알코올 ,250,4447,5.621767483696875
20240630,못골시장,남구,대연동,L102,부동산 서비스,201,4447,4.519901056892287
20240630,못골시장,남구,대연동,M103,법무관련 ,10,4447,0.22487069934787496
20240630,못골시장,남구,대연동,M104,회계·세무,18,4447,0.4047672588261749
20240630,못골시장,남구,대연동,M105,광고,83,4447,1.8664268045873622
20240630,못골시장,남구,대연동,M106,시장 조사,1,4447,0.022487069934787496
20240630,못골시장,남구,대연동,M107,본사·경영 컨설팅,53,4447,1.1918147065437374
20240630,못골시장,남구,대연동,M109,기술 서비스,101,4447,2.271194063413537
20240630,못골시장,남구,대연동,M111,수의,5,4447,0.11243534967393748
20240630,못골시장,남구,대연동,M112,전문 디자인,56,4447,1.2592759163480998
20240630,못골시장,남구,대연동,M113,사진 촬영,43,4447,0.9669440071958624
20240630,못골시장,남구,대연동,M114,인쇄·제품제작,29,4447,0.6521250281088374
20240630,못골시장,남구,대연동,M115,기타 전문 과학,3,4447,0.06746120980436249
20240630,못골시장,남구,대연동,N101,시설관리,5,4447,0.11243534967393748
20240630,못골시장,남구,대연동,N102,청소·방제,38,4447,0.8545086575219248
20240630,못골시장,남구,대연동,N104,고용 알선,27,4447,0.6071508882392624
20240630,못골시장,남구,대연동,N105,여행사·보조,30,4447,0.6746120980436249
20240630,못골시장,남구,대연동,N107,사무 지원,24,4447,0.5396896784348999
20240630,못골시장,남구,대연동,N108,기타 사업 서비스,20,4447,0.4497413986957499
20240630,못골시장,남구,대연동,N109,운송장비 대여,8,4447,0.17989655947829997
20240630,못골시장,남구,대연동,N110,가정용품 대여,12,4447,0.26984483921744995
20240630,못골시장,남구,대연동,N111,산업용품 대여,11,4447,0.24735776928266248
20240630,못골시장,남구,대연동,P105,일반 교육,60,4447,1.3492241960872497
20240630,못골시장,남구,대연동,P106,기타 교육,156,4447,3.5079829098268496
20240630,못골시장,남구,대연동,P107,교육 지원,39,4447,0.8769957274567124
20240630,못골시장,남구,대연동,Q101,병원,3,4447,0.06746120980436249
20240630,못골시장,남구,대연동,Q102,의원,70,4447,1.5740948954351248
20240630,못골시장,남구,대연동,Q104,기타 보건,7,4447,0.15740948954351247
20240630,못골시장,남구,대연동,R102,도서관·사적지,24,4447,0.5396896784348999
20240630,못골시장,남구,대연동,R103,스포츠 서비스,84,4447,1.8889138745221499
20240630,못골시장,남구,대연동,R104,유원지·오락,90,4447,2.023836294130875
20240630,못골시장,남구,대연동,S201,컴퓨터 수리,11,4447,0.24735776928266248
20240630,못골시장,남구,대연동,S202,통신장비 수리,7,4447,0.15740948954351247
20240630,못골시장,남구,대연동,S203,자동차 수리·세차,53,4447,1.1918147065437374
20240630,못골시장,남구,대연동,S204,모터사이클 수리,6,4447,0.13492241960872497
20240630,못골시장,남구,대연동,S205,가전제품 수리,10,4447,0.22487069934787496
20240630,못골시장,남구,대연동,S206,기타 가정용품 수리,17,4447,0.38228018889138743
20240630,못골시장,남구,대연동,S207,이용·미용,408,4447,9.174724533393299
20240630,못골시장,남구,대연동,S208,욕탕·신체관리,26,4447,0.5846638183044749
20240630,못골시장,남구,대연동,S209,세탁,31,4447,0.6970991679784124
20240630,못골시장,남구,대연동,S210,장례식장 ,3,4447,0.06746120980436249
20240630,못골시장,남구,대연동,S211,기타 개인,1,4447,0.022487069934787496
20240630,광안역 주변,수영구,광안동,G202,자동차 부품 소매,10,3314,0.30175015087507545
20240630,광안역 주변,수영구,광안동,G203,모터사이클 소매,4,3314,0.12070006035003017
20240630,광안역 주변,수영구,광안동,G204,종합 소매,135,3314,4.073627036813519
20240630,광안역 주변,수영구,광안동,G205,식료품 소매,53,3314,1.5992757996379
20240630,광안역 주변,수영구,광안동,G206,음료 소매,2,3314,0.060350030175015085
20240630,광안역 주변,수영구,광안동,G207,담배 소매,7,3314,0.2112251056125528
20240630,광안역 주변,수영구,광안동,G208,가전·통신 소매,40,3314,1.2070006035003018
20240630,광안역 주변,수영구,광안동,G209,섬유·의복·신발 소매,98,3314,2.957151478575739
20240630,광안역 주변,수영구,광안동,G210,철물·건설자재 소매,13,3314,0.3922751961375981
20240630,광안역 주변,수영구,광안동,G211,가구 소매,7,3314,0.2112251056125528
20240630,광안역 주변,수영구,광안동,G212,기타 생활용품 소매,17,3314,0.5129752564876282
20240630,광안역 주변,수영구,광안동,G213,오락용품 소매,30,3314,0.9052504526252263
20240630,광안역 주변,수영구,광안동,G214,연료 소매,5,3314,0.15087507543753773
20240630,광안역 주변,수영구,광안동,G215,의약·화장품 소매,104,3314,3.1382015691007847
20240630,광안역 주변,수영구,광안동,G216,안경·정밀기기 소매,16,3314,0.4828002414001207
20240630,광안역 주변,수영구,광안동,G217,시계·귀금속 소매,12,3314,0.3621001810500905
20240630,광안역 주변,수영구,광안동,G218,장식품 소매,26,3314,0.7845503922751962
20240630,광안역 주변,수영구,광안동,G219,식물 소매,21,3314,0.6336753168376584
20240630,광안역 주변,수영구,광안동,G220,애완동물·용품 소매,15,3314,0.45262522631261315
20240630,광안역 주변,수영구,광안동,G221,기타 상품 소매,3,3314,0.09052504526252263
20240630,광안역 주변,수영구,광안동,G222,중고 상품 소매,8,3314,0.24140012070006034
20240630,광안역 주변,수영구,광안동,I101,일반 숙박,108,3314,3.258901629450815
20240630,광안역 주변,수영구,광안동,I102,기타 숙박,3,3314,0.09052504526252263
20240630,광안역 주변,수영구,광안동,I201,한식,444,3314,13.39770669885335
20240630,광안역 주변,수영구,광안동,I202,중식,36,3314,1.0863005431502715
20240630,광안역 주변,수영구,광안동,I203,일식,61,3314,1.8406759203379601
20240630,광안역 주변,수영구,광안동,I204,서양식,69,3314,2.0820760410380204
20240630,광안역 주변,수영구,광안동,I205,동남아시아,7,3314,0.2112251056125528
20240630,광안역 주변,수영구,광안동,I207,구내식당·뷔페,4,3314,0.12070006035003017
20240630,광안역 주변,수영구,광안동,I210,기타 간이,261,3314,7.875678937839469
20240630,광안역 주변,수영구,광안동,I211,주점,198,3314,5.974652987326493
20240630,광안역 주변,수영구,광안동,I212,비알코올 ,196,3314,5.914302957151478
20240630,광안역 주변,수영구,광안동,L102,부동산 서비스,173,3314,5.220277610138805
20240630,광안역 주변,수영구,광안동,M103,법무관련 ,7,3314,0.2112251056125528
20240630,광안역 주변,수영구,광안동,M104,회계·세무,16,3314,0.4828002414001207
20240630,광안역 주변,수영구,광안동,M105,광고,23,3314,0.6940253470126735
20240630,광안역 주변,수영구,광안동,M106,시장 조사,3,3314,0.09052504526252263
20240630,광안역 주변,수영구,광안동,M107,본사·경영 컨설팅,42,3314,1.2673506336753169
20240630,광안역 주변,수영구,광안동,M109,기술 서비스,52,3314,1.5691007845503924
20240630,광안역 주변,수영구,광안동,M111,수의,5,3314,0.15087507543753773
20240630,광안역 주변,수영구,광안동,M112,전문 디자인,56,3314,1.6898008449004225
20240630,광안역 주변,수영구,광안동,M113,사진 촬영,44,3314,1.327700663850332
20240630,광안역 주변,수영구,광안동,M114,인쇄·제품제작,14,3314,0.4224502112251056
20240630,광안역 주변,수영구,광안동,M115,기타 전문 과학,3,3314,0.09052504526252263
20240630,광안역 주변,수영구,광안동,N101,시설관리,4,3314,0.12070006035003017
20240630,광안역 주변,수영구,광안동,N102,청소·방제,28,3314,0.8449004224502112
20240630,광안역 주변,수영구,광안동,N104,고용 알선,16,3314,0.4828002414001207
20240630,광안역 주변,수영구,광안동,N105,여행사·보조,12,3314,0.3621001810500905
20240630,광안역 주변,수영구,광안동,N107,사무 지원,1,3314,0.030175015087507542
20240630,광안역 주변,수영구,광안동,N108,기타 사업 서비스,17,3314,0.5129752564876282
20240630,광안역 주변,수영구,광안동,N109,운송장비 대여,3,3314,0.09052504526252263
20240630,광안역 주변,수영구,광안동,N110,가정용품 대여,14,3314,0.4224502112251056
20240630,광안역 주변,수영구,광안동,N111,산업용품 대여,23,3314,0.6940253470126735
20240630,광안역 주변,수영구,광안동,P105,일반 교육,24,3314,0.724200362100181
20240630,광안역 주변,수영구,광안동,P106,기타 교육,90,3314,2.715751357875679
20240630,광안역 주변,수영구,광안동,P107,교육 지원,12,3314,0.3621001810500905
20240630,광안역 주변,수영구,광안동,Q101,병원,11,3314,0.331925165962583
20240630,광안역 주변,수영구,광안동,Q102,의원,46,3314,1.388050694025347
20240630,광안역 주변,수영구,광안동,Q104,기타 보건,4,3314,0.12070006035003017
20240630,광안역 주변,수영구,광안동,R102,도서관·사적지,10,3314,0.30175015087507545
20240630,광안역 주변,수영구,광안동,R103,스포츠 서비스,47,3314,1.4182257091128545
20240630,광안역 주변,수영구,광안동,R104,유원지·오락,37,3314,1.1164755582377792
20240630,광안역 주변,수영구,광안동,S201,컴퓨터 수리,9,3314,0.27157513578756787
20240630,광안역 주변,수영구,광안동,S202,통신장비 수리,2,3314,0.060350030175015085
20240630,광안역 주변,수영구,광안동,S203,자동차 수리·세차,48,3314,1.448400724200362
20240630,광안역 주변,수영구,광안동,S204,모터사이클 수리,6,3314,0.18105009052504525
20240630,광안역 주변,수영구,광안동,S205,가전제품 수리,7,3314,0.2112251056125528
20240630,광안역 주변,수영구,광안동,S206,기타 가정용품 수리,8,3314,0.24140012070006034
20240630,광안역 주변,수영구,광안동,S207,이용·미용,323,3314,9.746529873264937
20240630,광안역 주변,수영구,광안동,S208,욕탕·신체관리,24,3314,0.724200362100181
20240630,광안역 주변,수영구,광안동,S209,세탁,33,3314,0.995775497887749
20240630,광안역 주변,수영구,광안동,S210,장례식장 ,1,3314,0.030175015087507542
20240630,광안역 주변,수영구,광안동,S211,기타 개인,3,3314,0.09052504526252263
20240630,신평역 주변,사하구,신평동,G202,자동차 부품 소매,3,1114,0.26929982046678635
20240630,신평역 주변,사하구,신평동,G203,모터사이클 소매,1,1114,0.08976660682226212
20240630,신평역 주변,사하구,신평동,G204,종합 소매,63,1114,5.655296229802514
20240630,신평역 주변,사하구,신평동,G205,식료품 소매,34,1114,3.0520646319569122
20240630,신평역 주변,사하구,신평동,G206,음료 소매,1,1114,0.08976660682226212
20240630,신평역 주변,사하구,신평동,G207,담배 소매,3,1114,0.26929982046678635
20240630,신평역 주변,사하구,신평동,G208,가전·통신 소매,17,1114,1.5260323159784561
20240630,신평역 주변,사하구,신평동,G209,섬유·의복·신발 소매,25,1114,2.244165170556553
20240630,신평역 주변,사하구,신평동,G210,철물·건설자재 소매,18,1114,1.6157989228007181
20240630,신평역 주변,사하구,신평동,G211,가구 소매,1,1114,0.08976660682226212
20240630,신평역 주변,사하구,신평동,G212,기타 생활용품 소매,4,1114,0.3590664272890485
20240630,신평역 주변,사하구,신평동,G213,오락용품 소매,9,1114,0.8078994614003591
20240630,신평역 주변,사하구,신평동,G214,연료 소매,12,1114,1.0771992818671454
20240630,신평역 주변,사하구,신평동,G215,의약·화장품 소매,27,1114,2.423698384201077
20240630,신평역 주변,사하구,신평동,G216,안경·정밀기기 소매,5,1114,0.4488330341113106
20240630,신평역 주변,사하구,신평동,G217,시계·귀금속 소매,7,1114,0.6283662477558348
20240630,신평역 주변,사하구,신평동,G218,장식품 소매,2,1114,0.17953321364452424
20240630,신평역 주변,사하구,신평동,G219,식물 소매,1,1114,0.08976660682226212
20240630,신평역 주변,사하구,신평동,G220,애완동물·용품 소매,5,1114,0.4488330341113106
20240630,신평역 주변,사하구,신평동,G221,기타 상품 소매,2,1114,0.17953321364452424
20240630,신평역 주변,사하구,신평동,G222,중고 상품 소매,6,1114,0.5385996409335727
20240630,신평역 주변,사하구,신평동,I101,일반 숙박,3,1114,0.26929982046678635
20240630,신평역 주변,사하구,신평동,I201,한식,190,1114,17.0556552962298
20240630,신평역 주변,사하구,신평동,I202,중식,11,1114,0.9874326750448833
20240630,신평역 주변,사하구,신평동,I203,일식,5,1114,0.4488330341113106
20240630,신평역 주변,사하구,신평동,I204,서양식,3,1114,0.26929982046678635
20240630,신평역 주변,사하구,신평동,I205,동남아시아,2,1114,0.17953321364452424
20240630,신평역 주변,사하구,신평동,I207,구내식당·뷔페,11,1114,0.9874326750448833
20240630,신평역 주변,사하구,신평동,I210,기타 간이,72,1114,6.4631956912028725
20240630,신평역 주변,사하구,신평동,I211,주점,56,1114,5.026929982046679
20240630,신평역 주변,사하구,신평동,I212,비알코올 ,39,1114,3.5008976660682225
20240630,신평역 주변,사하구,신평동,L102,부동산 서비스,28,1114,2.5134649910233393
20240630,신평역 주변,사하구,신평동,M103,법무관련 ,1,1114,0.08976660682226212
20240630,신평역 주변,사하구,신평동,M104,회계·세무,1,1114,0.08976660682226212
20240630,신평역 주변,사하구,신평동,M105,광고,28,1114,2.5134649910233393
20240630,신평역 주변,사하구,신평동,M107,본사·경영 컨설팅,19,1114,1.7055655296229804
20240630,신평역 주변,사하구,신평동,M109,기술 서비스,14,1114,1.2567324955116697
20240630,신평역 주변,사하구,신평동,M111,수의,2,1114,0.17953321364452424
20240630,신평역 주변,사하구,신평동,M112,전문 디자인,54,1114,4.847396768402154
20240630,신평역 주변,사하구,신평동,M113,사진 촬영,7,1114,0.6283662477558348
20240630,신평역 주변,사하구,신평동,M114,인쇄·제품제작,5,1114,0.4488330341113106
20240630,신평역 주변,사하구,신평동,M115,기타 전문 과학,2,1114,0.17953321364452424
20240630,신평역 주변,사하구,신평동,N101,시설관리,2,1114,0.17953321364452424
20240630,신평역 주변,사하구,신평동,N102,청소·방제,5,1114,0.4488330341113106
20240630,신평역 주변,사하구,신평동,N104,고용 알선,4,1114,0.3590664272890485
20240630,신평역 주변,사하구,신평동,N105,여행사·보조,2,1114,0.17953321364452424
20240630,신평역 주변,사하구,신평동,N108,기타 사업 서비스,5,1114,0.4488330341113106
20240630,신평역 주변,사하구,신평동,N109,운송장비 대여,6,1114,0.5385996409335727
20240630,신평역 주변,사하구,신평동,N110,가정용품 대여,2,1114,0.17953321364452424
20240630,신평역 주변,사하구,신평동,N111,산업용품 대여,3,1114,0.26929982046678635
20240630,신평역 주변,사하구,신평동,P105,일반 교육,17,1114,1.5260323159784561
20240630,신평역 주변,사하구,신평동,P106,기타 교육,16,1114,1.436265709156194
20240630,신평역 주변,사하구,신평동,P107,교육 지원,3,1114,0.26929982046678635
20240630,신평역 주변,사하구,신평동,Q101,병원,2,1114,0.17953321364452424
20240630,신평역 주변,사하구,신평동,Q102,의원,2,1114,0.17953321364452424
20240630,신평역 주변,사하구,신평동,R102,도서관·사적지,5,1114,0.4488330341113106
20240630,신평역 주변,사하구,신평동,R103,스포츠 서비스,21,1114,1.8850987432675046
20240630,신평역 주변,사하구,신평동,R104,유원지·오락,36,1114,3.2315978456014363
20240630,신평역 주변,사하구,신평동,S201,컴퓨터 수리,5,1114,0.4488330341113106
20240630,신평역 주변,사하구,신평동,S203,자동차 수리·세차,47,1114,4.21903052064632
20240630,신평역 주변,사하구,신평동,S204,모터사이클 수리,2,1114,0.17953321364452424
20240630,신평역 주변,사하구,신평동,S205,가전제품 수리,5,1114,0.4488330341113106
20240630,신평역 주변,사하구,신평동,S206,기타 가정용품 수리,4,1114,0.3590664272890485
20240630,신평역 주변,사하구,신평동,S207,이용·미용,92,1114,8.258527827648114
20240630,신평역 주변,사하구,신평동,S208,욕탕·신체관리,13,1114,1.1669658886894076
20240630,신평역 주변,사하구,신평동,S209,세탁,14,1114,1.2567324955116697
20240630,신평역 주변,사하구,신평동,S210,장례식장 ,2,1114,0.17953321364452424
20240930,부전시장,부산진구,부전동,G202,자동차 부품 소매,5,6216,0.08043758043758044
20240930,부전시장,부산진구,부전동,G204,종합 소매,164,6216,2.6383526383526386
20240930,부전시장,부산진구,부전동,G205,식료품 소매,182,6216,2.9279279279279278
20240930,부전시장,부산진구,부전동,G206,음료 소매,10,6216,0.16087516087516088
20240930,부전시장,부산진구,부전동,G207,담배 소매,21,6216,0.33783783783783783
20240930,부전시장,부산진구,부전동,G208,가전·통신 소매,105,6216,1.6891891891891893
20240930,부전시장,부산진구,부전동,G209,섬유·의복·신발 소매,921,6216,14.816602316602317
20240930,부전시장,부산진구,부전동,G210,철물·건설자재 소매,16,6216,0.2574002574002574
20240930,부전시장,부산진구,부전동,G211,가구 소매,8,6216,0.1287001287001287
20240930,부전시장,부산진구,부전동,G212,기타 생활용품 소매,42,6216,0.6756756756756757
20240930,부전시장,부산진구,부전동,G213,오락용품 소매,41,6216,0.6595881595881596
20240930,부전시장,부산진구,부전동,G214,연료 소매,3,6216,0.04826254826254826
20240930,부전시장,부산진구,부전동,G215,의약·화장품 소매,199,6216,3.2014157014157014
20240930,부전시장,부산진구,부전동,G216,안경·정밀기기 소매,35,6216,0.5630630630630631
20240930,부전시장,부산진구,부전동,G217,시계·귀금속 소매,63,6216,1.0135135135135136
20240930,부전시장,부산진구,부전동,G218,장식품 소매,17,6216,0.2734877734877735
20240930,부전시장,부산진구,부전동,G219,식물 소매,8,6216,0.1287001287001287
20240930,부전시장,부산진구,부전동,G220,애완동물·용품 소매,12,6216,0.19305019305019305
20240930,부전시장,부산진구,부전동,G221,기타 상품 소매,56,6216,0.9009009009009009
20240930,부전시장,부산진구,부전동,G222,중고 상품 소매,41,6216,0.6595881595881596
20240930,부전시장,부산진구,부전동,I101,일반 숙박,136,6216,2.187902187902188
20240930,부전시장,부산진구,부전동,I102,기타 숙박,16,6216,0.2574002574002574
20240930,부전시장,부산진구,부전동,I201,한식,723,6216,11.63127413127413
20240930,부전시장,부산진구,부전동,I202,중식,51,6216,0.8204633204633205
20240930,부전시장,부산진구,부전동,I203,일식,104,6216,1.673101673101673
20240930,부전시장,부산진구,부전동,I204,서양식,44,6216,0.7078507078507078
20240930,부전시장,부산진구,부전동,I205,동남아시아,14,6216,0.22522522522522523
20240930,부전시장,부산진구,부전동,I207,구내식당·뷔페,8,6216,0.1287001287001287
20240930,부전시장,부산진구,부전동,I210,기타 간이,234,6216,3.7644787644787643
20240930,부전시장,부산진구,부전동,I211,주점,637,6216,10.247747747747749
20240930,부전시장,부산진구,부전동,I212,비알코올 ,215,6216,3.4588159588159586
20240930,부전시장,부산진구,부전동,L102,부동산 서비스,199,6216,3.2014157014157014
20240930,부전시장,부산진구,부전동,M103,법무관련 ,34,6216,0.546975546975547
20240930,부전시장,부산진구,부전동,M104,회계·세무,90,6216,1.4478764478764479
20240930,부전시장,부산진구,부전동,M105,광고,73,6216,1.1743886743886744
20240930,부전시장,부산진구,부전동,M106,시장 조사,2,6216,0.032175032175032175
20240930,부전시장,부산진구,부전동,M107,본사·경영 컨설팅,84,6216,1.3513513513513513
20240930,부전시장,부산진구,부전동,M109,기술 서비스,54,6216,0.8687258687258688
20240930,부전시장,부산진구,부전동,M111,수의,3,6216,0.04826254826254826
20240930,부전시장,부산진구,부전동,M112,전문 디자인,24,6216,0.3861003861003861
20240930,부전시장,부산진구,부전동,M113,사진 촬영,50,6216,0.8043758043758044
20240930,부전시장,부산진구,부전동,M114,인쇄·제품제작,92,6216,1.4800514800514801
20240930,부전시장,부산진구,부전동,M115,기타 전문 과학,6,6216,0.09652509652509653
20240930,부전시장,부산진구,부전동,N101,시설관리,6,6216,0.09652509652509653
20240930,부전시장,부산진구,부전동,N102,청소·방제,17,6216,0.2734877734877735
20240930,부전시장,부산진구,부전동,N104,고용 알선,51,6216,0.8204633204633205
20240930,부전시장,부산진구,부전동,N105,여행사·보조,64,6216,1.0296010296010296
20240930,부전시장,부산진구,부전동,N107,사무 지원,14,6216,0.22522522522522523
20240930,부전시장,부산진구,부전동,N108,기타 사업 서비스,20,6216,0.32175032175032175
20240930,부전시장,부산진구,부전동,N109,운송장비 대여,3,6216,0.04826254826254826
20240930,부전시장,부산진구,부전동,N110,가정용품 대여,16,6216,0.2574002574002574
20240930,부전시장,부산진구,부전동,N111,산업용품 대여,10,6216,0.16087516087516088
20240930,부전시장,부산진구,부전동,P105,일반 교육,12,6216,0.19305019305019305
20240930,부전시장,부산진구,부전동,P106,기타 교육,141,6216,2.2683397683397684
20240930,부전시장,부산진구,부전동,P107,교육 지원,27,6216,0.4343629343629344
20240930,부전시장,부산진구,부전동,Q101,병원,8,6216,0.1287001287001287
20240930,부전시장,부산진구,부전동,Q102,의원,252,6216,4.054054054054054
20240930,부전시장,부산진구,부전동,Q104,기타 보건,6,6216,0.09652509652509653
20240930,부전시장,부산진구,부전동,R102,도서관·사적지,7,6216,0.11261261261261261
20240930,부전시장,부산진구,부전동,R103,스포츠 서비스,64,6216,1.0296010296010296
20240930,부전시장,부산진구,부전동,R104,유원지·오락,79,6216,1.270913770913771
20240930,부전시장,부산진구,부전동,S201,컴퓨터 수리,8,6216,0.1287001287001287
20240930,부전시장,부산진구,부전동,S202,통신장비 수리,11,6216,0.17696267696267695
20240930,부전시장,부산진구,부전동,S203,자동차 수리·세차,7,6216,0.11261261261261261
20240930,부전시장,부산진구,부전동,S204,모터사이클 수리,3,6216,0.04826254826254826
20240930,부전시장,부산진구,부전동,S205,가전제품 수리,17,6216,0.2734877734877735
20240930,부전시장,부산진구,부전동,S206,기타 가정용품 수리,38,6216,0.6113256113256114
20240930,부전시장,부산진구,부전동,S207,이용·미용,429,6216,6.901544401544402
20240930,부전시장,부산진구,부전동,S208,욕탕·신체관리,38,6216,0.6113256113256114
20240930,부전시장,부산진구,부전동,S209,세탁,11,6216,0.17696267696267695
20240930,부전시장,부산진구,부전동,S210,장례식장 ,2,6216,0.032175032175032175
20240930,부전시장,부산진구,부전동,S211,기타 개인,13,6216,0.20913770913770913
20240930,못골시장,남구,대연동,G202,자동차 부품 소매,15,4314,0.3477051460361613
20240930,못골시장,남구,대연동,G203,모터사이클 소매,2,4314,0.04636068613815485
20240930,못골시장,남구,대연동,G204,종합 소매,179,4314,4.149281409364859
20240930,못골시장,남구,대연동,G205,식료품 소매,93,4314,2.1557719054242
20240930,못골시장,남구,대연동,G206,음료 소매,2,4314,0.04636068613815485
20240930,못골시장,남구,대연동,G207,담배 소매,11,4314,0.25498377375985165
20240930,못골시장,남구,대연동,G208,가전·통신 소매,54,4314,1.2517385257301807
20240930,못골시장,남구,대연동,G209,섬유·의복·신발 소매,151,4314,3.5002318034306907
20240930,못골시장,남구,대연동,G210,철물·건설자재 소매,32,4314,0.7417709782104775
20240930,못골시장,남구,대연동,G211,가구 소매,6,4314,0.13908205841446453
20240930,못골시장,남구,대연동,G212,기타 생활용품 소매,19,4314,0.44042651831247104
20240930,못골시장,남구,대연동,G213,오락용품 소매,37,4314,0.8576726935558646
20240930,못골시장,남구,대연동,G214,연료 소매,20,4314,0.46360686138154844
20240930,못골시장,남구,대연동,G215,의약·화장품 소매,100,4314,2.3180343069077423
20240930,못골시장,남구,대연동,G216,안경·정밀기기 소매,22,4314,0.5099675475197033
20240930,못골시장,남구,대연동,G217,시계·귀금속 소매,9,4314,0.2086230876216968
20240930,못골시장,남구,대연동,G218,장식품 소매,9,4314,0.2086230876216968
20240930,못골시장,남구,대연동,G219,식물 소매,20,4314,0.46360686138154844
20240930,못골시장,남구,대연동,G220,애완동물·용품 소매,18,4314,0.4172461752433936
20240930,못골시장,남구,대연동,G221,기타 상품 소매,15,4314,0.3477051460361613
20240930,못골시장,남구,대연동,G222,중고 상품 소매,14,4314,0.3245248029670839
20240930,못골시장,남구,대연동,I101,일반 숙박,29,4314,0.6722299490032453
20240930,못골시장,남구,대연동,I102,기타 숙박,17,4314,0.3940658321743162
20240930,못골시장,남구,대연동,I201,한식,598,4314,13.861845155308298
20240930,못골시장,남구,대연동,I202,중식,61,4314,1.4140009272137228
20240930,못골시장,남구,대연동,I203,일식,69,4314,1.599443671766342
20240930,못골시장,남구,대연동,I204,서양식,58,4314,1.3444598980064906
20240930,못골시장,남구,대연동,I205,동남아시아,11,4314,0.25498377375985165
20240930,못골시장,남구,대연동,I207,구내식당·뷔페,10,4314,0.23180343069077422
20240930,못골시장,남구,대연동,I210,기타 간이,334,4314,7.742234585071859
20240930,못골시장,남구,대연동,I211,주점,217,4314,5.030134445989801
20240930,못골시장,남구,대연동,I212,비알코올 ,236,4314,5.470560964302272
20240930,못골시장,남구,대연동,L102,부동산 서비스,198,4314,4.589707927677329
20240930,못골시장,남구,대연동,M103,법무관련 ,10,4314,0.23180343069077422
20240930,못골시장,남구,대연동,M104,회계·세무,18,4314,0.4172461752433936
20240930,못골시장,남구,대연동,M105,광고,82,4314,1.9007881316643487
20240930,못골시장,남구,대연동,M106,시장 조사,1,4314,0.023180343069077423
20240930,못골시장,남구,대연동,M107,본사·경영 컨설팅,52,4314,1.205377839592026
20240930,못골시장,남구,대연동,M109,기술 서비스,101,4314,2.34121464997682
20240930,못골시장,남구,대연동,M111,수의,5,4314,0.11590171534538711
20240930,못골시장,남구,대연동,M112,전문 디자인,54,4314,1.2517385257301807
20240930,못골시장,남구,대연동,M113,사진 촬영,43,4314,0.9967547519703291
20240930,못골시장,남구,대연동,M114,인쇄·제품제작,29,4314,0.6722299490032453
20240930,못골시장,남구,대연동,M115,기타 전문 과학,3,4314,0.06954102920723226
20240930,못골시장,남구,대연동,N101,시설관리,5,4314,0.11590171534538711
20240930,못골시장,남구,대연동,N102,청소·방제,36,4314,0.8344923504867872
20240930,못골시장,남구,대연동,N104,고용 알선,27,4314,0.6258692628650904
20240930,못골시장,남구,대연동,N105,여행사·보조,30,4314,0.6954102920723226
20240930,못골시장,남구,대연동,N107,사무 지원,24,4314,0.5563282336578581
20240930,못골시장,남구,대연동,N108,기타 사업 서비스,20,4314,0.46360686138154844
20240930,못골시장,남구,대연동,N109,운송장비 대여,8,4314,0.1854427445526194
20240930,못골시장,남구,대연동,N110,가정용품 대여,12,4314,0.27816411682892905
20240930,못골시장,남구,대연동,N111,산업용품 대여,11,4314,0.25498377375985165
20240930,못골시장,남구,대연동,P105,일반 교육,58,4314,1.3444598980064906
20240930,못골시장,남구,대연동,P106,기타 교육,153,4314,3.5465924895688454
20240930,못골시장,남구,대연동,P107,교육 지원,39,4314,0.9040333796940194
20240930,못골시장,남구,대연동,Q101,병원,3,4314,0.06954102920723226
20240930,못골시장,남구,대연동,Q102,의원,69,4314,1.599443671766342
20240930,못골시장,남구,대연동,Q104,기타 보건,7,4314,0.16226240148354196
20240930,못골시장,남구,대연동,R102,도서관·사적지,22,4314,0.5099675475197033
20240930,못골시장,남구,대연동,R103,스포츠 서비스,81,4314,1.877607788595271
20240930,못골시장,남구,대연동,R104,유원지·오락,89,4314,2.0630505331478908
20240930,못골시장,남구,대연동,S201,컴퓨터 수리,10,4314,0.23180343069077422
20240930,못골시장,남구,대연동,S202,통신장비 수리,6,4314,0.13908205841446453
20240930,못골시장,남구,대연동,S203,자동차 수리·세차,53,4314,1.2285581826611034
20240930,못골시장,남구,대연동,S204,모터사이클 수리,6,4314,0.13908205841446453
20240930,못골시장,남구,대연동,S205,가전제품 수리,10,4314,0.23180343069077422
20240930,못골시장,남구,대연동,S206,기타 가정용품 수리,17,4314,0.3940658321743162
20240930,못골시장,남구,대연동,S207,이용·미용,394,4314,9.133055169216505
20240930,못골시장,남구,대연동,S208,욕탕·신체관리,25,4314,0.5795085767269356
20240930,못골시장,남구,대연동,S209,세탁,31,4314,0.7185906351414001
20240930,못골시장,남구,대연동,S210,장례식장 ,3,4314,0.06954102920723226
20240930,못골시장,남구,대연동,S211,기타 개인,1,4314,0.023180343069077423
20240930,광안역 주변,수영구,광안동,G202,자동차 부품 소매,9,3203,0.280986575085857
20240930,광안역 주변,수영구,광안동,G203,모터사이클 소매,4,3203,0.12488292226038089
20240930,광안역 주변,수영구,광안동,G204,종합 소매,134,3203,4.18357789572276
20240930,광안역 주변,수영구,광안동,G205,식료품 소매,52,3203,1.6234779893849516
20240930,광안역 주변,수영구,광안동,G206,음료 소매,1,3203,0.031220730565095223
20240930,광안역 주변,수영구,광안동,G207,담배 소매,7,3203,0.21854511395566656
20240930,광안역 주변,수영구,광안동,G208,가전·통신 소매,39,3203,1.2176084920387138
20240930,광안역 주변,수영구,광안동,G209,섬유·의복·신발 소매,97,3203,3.0284108648142367
20240930,광안역 주변,수영구,광안동,G210,철물·건설자재 소매,13,3203,0.4058694973462379
20240930,광안역 주변,수영구,광안동,G211,가구 소매,7,3203,0.21854511395566656
20240930,광안역 주변,수영구,광안동,G212,기타 생활용품 소매,17,3203,0.5307524196066188
20240930,광안역 주변,수영구,광안동,G213,오락용품 소매,29,3203,0.9054011863877615
20240930,광안역 주변,수영구,광안동,G214,연료 소매,5,3203,0.1561036528254761
20240930,광안역 주변,수영구,광안동,G215,의약·화장품 소매,102,3203,3.184514517639713
20240930,광안역 주변,수영구,광안동,G216,안경·정밀기기 소매,15,3203,0.46831095847642834
20240930,광안역 주변,수영구,광안동,G217,시계·귀금속 소매,12,3203,0.3746487667811427
20240930,광안역 주변,수영구,광안동,G218,장식품 소매,25,3203,0.7805182641273806
20240930,광안역 주변,수영구,광안동,G219,식물 소매,19,3203,0.5931938807368092
20240930,광안역 주변,수영구,광안동,G220,애완동물·용품 소매,15,3203,0.46831095847642834
20240930,광안역 주변,수영구,광안동,G221,기타 상품 소매,3,3203,0.09366219169528567
20240930,광안역 주변,수영구,광안동,G222,중고 상품 소매,8,3203,0.24976584452076178
20240930,광안역 주변,수영구,광안동,I101,일반 숙박,106,3203,3.309397439900094
20240930,광안역 주변,수영구,광안동,I102,기타 숙박,2,3203,0.062441461130190445
20240930,광안역 주변,수영구,광안동,I201,한식,423,3203,13.20636902903528
20240930,광안역 주변,수영구,광안동,I202,중식,35,3203,1.092725569778333
20240930,광안역 주변,수영구,광안동,I203,일식,60,3203,1.8732438339057134
20240930,광안역 주변,수영구,광안동,I204,서양식,65,3203,2.0293474867311896
20240930,광안역 주변,수영구,광안동,I205,동남아시아,7,3203,0.21854511395566656
20240930,광안역 주변,수영구,광안동,I207,구내식당·뷔페,4,3203,0.12488292226038089
20240930,광안역 주변,수영구,광안동,I210,기타 간이,251,3203,7.836403371838901
20240930,광안역 주변,수영구,광안동,I211,주점,188,3203,5.869497346237902
20240930,광안역 주변,수영구,광안동,I212,비알코올 ,182,3203,5.68217296284733
20240930,광안역 주변,수영구,광안동,L102,부동산 서비스,165,3203,5.151420543240712
20240930,광안역 주변,수영구,광안동,M103,법무관련 ,7,3203,0.21854511395566656
20240930,광안역 주변,수영구,광안동,M104,회계·세무,16,3203,0.49953168904152356
20240930,광안역 주변,수영구,광안동,M105,광고,23,3203,0.7180768029971901
20240930,광안역 주변,수영구,광안동,M106,시장 조사,3,3203,0.09366219169528567
20240930,광안역 주변,수영구,광안동,M107,본사·경영 컨설팅,41,3203,1.2800499531689042
20240930,광안역 주변,수영구,광안동,M109,기술 서비스,51,3203,1.5922572588198565
20240930,광안역 주변,수영구,광안동,M111,수의,5,3203,0.1561036528254761
20240930,광안역 주변,수영구,광안동,M112,전문 디자인,55,3203,1.7171401810802374
20240930,광안역 주변,수영구,광안동,M113,사진 촬영,42,3203,1.3112706837339994
20240930,광안역 주변,수영구,광안동,M114,인쇄·제품제작,14,3203,0.4370902279113331
20240930,광안역 주변,수영구,광안동,M115,기타 전문 과학,3,3203,0.09366219169528567
20240930,광안역 주변,수영구,광안동,N101,시설관리,4,3203,0.12488292226038089
20240930,광안역 주변,수영구,광안동,N102,청소·방제,27,3203,0.842959725257571
20240930,광안역 주변,수영구,광안동,N104,고용 알선,16,3203,0.49953168904152356
20240930,광안역 주변,수영구,광안동,N105,여행사·보조,12,3203,0.3746487667811427
20240930,광안역 주변,수영구,광안동,N107,사무 지원,1,3203,0.031220730565095223
20240930,광안역 주변,수영구,광안동,N108,기타 사업 서비스,17,3203,0.5307524196066188
20240930,광안역 주변,수영구,광안동,N109,운송장비 대여,3,3203,0.09366219169528567
20240930,광안역 주변,수영구,광안동,N110,가정용품 대여,14,3203,0.4370902279113331
20240930,광안역 주변,수영구,광안동,N111,산업용품 대여,22,3203,0.6868560724320949
20240930,광안역 주변,수영구,광안동,P105,일반 교육,24,3203,0.7492975335622853
20240930,광안역 주변,수영구,광안동,P106,기타 교육,85,3203,2.653762098033094
20240930,광안역 주변,수영구,광안동,P107,교육 지원,12,3203,0.3746487667811427
20240930,광안역 주변,수영구,광안동,Q101,병원,11,3203,0.34342803621604745
20240930,광안역 주변,수영구,광안동,Q102,의원,45,3203,1.4049328754292851
20240930,광안역 주변,수영구,광안동,Q104,기타 보건,4,3203,0.12488292226038089
20240930,광안역 주변,수영구,광안동,R102,도서관·사적지,10,3203,0.3122073056509522
20240930,광안역 주변,수영구,광안동,R103,스포츠 서비스,41,3203,1.2800499531689042
20240930,광안역 주변,수영구,광안동,R104,유원지·오락,36,3203,1.123946300343428
20240930,광안역 주변,수영구,광안동,S201,컴퓨터 수리,9,3203,0.280986575085857
20240930,광안역 주변,수영구,광안동,S202,통신장비 수리,2,3203,0.062441461130190445
20240930,광안역 주변,수영구,광안동,S203,자동차 수리·세차,48,3203,1.4985950671245707
20240930,광안역 주변,수영구,광안동,S204,모터사이클 수리,6,3203,0.18732438339057134
20240930,광안역 주변,수영구,광안동,S205,가전제품 수리,6,3203,0.18732438339057134
20240930,광안역 주변,수영구,광안동,S206,기타 가정용품 수리,8,3203,0.24976584452076178
20240930,광안역 주변,수영구,광안동,S207,이용·미용,319,3203,9.959413050265375
20240930,광안역 주변,수영구,광안동,S208,욕탕·신체관리,23,3203,0.7180768029971901
20240930,광안역 주변,수영구,광안동,S209,세탁,33,3203,1.0302841086481425
20240930,광안역 주변,수영구,광안동,S210,장례식장 ,1,3203,0.031220730565095223
20240930,광안역 주변,수영구,광안동,S211,기타 개인,3,3203,0.09366219169528567
20240930,신평역 주변,사하구,신평동,G202,자동차 부품 소매,3,1081,0.27752081406105455
20240930,신평역 주변,사하구,신평동,G203,모터사이클 소매,1,1081,0.09250693802035152
20240930,신평역 주변,사하구,신평동,G204,종합 소매,62,1081,5.735430157261795
20240930,신평역 주변,사하구,신평동,G205,식료품 소매,33,1081,3.0527289546716005
20240930,신평역 주변,사하구,신평동,G206,음료 소매,1,1081,0.09250693802035152
20240930,신평역 주변,사하구,신평동,G207,담배 소매,3,1081,0.27752081406105455
20240930,신평역 주변,사하구,신평동,G208,가전·통신 소매,15,1081,1.387604070305273
20240930,신평역 주변,사하구,신평동,G209,섬유·의복·신발 소매,25,1081,2.3126734505087883
20240930,신평역 주변,사하구,신평동,G210,철물·건설자재 소매,18,1081,1.6651248843663276
20240930,신평역 주변,사하구,신평동,G211,가구 소매,1,1081,0.09250693802035152
20240930,신평역 주변,사하구,신평동,G212,기타 생활용품 소매,4,1081,0.3700277520814061
20240930,신평역 주변,사하구,신평동,G213,오락용품 소매,8,1081,0.7400555041628122
20240930,신평역 주변,사하구,신평동,G214,연료 소매,12,1081,1.1100832562442182
20240930,신평역 주변,사하구,신평동,G215,의약·화장품 소매,25,1081,2.3126734505087883
20240930,신평역 주변,사하구,신평동,G216,안경·정밀기기 소매,5,1081,0.46253469010175763
20240930,신평역 주변,사하구,신평동,G217,시계·귀금속 소매,7,1081,0.6475485661424607
20240930,신평역 주변,사하구,신평동,G218,장식품 소매,2,1081,0.18501387604070305
20240930,신평역 주변,사하구,신평동,G219,식물 소매,1,1081,0.09250693802035152
20240930,신평역 주변,사하구,신평동,G220,애완동물·용품 소매,5,1081,0.46253469010175763
20240930,신평역 주변,사하구,신평동,G221,기타 상품 소매,2,1081,0.18501387604070305
20240930,신평역 주변,사하구,신평동,G222,중고 상품 소매,6,1081,0.5550416281221091
20240930,신평역 주변,사하구,신평동,I101,일반 숙박,3,1081,0.27752081406105455
20240930,신평역 주변,사하구,신평동,I201,한식,183,1081,16.92876965772433
20240930,신평역 주변,사하구,신평동,I202,중식,10,1081,0.9250693802035153
20240930,신평역 주변,사하구,신평동,I203,일식,5,1081,0.46253469010175763
20240930,신평역 주변,사하구,신평동,I204,서양식,3,1081,0.27752081406105455
20240930,신평역 주변,사하구,신평동,I205,동남아시아,2,1081,0.18501387604070305
20240930,신평역 주변,사하구,신평동,I207,구내식당·뷔페,11,1081,1.0175763182238668
20240930,신평역 주변,사하구,신평동,I210,기타 간이,72,1081,6.66049953746531
20240930,신평역 주변,사하구,신평동,I211,주점,54,1081,4.995374653098982
20240930,신평역 주변,사하구,신평동,I212,비알코올 ,34,1081,3.145235892691952
20240930,신평역 주변,사하구,신평동,L102,부동산 서비스,26,1081,2.4051803885291396
20240930,신평역 주변,사하구,신평동,M103,법무관련 ,1,1081,0.09250693802035152
20240930,신평역 주변,사하구,신평동,M104,회계·세무,1,1081,0.09250693802035152
20240930,신평역 주변,사하구,신평동,M105,광고,25,1081,2.3126734505087883
20240930,신평역 주변,사하구,신평동,M107,본사·경영 컨설팅,20,1081,1.8501387604070305
20240930,신평역 주변,사하구,신평동,M109,기술 서비스,14,1081,1.2950971322849214
20240930,신평역 주변,사하구,신평동,M111,수의,2,1081,0.18501387604070305
20240930,신평역 주변,사하구,신평동,M112,전문 디자인,53,1081,4.902867715078631
20240930,신평역 주변,사하구,신평동,M113,사진 촬영,7,1081,0.6475485661424607
20240930,신평역 주변,사하구,신평동,M114,인쇄·제품제작,5,1081,0.46253469010175763
20240930,신평역 주변,사하구,신평동,M115,기타 전문 과학,2,1081,0.18501387604070305
20240930,신평역 주변,사하구,신평동,N101,시설관리,2,1081,0.18501387604070305
20240930,신평역 주변,사하구,신평동,N102,청소·방제,5,1081,0.46253469010175763
20240930,신평역 주변,사하구,신평동,N104,고용 알선,4,1081,0.3700277520814061
20240930,신평역 주변,사하구,신평동,N105,여행사·보조,2,1081,0.18501387604070305
20240930,신평역 주변,사하구,신평동,N108,기타 사업 서비스,5,1081,0.46253469010175763
20240930,신평역 주변,사하구,신평동,N109,운송장비 대여,6,1081,0.5550416281221091
20240930,신평역 주변,사하구,신평동,N110,가정용품 대여,2,1081,0.18501387604070305
20240930,신평역 주변,사하구,신평동,N111,산업용품 대여,3,1081,0.27752081406105455
20240930,신평역 주변,사하구,신평동,P105,일반 교육,17,1081,1.572617946345976
20240930,신평역 주변,사하구,신평동,P106,기타 교육,15,1081,1.387604070305273
20240930,신평역 주변,사하구,신평동,P107,교육 지원,3,1081,0.27752081406105455
20240930,신평역 주변,사하구,신평동,Q101,병원,2,1081,0.18501387604070305
20240930,신평역 주변,사하구,신평동,Q102,의원,2,1081,0.18501387604070305
20240930,신평역 주변,사하구,신평동,R102,도서관·사적지,4,1081,0.3700277520814061
20240930,신평역 주변,사하구,신평동,R103,스포츠 서비스,21,1081,1.942645698427382
20240930,신평역 주변,사하구,신평동,R104,유원지·오락,36,1081,3.330249768732655
20240930,신평역 주변,사하구,신평동,S201,컴퓨터 수리,5,1081,0.46253469010175763
20240930,신평역 주변,사하구,신평동,S203,자동차 수리·세차,47,1081,4.3478260869565215
20240930,신평역 주변,사하구,신평동,S204,모터사이클 수리,2,1081,0.18501387604070305
20240930,신평역 주변,사하구,신평동,S205,가전제품 수리,5,1081,0.46253469010175763
20240930,신평역 주변,사하구,신평동,S206,기타 가정용품 수리,4,1081,0.3700277520814061
20240930,신평역 주변,사하구,신평동,S207,이용·미용,91,1081,8.418131359851989
20240930,신평역 주변,사하구,신평동,S208,욕탕·신체관리,11,1081,1.0175763182238668
20240930,신평역 주변,사하구,신평동,S209,세탁,13,1081,1.2025901942645698
20240930,신평역 주변,사하구,신평동,S210,장례식장 ,2,1081,0.18501387604070305
20241231,부전시장,부산진구,부전동,G202,자동차 부품 소매,5,7064,0.07078142695356739
20241231,부전시장,부산진구,부전동,G203,모터사이클 소매,1,7064,0.014156285390713477
20241231,부전시장,부산진구,부전동,G204,종합 소매,158,7064,2.2366930917327292
20241231,부전시장,부산진구,부전동,G205,식료품 소매,225,7064,3.185164212910532
20241231,부전시장,부산진구,부전동,G206,음료 소매,10,7064,0.14156285390713477
20241231,부전시장,부산진구,부전동,G207,담배 소매,21,7064,0.297281993204983
20241231,부전시장,부산진구,부전동,G208,가전·통신 소매,105,7064,1.486409966024915
20241231,부전시장,부산진구,부전동,G209,섬유·의복·신발 소매,1016,7064,14.382785956964893
20241231,부전시장,부산진구,부전동,G210,철물·건설자재 소매,13,7064,0.18403171007927518
20241231,부전시장,부산진구,부전동,G211,가구 소매,9,7064,0.1274065685164213
20241231,부전시장,부산진구,부전동,G212,기타 생활용품 소매,45,7064,0.6370328425821065
20241231,부전시장,부산진구,부전동,G213,오락용품 소매,57,7064,0.8069082672706682
20241231,부전시장,부산진구,부전동,G214,연료 소매,3,7064,0.04246885617214043
20241231,부전시장,부산진구,부전동,G215,의약·화장품 소매,220,7064,3.114382785956965
20241231,부전시장,부산진구,부전동,G216,안경·정밀기기 소매,37,7064,0.5237825594563986
20241231,부전시장,부산진구,부전동,G217,시계·귀금속 소매,63,7064,0.891845979614949
20241231,부전시장,부산진구,부전동,G218,장식품 소매,19,7064,0.26896942242355604
20241231,부전시장,부산진구,부전동,G219,식물 소매,17,7064,0.2406568516421291
20241231,부전시장,부산진구,부전동,G220,애완동물·용품 소매,14,7064,0.19818799546998866
20241231,부전시장,부산진구,부전동,G221,기타 상품 소매,73,7064,1.033408833522084
20241231,부전시장,부산진구,부전동,G222,중고 상품 소매,51,7064,0.7219705549263873
20241231,부전시장,부산진구,부전동,I101,일반 숙박,158,7064,2.2366930917327292
20241231,부전시장,부산진구,부전동,I102,기타 숙박,21,7064,0.297281993204983
20241231,부전시장,부산진구,부전동,I201,한식,820,7064,11.60815402038505
20241231,부전시장,부산진구,부전동,I202,중식,61,7064,0.863533408833522
20241231,부전시장,부산진구,부전동,I203,일식,117,7064,1.6562853907134767
20241231,부전시장,부산진구,부전동,I204,서양식,44,7064,0.622876557191393
20241231,부전시장,부산진구,부전동,I205,동남아시아,17,7064,0.2406568516421291
20241231,부전시장,부산진구,부전동,I207,구내식당·뷔페,8,7064,0.11325028312570781
20241231,부전시장,부산진구,부전동,I210,기타 간이,258,7064,3.652321630804077
20241231,부전시장,부산진구,부전동,I211,주점,743,7064,10.518120045300114
20241231,부전시장,부산진구,부전동,I212,비알코올 ,249,7064,3.5249150622876555
20241231,부전시장,부산진구,부전동,L102,부동산 서비스,215,7064,3.0436013590033975
20241231,부전시장,부산진구,부전동,M103,법무관련 ,40,7064,0.5662514156285391
20241231,부전시장,부산진구,부전동,M104,회계·세무,96,7064,1.3590033975084939
20241231,부전시장,부산진구,부전동,M105,광고,93,7064,1.3165345413363534
20241231,부전시장,부산진구,부전동,M106,시장 조사,3,7064,0.04246885617214043
20241231,부전시장,부산진구,부전동,M107,본사·경영 컨설팅,99,7064,1.401472253680634
20241231,부전시장,부산진구,부전동,M109,기술 서비스,54,7064,0.7644394110985278
20241231,부전시장,부산진구,부전동,M111,수의,3,7064,0.04246885617214043
20241231,부전시장,부산진구,부전동,M112,전문 디자인,23,7064,0.32559456398640996
20241231,부전시장,부산진구,부전동,M113,사진 촬영,60,7064,0.8493771234428086
20241231,부전시장,부산진구,부전동,M114,인쇄·제품제작,91,7064,1.2882219705549265
20241231,부전시장,부산진구,부전동,M115,기타 전문 과학,12,7064,0.16987542468856173
20241231,부전시장,부산진구,부전동,N101,시설관리,9,7064,0.1274065685164213
20241231,부전시장,부산진구,부전동,N102,청소·방제,21,7064,0.297281993204983
20241231,부전시장,부산진구,부전동,N104,고용 알선,61,7064,0.863533408833522
20241231,부전시장,부산진구,부전동,N105,여행사·보조,67,7064,0.948471121177803
20241231,부전시장,부산진구,부전동,N107,사무 지원,12,7064,0.16987542468856173
20241231,부전시장,부산진구,부전동,N108,기타 사업 서비스,19,7064,0.26896942242355604
20241231,부전시장,부산진구,부전동,N109,운송장비 대여,3,7064,0.04246885617214043
20241231,부전시장,부산진구,부전동,N110,가정용품 대여,25,7064,0.3539071347678369
20241231,부전시장,부산진구,부전동,N111,산업용품 대여,12,7064,0.16987542468856173
20241231,부전시장,부산진구,부전동,P105,일반 교육,20,7064,0.28312570781426954
20241231,부전시장,부산진구,부전동,P106,기타 교육,171,7064,2.4207248018120047
20241231,부전시장,부산진구,부전동,P107,교육 지원,33,7064,0.46715741789354476
20241231,부전시장,부산진구,부전동,Q101,병원,13,7064,0.18403171007927518
20241231,부전시장,부산진구,부전동,Q102,의원,285,7064,4.034541336353341
20241231,부전시장,부산진구,부전동,Q104,기타 보건,7,7064,0.09909399773499433
20241231,부전시장,부산진구,부전동,R102,도서관·사적지,10,7064,0.14156285390713477
20241231,부전시장,부산진구,부전동,R103,스포츠 서비스,67,7064,0.948471121177803
20241231,부전시장,부산진구,부전동,R104,유원지·오락,96,7064,1.3590033975084939
20241231,부전시장,부산진구,부전동,S201,컴퓨터 수리,8,7064,0.11325028312570781
20241231,부전시장,부산진구,부전동,S202,통신장비 수리,10,7064,0.14156285390713477
20241231,부전시장,부산진구,부전동,S203,자동차 수리·세차,9,7064,0.1274065685164213
20241231,부전시장,부산진구,부전동,S204,모터사이클 수리,2,7064,0.028312570781426953
20241231,부전시장,부산진구,부전동,S205,가전제품 수리,9,7064,0.1274065685164213
20241231,부전시장,부산진구,부전동,S206,기타 가정용품 수리,45,7064,0.6370328425821065
20241231,부전시장,부산진구,부전동,S207,이용·미용,530,7064,7.502831257078142
20241231,부전시장,부산진구,부전동,S208,욕탕·신체관리,42,7064,0.594563986409966
20241231,부전시장,부산진구,부전동,S209,세탁,13,7064,0.18403171007927518
20241231,부전시장,부산진구,부전동,S210,장례식장 ,2,7064,0.028312570781426953
20241231,부전시장,부산진구,부전동,S211,기타 개인,16,7064,0.22650056625141562
20241231,못골시장,남구,대연동,G202,자동차 부품 소매,20,4826,0.4144218814753419
20241231,못골시장,남구,대연동,G203,모터사이클 소매,3,4826,0.06216328222130128
20241231,못골시장,남구,대연동,G204,종합 소매,183,4826,3.7919602154993783
20241231,못골시장,남구,대연동,G205,식료품 소매,91,4826,1.8856195607128057
20241231,못골시장,남구,대연동,G206,음료 소매,1,4826,0.020721094073767096
20241231,못골시장,남구,대연동,G207,담배 소매,10,4826,0.20721094073767096
20241231,못골시장,남구,대연동,G208,가전·통신 소매,57,4826,1.1811023622047243
20241231,못골시장,남구,대연동,G209,섬유·의복·신발 소매,160,4826,3.3153750518027354
20241231,못골시장,남구,대연동,G210,철물·건설자재 소매,32,4826,0.6630750103605471
20241231,못골시장,남구,대연동,G211,가구 소매,7,4826,0.14504765851636967
20241231,못골시장,남구,대연동,G212,기타 생활용품 소매,21,4826,0.43514297554910897
20241231,못골시장,남구,대연동,G213,오락용품 소매,39,4826,0.8081226688769167
20241231,못골시장,남구,대연동,G214,연료 소매,22,4826,0.45586406962287607
20241231,못골시장,남구,대연동,G215,의약·화장품 소매,113,4826,2.3414836303356816
20241231,못골시장,남구,대연동,G216,안경·정밀기기 소매,23,4826,0.47658516369664317
20241231,못골시장,남구,대연동,G217,시계·귀금속 소매,7,4826,0.14504765851636967
20241231,못골시장,남구,대연동,G218,장식품 소매,10,4826,0.20721094073767096
20241231,못골시장,남구,대연동,G219,식물 소매,28,4826,0.5801906340654787
20241231,못골시장,남구,대연동,G220,애완동물·용품 소매,24,4826,0.49730625777041026
20241231,못골시장,남구,대연동,G221,기타 상품 소매,17,4826,0.3522585992540406
20241231,못골시장,남구,대연동,G222,중고 상품 소매,18,4826,0.3729796933278077
20241231,못골시장,남구,대연동,I101,일반 숙박,31,4826,0.64235391628678
20241231,못골시장,남구,대연동,I102,기타 숙박,16,4826,0.33153750518027353
20241231,못골시장,남구,대연동,I201,한식,679,4826,14.069622876087857
20241231,못골시장,남구,대연동,I202,중식,68,4826,1.4090343970161625
20241231,못골시장,남구,대연동,I203,일식,74,4826,1.533360961458765
20241231,못골시장,남구,대연동,I204,서양식,62,4826,1.28470783257356
20241231,못골시장,남구,대연동,I205,동남아시아,15,4826,0.31081641110650643
20241231,못골시장,남구,대연동,I207,구내식당·뷔페,11,4826,0.22793203481143803
20241231,못골시장,남구,대연동,I210,기타 간이,394,4826,8.164111065064235
20241231,못골시장,남구,대연동,I211,주점,242,4826,5.014504765851637
20241231,못골시장,남구,대연동,I212,비알코올 ,252,4826,5.221715706589308
20241231,못골시장,남구,대연동,L102,부동산 서비스,206,4826,4.268545379196022
20241231,못골시장,남구,대연동,M103,법무관련 ,13,4826,0.26937422295897223
20241231,못골시장,남구,대연동,M104,회계·세무,21,4826,0.43514297554910897
20241231,못골시장,남구,대연동,M105,광고,90,4826,1.8648984666390385
20241231,못골시장,남구,대연동,M106,시장 조사,1,4826,0.020721094073767096
20241231,못골시장,남구,대연동,M107,본사·경영 컨설팅,57,4826,1.1811023622047243
20241231,못골시장,남구,대연동,M109,기술 서비스,105,4826,2.175714877745545
20241231,못골시장,남구,대연동,M111,수의,6,4826,0.12432656444260257
20241231,못골시장,남구,대연동,M112,전문 디자인,59,4826,1.2225445503522585
20241231,못골시장,남구,대연동,M113,사진 촬영,56,4826,1.1603812681309573
20241231,못골시장,남구,대연동,M114,인쇄·제품제작,30,4826,0.6216328222130129
20241231,못골시장,남구,대연동,M115,기타 전문 과학,8,4826,0.16576875259013676
20241231,못골시장,남구,대연동,N101,시설관리,6,4826,0.12432656444260257
20241231,못골시장,남구,대연동,N102,청소·방제,38,4826,0.7874015748031497
20241231,못골시장,남구,대연동,N104,고용 알선,27,4826,0.5594695399917116
20241231,못골시장,남구,대연동,N105,여행사·보조,34,4826,0.7045171985080813
20241231,못골시장,남구,대연동,N107,사무 지원,30,4826,0.6216328222130129
20241231,못골시장,남구,대연동,N108,기타 사업 서비스,23,4826,0.47658516369664317
20241231,못골시장,남구,대연동,N109,운송장비 대여,5,4826,0.10360547036883548
20241231,못골시장,남구,대연동,N110,가정용품 대여,14,4826,0.29009531703273933
20241231,못골시장,남구,대연동,N111,산업용품 대여,12,4826,0.24865312888520513
20241231,못골시장,남구,대연동,P105,일반 교육,82,4826,1.6991297140489017
20241231,못골시장,남구,대연동,P106,기타 교육,181,4826,3.7505180273518444
20241231,못골시장,남구,대연동,P107,교육 지원,40,4826,0.8288437629506838
20241231,못골시장,남구,대연동,Q101,병원,4,4826,0.08288437629506838
20241231,못골시장,남구,대연동,Q102,의원,87,4826,1.8027351844177373
20241231,못골시장,남구,대연동,Q104,기타 보건,10,4826,0.20721094073767096
20241231,못골시장,남구,대연동,R102,도서관·사적지,22,4826,0.45586406962287607
20241231,못골시장,남구,대연동,R103,스포츠 서비스,102,4826,2.113551595524244
20241231,못골시장,남구,대연동,R104,유원지·오락,97,4826,2.009946125155408
20241231,못골시장,남구,대연동,S201,컴퓨터 수리,13,4826,0.26937422295897223
20241231,못골시장,남구,대연동,S202,통신장비 수리,6,4826,0.12432656444260257
20241231,못골시장,남구,대연동,S203,자동차 수리·세차,57,4826,1.1811023622047243
20241231,못골시장,남구,대연동,S204,모터사이클 수리,6,4826,0.12432656444260257
20241231,못골시장,남구,대연동,S205,가전제품 수리,10,4826,0.20721094073767096
20241231,못골시장,남구,대연동,S206,기타 가정용품 수리,19,4826,0.3937007874015748
20241231,못골시장,남구,대연동,S207,이용·미용,452,4826,9.365934521342727
20241231,못골시장,남구,대연동,S208,욕탕·신체관리,27,4826,0.5594695399917116
20241231,못골시장,남구,대연동,S209,세탁,34,4826,0.7045171985080813
20241231,못골시장,남구,대연동,S210,장례식장 ,2,4826,0.04144218814753419
20241231,못골시장,남구,대연동,S211,기타 개인,4,4826,0.08288437629506838
20241231,광안역 주변,수영구,광안동,G202,자동차 부품 소매,10,3714,0.2692514808831449
20241231,광안역 주변,수영구,광안동,G203,모터사이클 소매,6,3714,0.16155088852988692
20241231,광안역 주변,수영구,광안동,G204,종합 소매,144,3714,3.877221324717286
20241231,광안역 주변,수영구,광안동,G205,식료품 소매,68,3714,1.830910070005385
20241231,광안역 주변,수영구,광안동,G206,음료 소매,2,3714,0.053850296176628974
20241231,광안역 주변,수영구,광안동,G207,담배 소매,7,3714,0.1884760366182014
20241231,광안역 주변,수영구,광안동,G208,가전·통신 소매,44,3714,1.1847065158858374
20241231,광안역 주변,수영구,광안동,G209,섬유·의복·신발 소매,113,3714,3.042541733979537
20241231,광안역 주변,수영구,광안동,G210,철물·건설자재 소매,16,3714,0.4308023694130318
20241231,광안역 주변,수영구,광안동,G211,가구 소매,7,3714,0.1884760366182014
20241231,광안역 주변,수영구,광안동,G212,기타 생활용품 소매,17,3714,0.45772751750134627
20241231,광안역 주변,수영구,광안동,G213,오락용품 소매,34,3714,0.9154550350026925
20241231,광안역 주변,수영구,광안동,G214,연료 소매,7,3714,0.1884760366182014
20241231,광안역 주변,수영구,광안동,G215,의약·화장품 소매,103,3714,2.773290253096392
20241231,광안역 주변,수영구,광안동,G216,안경·정밀기기 소매,17,3714,0.45772751750134627
20241231,광안역 주변,수영구,광안동,G217,시계·귀금속 소매,15,3714,0.40387722132471726
20241231,광안역 주변,수영구,광안동,G218,장식품 소매,31,3714,0.8346795907377491
20241231,광안역 주변,수영구,광안동,G219,식물 소매,21,3714,0.5654281098546042
20241231,광안역 주변,수영구,광안동,G220,애완동물·용품 소매,25,3714,0.6731287022078621
20241231,광안역 주변,수영구,광안동,G221,기타 상품 소매,9,3714,0.24232633279483037
20241231,광안역 주변,수영구,광안동,G222,중고 상품 소매,10,3714,0.2692514808831449
20241231,광안역 주변,수영구,광안동,I101,일반 숙박,175,3714,4.711900915455035
20241231,광안역 주변,수영구,광안동,I102,기타 숙박,4,3714,0.10770059235325795
20241231,광안역 주변,수영구,광안동,I201,한식,481,3714,12.950996230479268
20241231,광안역 주변,수영구,광안동,I202,중식,35,3714,0.942380183091007
20241231,광안역 주변,수영구,광안동,I203,일식,62,3714,1.6693591814754982
20241231,광안역 주변,수영구,광안동,I204,서양식,78,3714,2.10016155088853
20241231,광안역 주변,수영구,광안동,I205,동남아시아,8,3714,0.2154011847065159
20241231,광안역 주변,수영구,광안동,I207,구내식당·뷔페,4,3714,0.10770059235325795
20241231,광안역 주변,수영구,광안동,I210,기타 간이,287,3714,7.727517501346258
20241231,광안역 주변,수영구,광안동,I211,주점,229,3714,6.165858912224017
20241231,광안역 주변,수영구,광안동,I212,비알코올 ,210,3714,5.654281098546042
20241231,광안역 주변,수영구,광안동,L102,부동산 서비스,179,3714,4.819601507808293
20241231,광안역 주변,수영구,광안동,M103,법무관련 ,5,3714,0.13462574044157244
20241231,광안역 주변,수영구,광안동,M104,회계·세무,17,3714,0.45772751750134627
20241231,광안역 주변,수영구,광안동,M105,광고,35,3714,0.942380183091007
20241231,광안역 주변,수영구,광안동,M106,시장 조사,3,3714,0.08077544426494346
20241231,광안역 주변,수영구,광안동,M107,본사·경영 컨설팅,41,3714,1.1039310716208939
20241231,광안역 주변,수영구,광안동,M109,기술 서비스,53,3714,1.4270328486806678
20241231,광안역 주변,수영구,광안동,M111,수의,7,3714,0.1884760366182014
20241231,광안역 주변,수영구,광안동,M112,전문 디자인,64,3714,1.7232094776521272
20241231,광안역 주변,수영구,광안동,M113,사진 촬영,46,3714,1.2385568120624664
20241231,광안역 주변,수영구,광안동,M114,인쇄·제품제작,13,3714,0.3500269251480883
20241231,광안역 주변,수영구,광안동,M115,기타 전문 과학,3,3714,0.08077544426494346
20241231,광안역 주변,수영구,광안동,N101,시설관리,3,3714,0.08077544426494346
20241231,광안역 주변,수영구,광안동,N102,청소·방제,30,3714,0.8077544426494345
20241231,광안역 주변,수영구,광안동,N104,고용 알선,18,3714,0.48465266558966075
20241231,광안역 주변,수영구,광안동,N105,여행사·보조,13,3714,0.3500269251480883
20241231,광안역 주변,수영구,광안동,N107,사무 지원,1,3714,0.026925148088314487
20241231,광안역 주변,수영구,광안동,N108,기타 사업 서비스,17,3714,0.45772751750134627
20241231,광안역 주변,수영구,광안동,N109,운송장비 대여,5,3714,0.13462574044157244
20241231,광안역 주변,수영구,광안동,N110,가정용품 대여,11,3714,0.29617662897145935
20241231,광안역 주변,수영구,광안동,N111,산업용품 대여,22,3714,0.5923532579429187
20241231,광안역 주변,수영구,광안동,P105,일반 교육,40,3714,1.0770059235325795
20241231,광안역 주변,수영구,광안동,P106,기타 교육,98,3714,2.6386645126548194
20241231,광안역 주변,수영구,광안동,P107,교육 지원,10,3714,0.2692514808831449
20241231,광안역 주변,수영구,광안동,Q101,병원,11,3714,0.29617662897145935
20241231,광안역 주변,수영구,광안동,Q102,의원,52,3714,1.4001077005923532
20241231,광안역 주변,수영구,광안동,Q104,기타 보건,8,3714,0.2154011847065159
20241231,광안역 주변,수영구,광안동,R102,도서관·사적지,11,3714,0.29617662897145935
20241231,광안역 주변,수영구,광안동,R103,스포츠 서비스,54,3714,1.4539579967689822
20241231,광안역 주변,수영구,광안동,R104,유원지·오락,40,3714,1.0770059235325795
20241231,광안역 주변,수영구,광안동,S201,컴퓨터 수리,6,3714,0.16155088852988692
20241231,광안역 주변,수영구,광안동,S202,통신장비 수리,1,3714,0.026925148088314487
20241231,광안역 주변,수영구,광안동,S203,자동차 수리·세차,54,3714,1.4539579967689822
20241231,광안역 주변,수영구,광안동,S204,모터사이클 수리,6,3714,0.16155088852988692
20241231,광안역 주변,수영구,광안동,S205,가전제품 수리,7,3714,0.1884760366182014
20241231,광안역 주변,수영구,광안동,S206,기타 가정용품 수리,10,3714,0.2692514808831449
20241231,광안역 주변,수영구,광안동,S207,이용·미용,376,3714,10.123855681206246
20241231,광안역 주변,수영구,광안동,S208,욕탕·신체관리,27,3714,0.7269789983844911
20241231,광안역 주변,수영구,광안동,S209,세탁,35,3714,0.942380183091007
20241231,광안역 주변,수영구,광안동,S210,장례식장 ,1,3714,0.026925148088314487
20241231,광안역 주변,수영구,광안동,S211,기타 개인,2,3714,0.053850296176628974
20241231,신평역 주변,사하구,신평동,G202,자동차 부품 소매,4,1188,0.3367003367003367
20241231,신평역 주변,사하구,신평동,G203,모터사이클 소매,1,1188,0.08417508417508418
20241231,신평역 주변,사하구,신평동,G204,종합 소매,67,1188,5.63973063973064
20241231,신평역 주변,사하구,신평동,G205,식료품 소매,34,1188,2.861952861952862
20241231,신평역 주변,사하구,신평동,G206,음료 소매,1,1188,0.08417508417508418
20241231,신평역 주변,사하구,신평동,G207,담배 소매,4,1188,0.3367003367003367
20241231,신평역 주변,사하구,신평동,G208,가전·통신 소매,15,1188,1.2626262626262625
20241231,신평역 주변,사하구,신평동,G209,섬유·의복·신발 소매,31,1188,2.6094276094276094
20241231,신평역 주변,사하구,신평동,G210,철물·건설자재 소매,18,1188,1.5151515151515151
20241231,신평역 주변,사하구,신평동,G211,가구 소매,1,1188,0.08417508417508418
20241231,신평역 주변,사하구,신평동,G212,기타 생활용품 소매,4,1188,0.3367003367003367
20241231,신평역 주변,사하구,신평동,G213,오락용품 소매,14,1188,1.1784511784511784
20241231,신평역 주변,사하구,신평동,G214,연료 소매,12,1188,1.0101010101010102
20241231,신평역 주변,사하구,신평동,G215,의약·화장품 소매,30,1188,2.525252525252525
20241231,신평역 주변,사하구,신평동,G216,안경·정밀기기 소매,6,1188,0.5050505050505051
20241231,신평역 주변,사하구,신평동,G217,시계·귀금속 소매,7,1188,0.5892255892255892
20241231,신평역 주변,사하구,신평동,G218,장식품 소매,2,1188,0.16835016835016836
20241231,신평역 주변,사하구,신평동,G220,애완동물·용품 소매,3,1188,0.25252525252525254
20241231,신평역 주변,사하구,신평동,G221,기타 상품 소매,6,1188,0.5050505050505051
20241231,신평역 주변,사하구,신평동,G222,중고 상품 소매,7,1188,0.5892255892255892
20241231,신평역 주변,사하구,신평동,I101,일반 숙박,2,1188,0.16835016835016836
20241231,신평역 주변,사하구,신평동,I201,한식,198,1188,16.666666666666668
20241231,신평역 주변,사하구,신평동,I202,중식,12,1188,1.0101010101010102
20241231,신평역 주변,사하구,신평동,I203,일식,7,1188,0.5892255892255892
20241231,신평역 주변,사하구,신평동,I204,서양식,4,1188,0.3367003367003367
20241231,신평역 주변,사하구,신평동,I205,동남아시아,2,1188,0.16835016835016836
20241231,신평역 주변,사하구,신평동,I207,구내식당·뷔페,16,1188,1.3468013468013469
20241231,신평역 주변,사하구,신평동,I210,기타 간이,74,1188,6.228956228956229
20241231,신평역 주변,사하구,신평동,I211,주점,59,1188,4.966329966329966
20241231,신평역 주변,사하구,신평동,I212,비알코올 ,44,1188,3.7037037037037037
20241231,신평역 주변,사하구,신평동,L102,부동산 서비스,28,1188,2.356902356902357
20241231,신평역 주변,사하구,신평동,M103,법무관련 ,1,1188,0.08417508417508418
20241231,신평역 주변,사하구,신평동,M104,회계·세무,1,1188,0.08417508417508418
20241231,신평역 주변,사하구,신평동,M105,광고,28,1188,2.356902356902357
20241231,신평역 주변,사하구,신평동,M107,본사·경영 컨설팅,19,1188,1.5993265993265993
20241231,신평역 주변,사하구,신평동,M109,기술 서비스,17,1188,1.430976430976431
20241231,신평역 주변,사하구,신평동,M111,수의,3,1188,0.25252525252525254
20241231,신평역 주변,사하구,신평동,M112,전문 디자인,57,1188,4.797979797979798
20241231,신평역 주변,사하구,신평동,M113,사진 촬영,6,1188,0.5050505050505051
20241231,신평역 주변,사하구,신평동,M114,인쇄·제품제작,5,1188,0.4208754208754209
20241231,신평역 주변,사하구,신평동,M115,기타 전문 과학,3,1188,0.25252525252525254
20241231,신평역 주변,사하구,신평동,N101,시설관리,2,1188,0.16835016835016836
20241231,신평역 주변,사하구,신평동,N102,청소·방제,7,1188,0.5892255892255892
20241231,신평역 주변,사하구,신평동,N104,고용 알선,4,1188,0.3367003367003367
20241231,신평역 주변,사하구,신평동,N105,여행사·보조,2,1188,0.16835016835016836
20241231,신평역 주변,사하구,신평동,N108,기타 사업 서비스,5,1188,0.4208754208754209
20241231,신평역 주변,사하구,신평동,N109,운송장비 대여,7,1188,0.5892255892255892
20241231,신평역 주변,사하구,신평동,N110,가정용품 대여,2,1188,0.16835016835016836
20241231,신평역 주변,사하구,신평동,N111,산업용품 대여,3,1188,0.25252525252525254
20241231,신평역 주변,사하구,신평동,P105,일반 교육,21,1188,1.7676767676767677
20241231,신평역 주변,사하구,신평동,P106,기타 교육,21,1188,1.7676767676767677
20241231,신평역 주변,사하구,신평동,P107,교육 지원,3,1188,0.25252525252525254
20241231,신평역 주변,사하구,신평동,Q101,병원,2,1188,0.16835016835016836
20241231,신평역 주변,사하구,신평동,Q102,의원,3,1188,0.25252525252525254
20241231,신평역 주변,사하구,신평동,R102,도서관·사적지,5,1188,0.4208754208754209
20241231,신평역 주변,사하구,신평동,R103,스포츠 서비스,22,1188,1.8518518518518519
20241231,신평역 주변,사하구,신평동,R104,유원지·오락,36,1188,3.0303030303030303
20241231,신평역 주변,사하구,신평동,S201,컴퓨터 수리,5,1188,0.4208754208754209
20241231,신평역 주변,사하구,신평동,S202,통신장비 수리,1,1188,0.08417508417508418
20241231,신평역 주변,사하구,신평동,S203,자동차 수리·세차,51,1188,4.292929292929293
20241231,신평역 주변,사하구,신평동,S204,모터사이클 수리,3,1188,0.25252525252525254
20241231,신평역 주변,사하구,신평동,S205,가전제품 수리,5,1188,0.4208754208754209
20241231,신평역 주변,사하구,신평동,S206,기타 가정용품 수리,4,1188,0.3367003367003367
20241231,신평역 주변,사하구,신평동,S207,이용·미용,96,1188,8.080808080808081
20241231,신평역 주변,사하구,신평동,S208,욕탕·신체관리,10,1188,0.8417508417508418
20241231,신평역 주변,사하구,신평동,S209,세탁,13,1188,1.0942760942760943
20241231,신평역 주변,사하구,신평동,S210,장례식장 ,2,1188,0.16835016835016836
