district,rawDong,residentCandidates,livingCandidates,commerceExactLawCode,commerceSnapshots,housingCandidateNames,aedOperatingEvidence,officialCaseEvidence,officialInspectionSites,candidateCodes,actualReceiptDongConfirmed
강서구,강동동,1,1,True,20,1,False,False,0,2644053000,False
강서구,구랑동,1,1,True,20,1,False,False,0,2644056000,False
강서구,녹산동,1,1,True,20,1,False,False,0,2644056000,False
강서구,눌차동,1,1,True,20,1,False,False,0,2644058000,False
강서구,대저1동,1,1,True,20,1,False,False,0,2644051000,False
강서구,대저2동,1,1,True,20,1,False,False,0,2644052000,False
강서구,대항동,1,1,True,20,1,False,False,0,2644058000,False
강서구,동선동,1,1,True,20,1,False,False,0,2644058000,False
강서구,명지동,2,2,True,20,2,False,False,0,2644053500|2644054500,False
강서구,미음동,1,1,True,20,1,False,False,0,2644056000,False
강서구,범방동,1,1,True,20,1,False,False,0,2644056000,False
강서구,봉림동,1,1,True,20,1,False,False,0,2644055000,False
강서구,생곡동,1,1,True,20,1,False,False,0,2644056000,False
강서구,성북동,1,1,True,20,1,False,False,0,2644058000,False
강서구,송정동,1,1,True,20,1,False,False,0,2644056000,False
강서구,식만동,1,1,True,20,1,False,False,0,2644055000,False
강서구,신호동,1,1,True,20,1,False,False,0,2644056000,False
강서구,죽동동,1,1,True,20,1,False,False,0,2644055000,False
강서구,죽림동,1,1,True,20,1,False,False,0,2644055000,False
강서구,지사동,1,1,True,20,1,False,False,0,2644056000,False
강서구,천성동,1,1,True,20,1,False,False,0,2644058000,False
강서구,화전동,1,1,True,20,1,False,False,0,2644056000,False
금정구,구서동,2,2,True,20,0,False,False,0,2641068000|2641069000,False
금정구,금사동,1,1,True,20,1,False,False,0,2641055500,False
금정구,금성동,1,1,True,20,1,False,True,0,2641070000,False
금정구,남산동,1,1,True,20,1,False,False,0,2641067000,False
금정구,노포동,1,1,True,20,1,False,False,0,2641066500,False
금정구,두구동,1,1,True,20,1,False,False,0,2641063500,False
금정구,부곡동,4,4,True,20,0,False,False,0,2641057000|2641058000|2641059000|2641059100,False
금정구,서동,3,3,True,20,0,False,False,0,2641051000|2641052000|2641053000,False
금정구,선동,1,1,True,20,1,False,False,0,2641063500,False
금정구,오륜동,1,1,True,20,0,False,False,0,2641059000,False
금정구,장전동,2,2,True,20,0,False,False,0,2641060000|2641061000,False
금정구,청룡동,1,1,True,20,1,False,False,0,2641066500,False
금정구,회동동,1,1,True,20,1,False,False,0,2641055500,False
기장군,기장읍,1,1,False,0,1,True,True,0,2671025000,False
기장군,일광면,0,0,False,0,0,False,False,0,,False
기장군,일광읍,1,1,False,0,1,False,False,0,2671025900,False
기장군,장안읍,1,1,False,0,1,False,False,0,2671025300,False
기장군,정관면,0,0,False,0,0,False,False,0,,False
기장군,정관읍,1,1,False,0,1,False,False,0,2671025600,False
기장군,철마면,1,1,False,0,1,False,False,0,2671033000,False
남구,감만동,2,2,True,20,0,False,False,0,2629062000|2629063000,False
남구,대연동,5,5,True,20,0,False,False,2,2629051000|2629053000|2629054000|2629055000|2629056000,False
남구,문현동,4,4,True,20,0,False,False,0,2629068000|2629069000|2629070000|2629071000,False
남구,용당동,1,1,True,20,1,False,False,0,2629061000,False
남구,용호동,4,4,True,20,0,False,False,0,2629057000|2629058000|2629059000|2629060000,False
남구,우암동,1,1,True,20,1,False,False,0,2629064500,False
동구,범일동,4,4,True,20,1,False,False,1,2617064500|2617065000|2617066000|2617068000,False
동구,수정동,4,4,True,20,0,False,False,0,2617056000|2617057000|2617059000|2617060000,False
동구,좌천동,2,2,True,20,1,False,False,0,2617064500|2617068000,False
동구,초량동,4,4,True,20,0,False,False,0,2617051000|2617052000|2617053000|2617055000,False
동래구,낙민동,1,1,True,20,1,False,False,0,2626051000,False
동래구,명륜동,1,1,True,20,1,False,False,0,2626054500,False
동래구,명장동,2,2,True,20,0,False,False,0,2626076100|2626076200,False
동래구,복천동,1,1,True,20,1,False,False,0,2626052000,False
동래구,사직동,3,3,True,20,0,False,False,0,2626058000|2626059000|2626060000,False
동래구,수안동,1,1,True,20,1,False,False,0,2626051000,False
동래구,안락동,2,2,True,20,0,False,False,0,2626074000|2626075000,False
동래구,온천동,3,3,True,20,0,False,True,0,2626055000|2626056000|2626057000,False
동래구,칠산동,1,1,True,20,1,False,False,0,2626052000,False
부산진구,가야동,3,3,True,20,0,False,False,0,2623068000|2623071000|2623072000,False
부산진구,개금동,3,3,True,20,0,False,False,0,2623074000|2623075000|2623076000,False
부산진구,당감동,3,3,True,20,0,False,False,0,2623067000|2623068000|2623070000,False
부산진구,범전동,1,1,True,20,0,False,False,0,2623051000,False
부산진구,범천동,3,3,True,20,0,False,False,0,2623052000|2623077000|2623078000,False
부산진구,부암동,4,4,True,20,0,False,False,0,2623064000|2623066000|2623067000|2623070000,False
부산진구,부전동,2,2,True,20,0,False,True,1,2623051000|2623052000,False
부산진구,양정동,2,2,True,20,0,False,False,0,2623056000|2623057000,False
부산진구,연지동,3,3,True,20,1,False,False,0,2623051000|2623054000|2623064000,False
부산진구,전포동,2,2,True,20,0,False,False,0,2623060000|2623061000,False
부산진구,초읍동,2,2,True,20,2,False,True,0,2623054000|2623055000,False
북구,구포동,3,3,True,20,0,False,False,0,2632051000|2632052000|2632052100,False
북구,금곡동,1,1,True,20,1,False,False,0,2632053000,False
북구,덕천동,3,3,True,20,0,False,False,0,2632055000|2632056000|2632056100,False
북구,만덕동,3,3,True,20,0,False,False,0,2632057100|2632057200|2632057300,False
북구,화명동,3,3,True,20,0,False,False,0,2632054100|2632054200|2632054300,False
사상구,감전동,1,1,True,20,1,False,False,0,2653064500,False
사상구,괘법동,1,1,True,20,1,False,False,0,2653062000,False
사상구,덕포동,2,2,True,20,0,False,False,0,2653060000|2653061000,False
사상구,모라동,2,2,True,20,0,False,False,0,2653059100|2653059300,False
사상구,삼락동,1,1,True,20,1,False,False,0,2653058000,False
사상구,엄궁동,1,1,True,20,1,False,False,0,2653068000,False
사상구,주례동,3,3,True,20,0,False,False,0,2653065000|2653066000|2653066100,False
사상구,학장동,1,1,True,20,1,False,False,0,2653067000,False
사하구,감천동,2,2,True,20,0,False,False,0,2638062000|2638063000,False
사하구,괴정동,4,4,True,20,0,False,False,0,2638051000|2638052000|2638053000|2638054000,False
사하구,구평동,1,1,True,20,1,False,False,0,2638061000,False
사하구,다대동,2,2,True,20,0,False,True,0,2638060100|2638060200,False
사하구,당리동,1,1,True,20,1,False,False,1,2638055000,False
사하구,신평동,2,2,True,20,0,False,False,0,2638057100|2638057200,False
사하구,장림동,2,2,True,20,0,False,False,0,2638058000|2638059000,False
사하구,하단동,2,2,True,20,0,False,False,0,2638056100|2638056200,False
서구,남부민동,2,2,True,20,0,False,False,0,2614065000|2614066000,False
서구,동대신동1가,1,1,True,20,0,False,False,0,2614051000,False
서구,동대신동2가,1,1,True,20,0,False,False,0,2614052000,False
서구,동대신동3가,1,1,True,20,0,False,False,0,2614053000,False
서구,부민동1가,1,1,True,20,1,False,False,0,2614059000,False
서구,부민동2가,1,1,True,20,1,False,False,0,2614059000,False
서구,부민동3가,1,1,True,20,1,False,False,0,2614059000,False
서구,부용동1가,1,1,True,20,1,False,False,0,2614059000,False
서구,부용동2가,1,1,True,20,1,False,False,0,2614059000,False
서구,서대신동1가,1,1,True,20,0,False,False,0,2614054000,False
서구,서대신동2가,1,1,True,20,0,False,False,0,2614054000,False
서구,서대신동3가,2,2,True,20,0,False,False,0,2614056000|2614057000,False
서구,아미동1가,1,1,True,20,1,False,False,0,2614061500,False
서구,아미동2가,1,1,True,20,1,False,False,0,2614061500,False
서구,암남동,1,1,True,20,1,False,False,0,2614068000,False
서구,초장동,1,1,True,20,1,False,False,0,2614063000,False
서구,충무동1가,1,1,True,20,1,False,False,0,2614064000,False
서구,충무동2가,1,1,True,20,1,False,False,0,2614064000,False
서구,충무동3가,1,1,True,20,1,False,False,0,2614064000,False
서구,토성동1가,1,1,True,20,1,False,False,0,2614064000,False
서구,토성동2가,1,1,True,20,1,False,False,0,2614064000,False
서구,토성동3가,1,1,True,20,1,False,False,0,2614064000,False
서구,토성동4가,1,1,True,20,1,False,False,0,2614064000,False
서구,토성동5가,1,1,True,20,1,False,False,0,2614064000,False
수영구,광안동,4,4,True,20,0,False,True,1,2650076000|2650077000|2650078000|2650079000,False
수영구,남천동,2,2,True,20,0,False,False,0,2650066000|2650067000,False
수영구,망미동,2,2,True,20,0,False,False,1,2650074000|2650075000,False
수영구,민락동,1,1,True,20,1,False,False,0,2650080000,False
수영구,수영동,1,1,True,20,1,False,False,0,2650073000,False
연제구,거제동,4,4,True,20,0,False,False,1,2647061000|2647062000|2647063000|2647064000,False
연제구,연산동,8,8,True,20,0,True,True,0,2647065000|2647066000|2647067000|2647068000|2647069000|2647070000|2647072000|2647073000,False
영도구,남항동1가,1,1,True,20,1,False,False,0,2620053000,False
영도구,남항동2가,1,1,True,20,1,False,False,0,2620053000,False
영도구,남항동3가,1,1,True,20,1,False,False,0,2620053000,False
영도구,대교동1가,1,1,True,20,1,False,False,0,2620053000,False
영도구,대교동2가,1,1,True,20,1,False,False,0,2620053000,False
영도구,대평동1가,1,1,True,20,1,False,False,0,2620053000,False
영도구,대평동2가,1,1,True,20,1,False,False,0,2620053000,False
영도구,동삼동,3,3,True,20,0,False,False,0,2620065000|2620066000|2620067000,False
영도구,봉래동1가,1,1,True,20,0,False,False,0,2620059000,False
영도구,봉래동2가,1,1,True,20,0,False,False,0,2620059000,False
영도구,봉래동3가,1,1,True,20,0,False,False,0,2620059000,False
영도구,봉래동4가,2,2,True,20,1,False,False,0,2620058500|2620060500,False
영도구,봉래동5가,1,1,True,20,0,False,False,0,2620060500,False
영도구,신선동1가,2,2,True,20,1,False,False,0,2620054000|2620058500,False
영도구,신선동2가,1,1,True,20,1,False,False,0,2620058500,False
영도구,신선동3가,1,1,True,20,1,False,False,0,2620058500,False
영도구,영선동1가,1,1,True,20,0,False,False,0,2620054000,False
영도구,영선동2가,2,2,True,20,1,False,False,1,2620054000|2620058500,False
영도구,영선동3가,1,1,True,20,0,False,False,1,2620055000,False
영도구,영선동4가,1,1,True,20,0,False,False,0,2620055000,False
영도구,청학동,2,2,True,20,0,False,False,0,2620063000|2620064000,False
중구,광복동1가,1,1,True,20,1,False,False,0,2611057000,False
중구,광복동2가,1,1,True,20,1,False,False,0,2611057000,False
중구,광복동3가,1,1,True,20,1,False,False,0,2611057000,False
중구,남포동1가,1,1,True,20,1,False,False,0,2611058000,False
중구,남포동2가,1,1,True,20,1,False,False,0,2611058000,False
중구,남포동3가,1,1,True,20,1,False,False,0,2611058000,False
중구,남포동4가,1,1,True,20,1,False,False,0,2611058000,False
중구,남포동5가,1,1,True,20,1,False,False,1,2611058000,False
중구,남포동6가,1,1,True,20,1,False,False,0,2611058000,False
중구,대창동1가,1,1,True,20,1,False,False,0,2611051000,False
중구,대창동2가,1,1,True,20,0,False,False,0,2611059000,False
중구,대청동1가,1,1,True,20,1,False,False,0,2611053000,False
중구,대청동2가,1,1,True,20,1,False,False,0,2611053000,False
중구,대청동3가,1,1,True,20,1,False,False,0,2611053000,False
중구,대청동4가,1,1,True,20,1,False,False,0,2611053000,False
중구,동광동1가,1,1,True,20,1,False,False,0,2611052000,False
중구,동광동2가,1,1,True,20,1,False,False,0,2611052000,False
중구,동광동3가,1,1,True,20,1,False,False,0,2611052000,False
중구,동광동4가,1,1,True,20,1,False,False,0,2611052000,False
중구,동광동5가,1,1,True,20,1,False,False,0,2611052000,False
중구,보수동1가,1,1,True,20,1,False,False,0,2611054500,False
중구,보수동2가,1,1,True,20,1,False,False,0,2611054500,False
중구,보수동3가,1,1,True,20,1,False,False,0,2611054500,False
중구,부평동1가,1,1,True,20,1,False,False,0,2611056000,False
중구,부평동2가,1,1,True,20,1,False,False,0,2611056000,False
중구,부평동3가,1,1,True,20,1,False,False,0,2611056000,False
중구,부평동4가,1,1,True,20,1,False,False,0,2611056000,False
중구,신창동1가,1,1,True,20,1,False,False,0,2611057000,False
중구,신창동2가,1,1,True,20,1,False,False,0,2611057000,False
중구,신창동3가,1,1,True,20,1,False,False,0,2611057000,False
중구,신창동4가,1,1,True,20,1,False,False,0,2611057000,False
중구,영주동,2,2,True,20,0,False,False,0,2611059000|2611060000,False
중구,중앙동1가,1,1,True,20,1,False,False,0,2611051000,False
중구,중앙동2가,1,1,True,20,1,False,False,0,2611051000,False
중구,중앙동3가,1,1,True,20,1,False,False,0,2611051000,False
중구,중앙동4가,1,1,True,20,1,False,False,0,2611051000,False
중구,중앙동5가,1,1,True,20,1,False,False,0,2611051000,False
중구,중앙동6가,1,1,True,20,1,False,False,0,2611051000,False
중구,중앙동7가,1,1,True,20,1,False,False,0,2611051000,False
중구,창선동1가,1,1,True,20,1,False,False,0,2611057000,False
중구,창선동2가,1,1,True,20,1,False,False,0,2611057000,False
해운대구,반송동,2,2,True,20,0,False,False,1,2635061000|2635062000,False
해운대구,반여동,4,4,True,20,0,False,False,0,2635057000|2635058000|2635059000|2635059500,False
해운대구,석대동,1,1,True,20,0,False,False,0,2635061000,False
해운대구,송정동,1,1,True,20,1,False,False,0,2635056000,False
해운대구,우동,3,3,True,20,0,False,True,0,2635051000|2635052000|2635052500,False
해운대구,재송동,2,2,True,20,0,False,False,0,2635065000|2635066000,False
해운대구,좌동,4,4,True,20,0,False,False,0,2635055100|2635055200|2635055300|2635055400,False
해운대구,중동,2,2,True,20,0,False,False,0,2635053000|2635054000,False
