district,rawDong,subtype,count,background,existingResponse,proposal,status,trainingTopSeason,actual2024TopSeason
금정구,금성동,산악사고,61,금성동 산악 접수의 겨울 최고 양상은 금정산 전체 또는 특정 탐방로 사고 위치·원인을 확정하지 않는다.,2026 국립공원공단이 현재 탐방·통제 정보를 제공한다. 8/10 공고는 그늘·식수 부족 장거리 능선 23.5km를 폭염 취약 구간으로 안내하고 쉼터 3곳을 제시한다.,2025 안내만 고정하지 않고 현재 관리기관의 탐방로·통제·쉼터 안내로 연결한다. 계절별 공식 위험 안내와 신고 시기 관측을 별도로 표시한다.,최신 공식 안내로 갱신 가능 / 시설 부족 미확정,겨울,가을
기장군,기장읍,일반화재(주택),76,주택형태·공동주택 설비는 주민 환경 배경이다. 해당 건물의 화재 신고 또는 시설 미작동과 직접 연결되지 않았다.,"기장군 주택용 소방시설 보급 계획 외에 2026-05-29 공고가 비의무관리 5층 이상 아파트의 소방 등 시설 무상점검을 안내한다. 신청 6/8 마감, 점검 6~12월 예정이다.","단독·다세대와 아파트의 지원 조건을 구분하고, 마감된 공고는 현재 신청 가능한 서비스로 표시하지 않는다.",주택 형태별 기존 지원 구분 가능 / 지원 물량 확대 보류,겨울,여름
동래구,온천동,일반화재(주택),53,아파트 설비 공시와 동 전체 주택화재 접수를 분리한다. 주민 후보 행정동은 강제 합산하지 않는다.,동래 소방·복지 연계 교육 및 방문 안전 확인 협력은 기존 근거로 확인된다.,기존 방문 안전·교육·주택형태별 안전 안내를 연결하고 확인되지 않은 건물 결함 지도를 만들지 않는다.,기존 예방 서비스 안내 / 특정 건물 개선 보류,가을,겨울
부산진구,부전동,교통사고,723,BDI 보행 실험과 동 전체 상권은 현장 배경이며 구급 교통사고 신고를 시장 조사선에 귀속하지 않는다.,부전역 맞이길 사업의 2026 제막식과 2025 설계 수량이 확인됐다. 보도·유도시설이 전혀 없다는 주장은 기각한다.,"현재 사업 안내와 조사·설계·완료·효과 확인 단계를 나누어 제공하고, 동일 구간을 식별한 뒤 개선 후 보행 조건을 비교한다.",기존 개선사업 연결 / 추가 시설 설치 보류,겨울,여름
부산진구,초읍동,산악사고,64,동 전체 산악 접수와 찬물샘 등산로 민원은 독립 자료다.,2025 공식 답변은 돌출 뿌리·암석 우려에 매트·편책 설치와 불필요 구역 설치 지양을 확인한다.,기존 정비 이력과 공식 탐방 안내를 함께 제공한다. 일괄 매트 증설이나 특정 월 위험 안내는 채택하지 않는다.,정비 사실 안내 / 구간 증설 보류,가을,겨울
사하구,다대동,수난사고,67,5년 중 1년씩 제외해도 여름의 달력일수당 접수 최고가 유지된다. 해수욕장 외 수난 위치는 미확정이다.,"2026 동·서측 운영 계획이 있고, 9/2 부산소방은 폐장 후 9/1~9/13 다대포 등 6곳 특별관리와 금·토·일 소방 순찰 및 의용소방대 연장을 발표했다.",여름 전 안내와 폐장 후 실제 운영기간·입수 주의·공식 관리 정보를 구분해 제공한다. 새 야간 순찰 신설은 제안하지 않는다.,발표상 특별관리 9/13 종료 / 이후 운영 미확인,여름,여름
수영구,광안동,교통사고,611,BDI 현장 표와 지도 길이 차이가 있어 원표를 유지한다. 계절 최고값은 일부 연도 제외에 민감하다.,2025 광안역 일원 도로정비의 기존 집행 근거가 있다.,특정 월 집중 정책보다 동일 조사선·준공 구간 대조와 현장 재확인 결과를 연결한다.,비교 사례 / 계절 집중·신규 사업 보류,봄,봄|여름
연제구,연산동,심정지,511,2024 부산 일반인 심폐소생술 시행률 13.8%는 발생지 기반 급성심장정지 조사 지표다. 연제구 교육경험률과 신고 건수는 별도 모집단이다.,부산 교육 예약과 실습 기자재 대여가 이미 존재한다. 연제구 AED 유지지원도 확인됐다.,연산 사례에서는 대상·사전 연락·운영 시점이 확인된 기존 교육 및 대여 경로를 제공한다. 조건이 충돌하는 프로그램은 신청 가능으로 단정하지 않는다.,기존 서비스 안내 보완 가능 / 교육 증설 보류,가을,겨울
해운대구,우동,수난사고,57,우동 수난 접수를 해운대해수욕장 전체 신고로 바꾸지 않는다.,2026-09-02 부산소방은 해운대 119시민수상구조대가 당초 계획대로 9/15까지 정상 운영한다고 명시했다.,2026 실제 발표 운영기간과 이후 확인이 필요한 상태를 명시한 해변 안전 안내를 제공한다.,당초 9/15까지 운영계획 확인 / 이후 운영 미확인,봄,가을
