district,year,subgroup,sampleN,indicator,crudeWeightedPercent,standardErrorPP,relativeStandardErrorPercent,ageStandardizedPercent,confidenceInterval,period,denominator,rateType,sourceSheet,excelRow,excelColumn,pdfPage
연제구,2024,전체,908,심폐소생술 교육 경험률,29.0,1.9,6.6,,,최근 2년 동안,해당 하위집단 조사대상 응답자(19세 이상 표본),가중치 적용 조율,"<표>심폐소생술교육경험률및심폐소생술마네킹,AED실습경험률",6,4,206
연제구,2024,전체,908,마네킹 실습 경험률,27.1,1.9,7.2,,,최근 2년 동안,해당 하위집단 조사대상 응답자(19세 이상 표본),가중치 적용 조율,"<표>심폐소생술교육경험률및심폐소생술마네킹,AED실습경험률",6,6,206
연제구,2024,전체,908,AED 실습 경험률,18.5,1.7,9.2,,,최근 2년 동안,해당 하위집단 조사대상 응답자(19세 이상 표본),가중치 적용 조율,"<표>심폐소생술교육경험률및심폐소생술마네킹,AED실습경험률",6,8,206
연제구,2024,남자,375,심폐소생술 교육 경험률,37.1,3.0,8.2,,,최근 2년 동안,해당 하위집단 조사대상 응답자(19세 이상 표본),가중치 적용 조율,"<표>심폐소생술교육경험률및심폐소생술마네킹,AED실습경험률",8,4,206
연제구,2024,남자,375,마네킹 실습 경험률,33.9,3.1,9.1,,,최근 2년 동안,해당 하위집단 조사대상 응답자(19세 이상 표본),가중치 적용 조율,"<표>심폐소생술교육경험률및심폐소생술마네킹,AED실습경험률",8,6,206
연제구,2024,남자,375,AED 실습 경험률,22.3,2.7,12.3,,,최근 2년 동안,해당 하위집단 조사대상 응답자(19세 이상 표본),가중치 적용 조율,"<표>심폐소생술교육경험률및심폐소생술마네킹,AED실습경험률",8,8,206
연제구,2024,여자,533,심폐소생술 교육 경험률,21.8,1.9,8.7,,,최근 2년 동안,해당 하위집단 조사대상 응답자(19세 이상 표본),가중치 적용 조율,"<표>심폐소생술교육경험률및심폐소생술마네킹,AED실습경험률",9,4,206
연제구,2024,여자,533,마네킹 실습 경험률,20.9,1.9,9.0,,,최근 2년 동안,해당 하위집단 조사대상 응답자(19세 이상 표본),가중치 적용 조율,"<표>심폐소생술교육경험률및심폐소생술마네킹,AED실습경험률",9,6,206
연제구,2024,여자,533,AED 실습 경험률,15.1,1.7,11.3,,,최근 2년 동안,해당 하위집단 조사대상 응답자(19세 이상 표본),가중치 적용 조율,"<표>심폐소생술교육경험률및심폐소생술마네킹,AED실습경험률",9,8,206
연제구,2024,19-29,92,심폐소생술 교육 경험률,48.8,5.8,11.8,,,최근 2년 동안,해당 하위집단 조사대상 응답자(19세 이상 표본),가중치 적용 조율,"<표>심폐소생술교육경험률및심폐소생술마네킹,AED실습경험률",11,4,206
연제구,2024,19-29,92,마네킹 실습 경험률,47.8,5.9,12.4,,,최근 2년 동안,해당 하위집단 조사대상 응답자(19세 이상 표본),가중치 적용 조율,"<표>심폐소생술교육경험률및심폐소생술마네킹,AED실습경험률",11,6,206
연제구,2024,19-29,92,AED 실습 경험률,30.6,4.9,15.9,,,최근 2년 동안,해당 하위집단 조사대상 응답자(19세 이상 표본),가중치 적용 조율,"<표>심폐소생술교육경험률및심폐소생술마네킹,AED실습경험률",11,8,206
연제구,2024,30-39,107,심폐소생술 교육 경험률,40.9,5.4,13.2,,,최근 2년 동안,해당 하위집단 조사대상 응답자(19세 이상 표본),가중치 적용 조율,"<표>심폐소생술교육경험률및심폐소생술마네킹,AED실습경험률",12,4,206
연제구,2024,30-39,107,마네킹 실습 경험률,37.0,5.2,14.1,,,최근 2년 동안,해당 하위집단 조사대상 응답자(19세 이상 표본),가중치 적용 조율,"<표>심폐소생술교육경험률및심폐소생술마네킹,AED실습경험률",12,6,206
연제구,2024,30-39,107,AED 실습 경험률,26.5,5.1,19.2,,,최근 2년 동안,해당 하위집단 조사대상 응답자(19세 이상 표본),가중치 적용 조율,"<표>심폐소생술교육경험률및심폐소생술마네킹,AED실습경험률",12,8,206
연제구,2024,40-49,121,심폐소생술 교육 경험률,32.1,3.6,11.2,,,최근 2년 동안,해당 하위집단 조사대상 응답자(19세 이상 표본),가중치 적용 조율,"<표>심폐소생술교육경험률및심폐소생술마네킹,AED실습경험률",13,4,206
연제구,2024,40-49,121,마네킹 실습 경험률,29.1,3.6,12.3,,,최근 2년 동안,해당 하위집단 조사대상 응답자(19세 이상 표본),가중치 적용 조율,"<표>심폐소생술교육경험률및심폐소생술마네킹,AED실습경험률",13,6,206
연제구,2024,40-49,121,AED 실습 경험률,21.5,3.6,16.6,,,최근 2년 동안,해당 하위집단 조사대상 응답자(19세 이상 표본),가중치 적용 조율,"<표>심폐소생술교육경험률및심폐소생술마네킹,AED실습경험률",13,8,206
연제구,2024,50-59,174,심폐소생술 교육 경험률,34.0,4.0,11.7,,,최근 2년 동안,해당 하위집단 조사대상 응답자(19세 이상 표본),가중치 적용 조율,"<표>심폐소생술교육경험률및심폐소생술마네킹,AED실습경험률",14,4,206
연제구,2024,50-59,174,마네킹 실습 경험률,31.9,4.0,12.4,,,최근 2년 동안,해당 하위집단 조사대상 응답자(19세 이상 표본),가중치 적용 조율,"<표>심폐소생술교육경험률및심폐소생술마네킹,AED실습경험률",14,6,206
연제구,2024,50-59,174,AED 실습 경험률,21.7,3.6,16.6,,,최근 2년 동안,해당 하위집단 조사대상 응답자(19세 이상 표본),가중치 적용 조율,"<표>심폐소생술교육경험률및심폐소생술마네킹,AED실습경험률",14,8,206
연제구,2024,60-69,203,심폐소생술 교육 경험률,16.8,2.5,15.2,,,최근 2년 동안,해당 하위집단 조사대상 응답자(19세 이상 표본),가중치 적용 조율,"<표>심폐소생술교육경험률및심폐소생술마네킹,AED실습경험률",15,4,206
연제구,2024,60-69,203,마네킹 실습 경험률,16.0,2.5,15.6,,,최근 2년 동안,해당 하위집단 조사대상 응답자(19세 이상 표본),가중치 적용 조율,"<표>심폐소생술교육경험률및심폐소생술마네킹,AED실습경험률",15,6,206
연제구,2024,60-69,203,AED 실습 경험률,10.5,2.2,21.4,,,최근 2년 동안,해당 하위집단 조사대상 응답자(19세 이상 표본),가중치 적용 조율,"<표>심폐소생술교육경험률및심폐소생술마네킹,AED실습경험률",15,8,206
연제구,2024,70 이상,211,심폐소생술 교육 경험률,7.6,2.1,27.2,,,최근 2년 동안,해당 하위집단 조사대상 응답자(19세 이상 표본),가중치 적용 조율,"<표>심폐소생술교육경험률및심폐소생술마네킹,AED실습경험률",16,4,206
연제구,2024,70 이상,211,마네킹 실습 경험률,6.7,1.9,28.9,,,최근 2년 동안,해당 하위집단 조사대상 응답자(19세 이상 표본),가중치 적용 조율,"<표>심폐소생술교육경험률및심폐소생술마네킹,AED실습경험률",16,6,206
연제구,2024,70 이상,211,AED 실습 경험률,4.0,1.6,40.7,,,최근 2년 동안,해당 하위집단 조사대상 응답자(19세 이상 표본),가중치 적용 조율,"<표>심폐소생술교육경험률및심폐소생술마네킹,AED실습경험률",16,8,206
연제구,2024,19-64,593,심폐소생술 교육 경험률,36.0,2.4,6.6,,,최근 2년 동안,해당 하위집단 조사대상 응답자(19세 이상 표본),가중치 적용 조율,"<표>심폐소생술교육경험률및심폐소생술마네킹,AED실습경험률",18,4,206
연제구,2024,19-64,593,마네킹 실습 경험률,33.7,2.4,7.2,,,최근 2년 동안,해당 하위집단 조사대상 응답자(19세 이상 표본),가중치 적용 조율,"<표>심폐소생술교육경험률및심폐소생술마네킹,AED실습경험률",18,6,206
연제구,2024,19-64,593,AED 실습 경험률,23.6,2.1,8.8,,,최근 2년 동안,해당 하위집단 조사대상 응답자(19세 이상 표본),가중치 적용 조율,"<표>심폐소생술교육경험률및심폐소생술마네킹,AED실습경험률",18,8,206
연제구,2024,65 이상,315,심폐소생술 교육 경험률,9.8,1.8,18.7,,,최근 2년 동안,해당 하위집단 조사대상 응답자(19세 이상 표본),가중치 적용 조율,"<표>심폐소생술교육경험률및심폐소생술마네킹,AED실습경험률",19,4,206
연제구,2024,65 이상,315,마네킹 실습 경험률,8.9,1.8,19.8,,,최근 2년 동안,해당 하위집단 조사대상 응답자(19세 이상 표본),가중치 적용 조율,"<표>심폐소생술교육경험률및심폐소생술마네킹,AED실습경험률",19,6,206
연제구,2024,65 이상,315,AED 실습 경험률,4.5,1.5,33.1,,,최근 2년 동안,해당 하위집단 조사대상 응답자(19세 이상 표본),가중치 적용 조율,"<표>심폐소생술교육경험률및심폐소생술마네킹,AED실습경험률",19,8,206
부산진구,2024,전체,903,심폐소생술 교육 경험률,26.7,2.2,8.2,,,최근 2년 동안,해당 하위집단 조사대상 응답자(19세 이상 표본),가중치 적용 조율,"<표>심폐소생술교육경험률및심폐소생술마네킹,AED실습경험률",6,4,207
부산진구,2024,전체,903,마네킹 실습 경험률,24.0,2.2,9.2,,,최근 2년 동안,해당 하위집단 조사대상 응답자(19세 이상 표본),가중치 적용 조율,"<표>심폐소생술교육경험률및심폐소생술마네킹,AED실습경험률",6,6,207
부산진구,2024,전체,903,AED 실습 경험률,17.2,1.8,10.6,,,최근 2년 동안,해당 하위집단 조사대상 응답자(19세 이상 표본),가중치 적용 조율,"<표>심폐소생술교육경험률및심폐소생술마네킹,AED실습경험률",6,8,207
부산진구,2024,남자,380,심폐소생술 교육 경험률,32.6,2.7,8.2,,,최근 2년 동안,해당 하위집단 조사대상 응답자(19세 이상 표본),가중치 적용 조율,"<표>심폐소생술교육경험률및심폐소생술마네킹,AED실습경험률",8,4,207
부산진구,2024,남자,380,마네킹 실습 경험률,30.2,2.8,9.2,,,최근 2년 동안,해당 하위집단 조사대상 응답자(19세 이상 표본),가중치 적용 조율,"<표>심폐소생술교육경험률및심폐소생술마네킹,AED실습경험률",8,6,207
부산진구,2024,남자,380,AED 실습 경험률,22.0,2.4,10.8,,,최근 2년 동안,해당 하위집단 조사대상 응답자(19세 이상 표본),가중치 적용 조율,"<표>심폐소생술교육경험률및심폐소생술마네킹,AED실습경험률",8,8,207
부산진구,2024,여자,523,심폐소생술 교육 경험률,21.4,2.2,10.3,,,최근 2년 동안,해당 하위집단 조사대상 응답자(19세 이상 표본),가중치 적용 조율,"<표>심폐소생술교육경험률및심폐소생술마네킹,AED실습경험률",9,4,207
부산진구,2024,여자,523,마네킹 실습 경험률,18.4,2.2,12.0,,,최근 2년 동안,해당 하위집단 조사대상 응답자(19세 이상 표본),가중치 적용 조율,"<표>심폐소생술교육경험률및심폐소생술마네킹,AED실습경험률",9,6,207
부산진구,2024,여자,523,AED 실습 경험률,12.8,1.9,14.7,,,최근 2년 동안,해당 하위집단 조사대상 응답자(19세 이상 표본),가중치 적용 조율,"<표>심폐소생술교육경험률및심폐소생술마네킹,AED실습경험률",9,8,207
부산진구,2024,19-29,108,심폐소생술 교육 경험률,48.0,5.6,11.7,,,최근 2년 동안,해당 하위집단 조사대상 응답자(19세 이상 표본),가중치 적용 조율,"<표>심폐소생술교육경험률및심폐소생술마네킹,AED실습경험률",11,4,207
부산진구,2024,19-29,108,마네킹 실습 경험률,42.9,5.7,13.2,,,최근 2년 동안,해당 하위집단 조사대상 응답자(19세 이상 표본),가중치 적용 조율,"<표>심폐소생술교육경험률및심폐소생술마네킹,AED실습경험률",11,6,207
부산진구,2024,19-29,108,AED 실습 경험률,35.9,4.7,13.0,,,최근 2년 동안,해당 하위집단 조사대상 응답자(19세 이상 표본),가중치 적용 조율,"<표>심폐소생술교육경험률및심폐소생술마네킹,AED실습경험률",11,8,207
부산진구,2024,30-39,113,심폐소생술 교육 경험률,40.2,5.5,13.6,,,최근 2년 동안,해당 하위집단 조사대상 응답자(19세 이상 표본),가중치 적용 조율,"<표>심폐소생술교육경험률및심폐소생술마네킹,AED실습경험률",12,4,207
부산진구,2024,30-39,113,마네킹 실습 경험률,37.5,5.9,15.6,,,최근 2년 동안,해당 하위집단 조사대상 응답자(19세 이상 표본),가중치 적용 조율,"<표>심폐소생술교육경험률및심폐소생술마네킹,AED실습경험률",12,6,207
부산진구,2024,30-39,113,AED 실습 경험률,27.5,4.9,17.9,,,최근 2년 동안,해당 하위집단 조사대상 응답자(19세 이상 표본),가중치 적용 조율,"<표>심폐소생술교육경험률및심폐소생술마네킹,AED실습경험률",12,8,207
부산진구,2024,40-49,154,심폐소생술 교육 경험률,20.7,3.1,15.0,,,최근 2년 동안,해당 하위집단 조사대상 응답자(19세 이상 표본),가중치 적용 조율,"<표>심폐소생술교육경험률및심폐소생술마네킹,AED실습경험률",13,4,207
부산진구,2024,40-49,154,마네킹 실습 경험률,18.0,2.9,16.2,,,최근 2년 동안,해당 하위집단 조사대상 응답자(19세 이상 표본),가중치 적용 조율,"<표>심폐소생술교육경험률및심폐소생술마네킹,AED실습경험률",13,6,207
부산진구,2024,40-49,154,AED 실습 경험률,13.1,2.6,20.1,,,최근 2년 동안,해당 하위집단 조사대상 응답자(19세 이상 표본),가중치 적용 조율,"<표>심폐소생술교육경험률및심폐소생술마네킹,AED실습경험률",13,8,207
부산진구,2024,50-59,149,심폐소생술 교육 경험률,27.1,4.0,14.9,,,최근 2년 동안,해당 하위집단 조사대상 응답자(19세 이상 표본),가중치 적용 조율,"<표>심폐소생술교육경험률및심폐소생술마네킹,AED실습경험률",14,4,207
부산진구,2024,50-59,149,마네킹 실습 경험률,23.7,4.2,17.8,,,최근 2년 동안,해당 하위집단 조사대상 응답자(19세 이상 표본),가중치 적용 조율,"<표>심폐소생술교육경험률및심폐소생술마네킹,AED실습경험률",14,6,207
부산진구,2024,50-59,149,AED 실습 경험률,17.2,3.6,21.1,,,최근 2년 동안,해당 하위집단 조사대상 응답자(19세 이상 표본),가중치 적용 조율,"<표>심폐소생술교육경험률및심폐소생술마네킹,AED실습경험률",14,8,207
부산진구,2024,60-69,209,심폐소생술 교육 경험률,19.6,2.3,11.9,,,최근 2년 동안,해당 하위집단 조사대상 응답자(19세 이상 표본),가중치 적용 조율,"<표>심폐소생술교육경험률및심폐소생술마네킹,AED실습경험률",15,4,207
부산진구,2024,60-69,209,마네킹 실습 경험률,18.3,2.0,11.2,,,최근 2년 동안,해당 하위집단 조사대상 응답자(19세 이상 표본),가중치 적용 조율,"<표>심폐소생술교육경험률및심폐소생술마네킹,AED실습경험률",15,6,207
부산진구,2024,60-69,209,AED 실습 경험률,8.0,1.6,19.9,,,최근 2년 동안,해당 하위집단 조사대상 응답자(19세 이상 표본),가중치 적용 조율,"<표>심폐소생술교육경험률및심폐소생술마네킹,AED실습경험률",15,8,207
부산진구,2024,70 이상,170,심폐소생술 교육 경험률,3.9,1.2,30.0,,,최근 2년 동안,해당 하위집단 조사대상 응답자(19세 이상 표본),가중치 적용 조율,"<표>심폐소생술교육경험률및심폐소생술마네킹,AED실습경험률",16,4,207
부산진구,2024,70 이상,170,마네킹 실습 경험률,2.9,1.1,38.9,,,최근 2년 동안,해당 하위집단 조사대상 응답자(19세 이상 표본),가중치 적용 조율,"<표>심폐소생술교육경험률및심폐소생술마네킹,AED실습경험률",16,6,207
부산진구,2024,70 이상,170,AED 실습 경험률,1.9,0.8,42.4,,,최근 2년 동안,해당 하위집단 조사대상 응답자(19세 이상 표본),가중치 적용 조율,"<표>심폐소생술교육경험률및심폐소생술마네킹,AED실습경험률",16,8,207
부산진구,2024,19-64,627,심폐소생술 교육 경험률,33.1,2.6,7.9,,,최근 2년 동안,해당 하위집단 조사대상 응답자(19세 이상 표본),가중치 적용 조율,"<표>심폐소생술교육경험률및심폐소생술마네킹,AED실습경험률",18,4,207
부산진구,2024,19-64,627,마네킹 실습 경험률,29.7,2.7,9.1,,,최근 2년 동안,해당 하위집단 조사대상 응답자(19세 이상 표본),가중치 적용 조율,"<표>심폐소생술교육경험률및심폐소생술마네킹,AED실습경험률",18,6,207
부산진구,2024,19-64,627,AED 실습 경험률,21.7,2.2,10.1,,,최근 2년 동안,해당 하위집단 조사대상 응답자(19세 이상 표본),가중치 적용 조율,"<표>심폐소생술교육경험률및심폐소생술마네킹,AED실습경험률",18,8,207
부산진구,2024,65 이상,276,심폐소생술 교육 경험률,6.7,1.2,18.4,,,최근 2년 동안,해당 하위집단 조사대상 응답자(19세 이상 표본),가중치 적용 조율,"<표>심폐소생술교육경험률및심폐소생술마네킹,AED실습경험률",19,4,207
부산진구,2024,65 이상,276,마네킹 실습 경험률,6.1,1.2,20.0,,,최근 2년 동안,해당 하위집단 조사대상 응답자(19세 이상 표본),가중치 적용 조율,"<표>심폐소생술교육경험률및심폐소생술마네킹,AED실습경험률",19,6,207
부산진구,2024,65 이상,276,AED 실습 경험률,3.1,0.8,25.2,,,최근 2년 동안,해당 하위집단 조사대상 응답자(19세 이상 표본),가중치 적용 조율,"<표>심폐소생술교육경험률및심폐소생술마네킹,AED실습경험률",19,8,207
수영구,2024,전체,913,심폐소생술 교육 경험률,24.3,1.9,7.7,,,최근 2년 동안,해당 하위집단 조사대상 응답자(19세 이상 표본),가중치 적용 조율,"<표>심폐소생술교육경험률및심폐소생술마네킹,AED실습경험률",6,4,208
수영구,2024,전체,913,마네킹 실습 경험률,22.7,1.8,7.8,,,최근 2년 동안,해당 하위집단 조사대상 응답자(19세 이상 표본),가중치 적용 조율,"<표>심폐소생술교육경험률및심폐소생술마네킹,AED실습경험률",6,6,208
수영구,2024,전체,913,AED 실습 경험률,15.6,1.6,10.3,,,최근 2년 동안,해당 하위집단 조사대상 응답자(19세 이상 표본),가중치 적용 조율,"<표>심폐소생술교육경험률및심폐소생술마네킹,AED실습경험률",6,8,208
수영구,2024,남자,380,심폐소생술 교육 경험률,31.8,2.8,8.8,,,최근 2년 동안,해당 하위집단 조사대상 응답자(19세 이상 표본),가중치 적용 조율,"<표>심폐소생술교육경험률및심폐소생술마네킹,AED실습경험률",8,4,208
수영구,2024,남자,380,마네킹 실습 경험률,29.9,2.7,9.0,,,최근 2년 동안,해당 하위집단 조사대상 응답자(19세 이상 표본),가중치 적용 조율,"<표>심폐소생술교육경험률및심폐소생술마네킹,AED실습경험률",8,6,208
수영구,2024,남자,380,AED 실습 경험률,20.0,2.7,13.5,,,최근 2년 동안,해당 하위집단 조사대상 응답자(19세 이상 표본),가중치 적용 조율,"<표>심폐소생술교육경험률및심폐소생술마네킹,AED실습경험률",8,8,208
수영구,2024,여자,533,심폐소생술 교육 경험률,17.9,1.9,10.9,,,최근 2년 동안,해당 하위집단 조사대상 응답자(19세 이상 표본),가중치 적용 조율,"<표>심폐소생술교육경험률및심폐소생술마네킹,AED실습경험률",9,4,208
수영구,2024,여자,533,마네킹 실습 경험률,16.5,1.9,11.4,,,최근 2년 동안,해당 하위집단 조사대상 응답자(19세 이상 표본),가중치 적용 조율,"<표>심폐소생술교육경험률및심폐소생술마네킹,AED실습경험률",9,6,208
수영구,2024,여자,533,AED 실습 경험률,11.9,1.5,12.5,,,최근 2년 동안,해당 하위집단 조사대상 응답자(19세 이상 표본),가중치 적용 조율,"<표>심폐소생술교육경험률및심폐소생술마네킹,AED실습경험률",9,8,208
수영구,2024,19-29,92,심폐소생술 교육 경험률,38.1,5.1,13.4,,,최근 2년 동안,해당 하위집단 조사대상 응답자(19세 이상 표본),가중치 적용 조율,"<표>심폐소생술교육경험률및심폐소생술마네킹,AED실습경험률",11,4,208
수영구,2024,19-29,92,마네킹 실습 경험률,38.1,5.1,13.4,,,최근 2년 동안,해당 하위집단 조사대상 응답자(19세 이상 표본),가중치 적용 조율,"<표>심폐소생술교육경험률및심폐소생술마네킹,AED실습경험률",11,6,208
수영구,2024,19-29,92,AED 실습 경험률,30.4,5.0,16.6,,,최근 2년 동안,해당 하위집단 조사대상 응답자(19세 이상 표본),가중치 적용 조율,"<표>심폐소생술교육경험률및심폐소생술마네킹,AED실습경험률",11,8,208
수영구,2024,30-39,106,심폐소생술 교육 경험률,34.1,5.0,14.6,,,최근 2년 동안,해당 하위집단 조사대상 응답자(19세 이상 표본),가중치 적용 조율,"<표>심폐소생술교육경험률및심폐소생술마네킹,AED실습경험률",12,4,208
수영구,2024,30-39,106,마네킹 실습 경험률,30.8,5.2,16.8,,,최근 2년 동안,해당 하위집단 조사대상 응답자(19세 이상 표본),가중치 적용 조율,"<표>심폐소생술교육경험률및심폐소생술마네킹,AED실습경험률",12,6,208
수영구,2024,30-39,106,AED 실습 경험률,20.8,4.7,22.6,,,최근 2년 동안,해당 하위집단 조사대상 응답자(19세 이상 표본),가중치 적용 조율,"<표>심폐소생술교육경험률및심폐소생술마네킹,AED실습경험률",12,8,208
수영구,2024,40-49,140,심폐소생술 교육 경험률,31.5,5.0,15.7,,,최근 2년 동안,해당 하위집단 조사대상 응답자(19세 이상 표본),가중치 적용 조율,"<표>심폐소생술교육경험률및심폐소생술마네킹,AED실습경험률",13,4,208
수영구,2024,40-49,140,마네킹 실습 경험률,29.0,4.6,15.9,,,최근 2년 동안,해당 하위집단 조사대상 응답자(19세 이상 표본),가중치 적용 조율,"<표>심폐소생술교육경험률및심폐소생술마네킹,AED실습경험률",13,6,208
수영구,2024,40-49,140,AED 실습 경험률,25.8,4.3,16.9,,,최근 2년 동안,해당 하위집단 조사대상 응답자(19세 이상 표본),가중치 적용 조율,"<표>심폐소생술교육경험률및심폐소생술마네킹,AED실습경험률",13,8,208
수영구,2024,50-59,156,심폐소생술 교육 경험률,23.2,3.4,14.7,,,최근 2년 동안,해당 하위집단 조사대상 응답자(19세 이상 표본),가중치 적용 조율,"<표>심폐소생술교육경험률및심폐소생술마네킹,AED실습경험률",14,4,208
수영구,2024,50-59,156,마네킹 실습 경험률,21.5,3.4,15.9,,,최근 2년 동안,해당 하위집단 조사대상 응답자(19세 이상 표본),가중치 적용 조율,"<표>심폐소생술교육경험률및심폐소생술마네킹,AED실습경험률",14,6,208
수영구,2024,50-59,156,AED 실습 경험률,12.6,2.9,23.4,,,최근 2년 동안,해당 하위집단 조사대상 응답자(19세 이상 표본),가중치 적용 조율,"<표>심폐소생술교육경험률및심폐소생술마네킹,AED실습경험률",14,8,208
수영구,2024,60-69,212,심폐소생술 교육 경험률,17.6,2.4,13.7,,,최근 2년 동안,해당 하위집단 조사대상 응답자(19세 이상 표본),가중치 적용 조율,"<표>심폐소생술교육경험률및심폐소생술마네킹,AED실습경험률",15,4,208
수영구,2024,60-69,212,마네킹 실습 경험률,15.4,2.4,15.4,,,최근 2년 동안,해당 하위집단 조사대상 응답자(19세 이상 표본),가중치 적용 조율,"<표>심폐소생술교육경험률및심폐소생술마네킹,AED실습경험률",15,6,208
수영구,2024,60-69,212,AED 실습 경험률,7.2,1.8,24.9,,,최근 2년 동안,해당 하위집단 조사대상 응답자(19세 이상 표본),가중치 적용 조율,"<표>심폐소생술교육경험률및심폐소생술마네킹,AED실습경험률",15,8,208
수영구,2024,70 이상,207,심폐소생술 교육 경험률,6.9,1.7,25.4,,,최근 2년 동안,해당 하위집단 조사대상 응답자(19세 이상 표본),가중치 적용 조율,"<표>심폐소생술교육경험률및심폐소생술마네킹,AED실습경험률",16,4,208
수영구,2024,70 이상,207,마네킹 실습 경험률,6.9,1.7,25.4,,,최근 2년 동안,해당 하위집단 조사대상 응답자(19세 이상 표본),가중치 적용 조율,"<표>심폐소생술교육경험률및심폐소생술마네킹,AED실습경험률",16,6,208
수영구,2024,70 이상,207,AED 실습 경험률,2.2,1.1,49.5,,,최근 2년 동안,해당 하위집단 조사대상 응답자(19세 이상 표본),가중치 적용 조율,"<표>심폐소생술교육경험률및심폐소생술마네킹,AED실습경험률",16,8,208
수영구,2024,19-64,597,심폐소생술 교육 경험률,30.6,2.4,7.8,,,최근 2년 동안,해당 하위집단 조사대상 응답자(19세 이상 표본),가중치 적용 조율,"<표>심폐소생술교육경험률및심폐소생술마네킹,AED실습경험률",18,4,208
수영구,2024,19-64,597,마네킹 실습 경험률,28.6,2.3,7.9,,,최근 2년 동안,해당 하위집단 조사대상 응답자(19세 이상 표본),가중치 적용 조율,"<표>심폐소생술교육경험률및심폐소생술마네킹,AED실습경험률",18,6,208
수영구,2024,19-64,597,AED 실습 경험률,20.8,2.1,10.2,,,최근 2년 동안,해당 하위집단 조사대상 응답자(19세 이상 표본),가중치 적용 조율,"<표>심폐소생술교육경험률및심폐소생술마네킹,AED실습경험률",18,8,208
수영구,2024,65 이상,316,심폐소생술 교육 경험률,8.1,1.4,17.6,,,최근 2년 동안,해당 하위집단 조사대상 응답자(19세 이상 표본),가중치 적용 조율,"<표>심폐소생술교육경험률및심폐소생술마네킹,AED실습경험률",19,4,208
수영구,2024,65 이상,316,마네킹 실습 경험률,7.5,1.4,18.8,,,최근 2년 동안,해당 하위집단 조사대상 응답자(19세 이상 표본),가중치 적용 조율,"<표>심폐소생술교육경험률및심폐소생술마네킹,AED실습경험률",19,6,208
수영구,2024,65 이상,316,AED 실습 경험률,2.2,0.9,39.2,,,최근 2년 동안,해당 하위집단 조사대상 응답자(19세 이상 표본),가중치 적용 조율,"<표>심폐소생술교육경험률및심폐소생술마네킹,AED실습경험률",19,8,208
